data,numero,programado,decolagem,status,origem,destinos,aeronave,empresa,id
2026-09-30,509582292 🆕,17:30,,Previsto,Macapá,SBOI / SBMQ,PR-AQP ATR-72-600,Azul,fc451788-887e-4b74-bb9d-dbacb2244c04
2026-09-30,509582250,16:00,,Previsto,Aracaju,PCM-9,PR-AIE H145,Líder,64ceb6d0-c8a1-4e08-bec5-65517975b2e1
2026-09-30,509582291,15:30,,Previsto,Macapá,SBMQ / SBOI,PR-AQP ATR-72-600,Azul,04603d4f-d7e1-4489-9010-75102f0b15bb
2026-09-30,509581861,15:30,,Previsto,Macaé,SECR,PR-CGS AW139,CHC,6e0b9836-7cfd-4c40-8d39-66580569f670
2026-09-30,509581535,15:30,,Previsto,Vitória,UMGR / P-57,PS-BTL AW139,Bristow,58e28edd-7209-4a05-a5b0-4ff9ac8cf8a7
2026-09-30,509581707,15:25,,Previsto,Vitória,SKRE / SS81,PR-OTX AW139,Omni,bc4d1b86-0667-4fbc-ad9d-eefed1dc864d
2026-09-30,509581639,15:25,,Previsto,São Tomé,UMPC,PR-WSG AW139,Bristow,af047733-d148-484c-9664-12a3db2adf8a
2026-09-30,509581655,15:20,,Previsto,São Tomé,P-20,PR-JBP S-92A,Líder,5d6a441f-3890-473d-98b9-4d9df8b30cac
2026-09-30,509581678,15:10,,Previsto,São Tomé,UMLI,PR-JHI AW139,Líder,cb425041-5eb5-4a4d-9cbc-aaf3725b6c69
2026-09-30,509581635,15:10,,Previsto,Vitória,MOP1,PS-BTA AW139,Bristow,3811c1ca-1397-4e79-9b8f-a1e965ea8a46
2026-09-30,509582240,15:05,,Previsto,Jacarepaguá,NS45,PR-OHF S-92A,Omni,82b84dec-99a2-48e2-92b9-fb025e679f10
2026-09-30,509581854,14:55,,Previsto,Jacarepaguá,FPIT,PR-JBO S-92A,Líder,ec051168-8e0d-4675-9c97-78bad57993cb
2026-09-30,509581700,14:50,,Previsto,São Tomé,UMMA,PR-OOQ H175,Omni,f6ae9ff3-4a8d-429e-b29b-f2148ed904cc
2026-09-30,509581709,14:48,,Previsto,Jacarepaguá,FPCR,PR-JAR S-92A,Líder,01c0d623-d5ec-42e8-84f6-f6d3f78ffec4
2026-09-30,509581865,14:45,,Previsto,Maricá,UMAC / UMTJ,PR-BGT S-92A,CHC,d7c5827b-5070-41a5-a92e-cd7f1e704fad
2026-09-30,509581688,14:40,,Previsto,Jacarepaguá,FPMR,PR-JKJ S-92A,Líder,0d47e10f-af88-4b78-bf8e-f5e5a32fbd81
2026-09-30,509581623,14:40,,Previsto,Maricá,NS62,PR-CGN AW139,Omni,4752dd00-3450-4abb-8fff-462535ba25b5
2026-09-30,509581852,14:36,,Previsto,Jacarepaguá,UMAR,PR-OHG S-92A,Omni,df11a96f-6b9d-4986-b96e-66b417195b57
2026-09-30,509581860,14:35,,Previsto,Jacarepaguá,NS56,PR-CGO AW139,Omni,ef5ab689-686b-41e5-b60a-2efa0081a216
2026-09-30,509581622,14:35,,Previsto,Maricá,NS40,PR-OHK S-92A,Omni,b2a12d39-de78-429b-876a-7c830c06048f
2026-09-30,509582066,14:33,,Previsto,Jacarepaguá,FPSA,PR-OOR AW189,Omni,6d970501-5522-4328-8726-463640189eeb
2026-09-30,509581884,14:30,,Previsto,Maricá,P-79,PR-BGB S-92A,Omni,18359794-40c9-4707-9c59-60e0d46c185b
2026-09-30,509581853,14:25,,Previsto,Jacarepaguá,FPPA,PR-JBE S-92A,Líder,15256aae-644c-4202-8010-6b4c2cc6f2cb
2026-09-30,509581677,14:25,,Previsto,São Tomé,UMPC,PR-JBI S-92A,Líder,60b2bf25-d133-4b3b-853c-b868ef9654ba
2026-09-30,509581533,14:25,,Previsto,Maricá,UMPT,PR-OOL S-92A,Omni,330d5ee4-98b1-4cf8-af9b-426de7409506
2026-09-30,509581892,14:20,,Previsto,Jacarepaguá,SADI,PR-OHJ AW139,Omni,1379cda6-d2fe-436f-86a7-31b964cb5a13
2026-09-30,509580895,14:15,,Previsto,Jacarepaguá,FPSA / FPPA,PR-OTY AW189,Omni,60df1a9c-286c-43ec-9c3c-de3b73a3285a
2026-09-30,509581632,14:10,,Previsto,Maricá,UMTJ,PR-OHN AW139,Omni,2420f672-9560-4c59-8965-3286109f47aa
2026-09-30,509581937,14:05,,Previsto,Jacarepaguá,SKAU,PR-JHC AW139,Líder,0837f47e-f89f-4ee1-be2f-f104b67895b5
2026-09-30,509581866,14:05,,Previsto,Maricá,NS28 / DEBL,PR-CGK AW139,CHC,078476c5-5f55-4e18-a049-8dc03db7989c
2026-09-30,509581863,14:00,,Previsto,Cabo Frio,SRIO / SESU,PR-BGZ AW139,CHC,42da2158-5758-4c0d-854b-cce240adc0d4
2026-09-30,509581941,13:55,,Previsto,Cabo Frio,UMPA,PR-CGF S-92A,CHC,4426a7b6-6f18-4977-8ffb-b567595cf8bb
2026-09-30,509581940,13:50,,Previsto,Oiapoque,NS42,PR-OOX AW189,Omni,f26b9beb-ea1f-4550-9638-38c53ca1183b
2026-09-30,509581620,13:50,,Previsto,Cabo Frio,FPDC,PR-OOT AW139,Omni,07ef80f2-4a43-41a2-9291-ff5a3fa9cce5
2026-09-30,509581641,13:45,,Previsto,Vitória,UMGR,PS-BTK AW139,Bristow,96e2a3fc-eb70-464a-b35b-4c2aa2136a1a
2026-09-30,509581563,13:45,,Previsto,Cabo Frio,FPSE,PR-CGU AW139,CHC,31e66f5c-1ccc-4206-9d35-5ac5702407d8
2026-09-30,509581895,13:40,,Previsto,Cabo Frio,FPPL,PR-OHA AW139,Omni,9cc3b8d7-4477-41c0-a4a3-0fe8149c4948
2026-09-30,509581855,13:30,,Previsto,Macaé,SKNT,PS-BTP AW139,Bristow,cdd354a6-db5e-4415-ae04-d992cf3272f0
2026-09-30,509581679,13:25,,Previsto,São Tomé,NS44 / UMVV,PR-CCG S-92A,CHC,0d8fb3df-133c-450d-8290-3e361be8f9db
2026-09-30,509581683,13:20,,Previsto,São Tomé,NS32,PR-JHE AW139,Líder,cef81e40-2d6e-4553-b388-7a11302e2a51
2026-09-30,509581687,13:10,,Previsto,Macaé,SKOL,PS-CDT AW139,CHC,362c8c0e-bcb6-42c4-88d9-f242826131c8
2026-09-30,509581648,13:10,,Previsto,São Tomé,P-18,PR-JKM S-92A,Líder,ada5bd9e-e2b5-4cdd-99e8-2d8806f69008
2026-09-30,509581703,13:05,,Previsto,São Tomé,P-56 / P-38,PS-BTF AW139,Bristow,24e666bd-4f16-4ca5-aadd-69bb7a0dc430
2026-09-30,509581627,13:05,,Previsto,Macaé,NS41 / NS60,PS-BTO AW139,Bristow,b4a6f734-2646-4da9-b022-913976bb7346
2026-09-30,509581682,13:00,,Previsto,São Tomé,UMVV,PR-CPV S-92A,CHC,560be598-abe3-4470-827f-d571cb12b353
2026-09-30,509581636,13:00,,Previsto,Macaé,PGP1,PR-CGD S-92A,CHC,5c590e59-ace8-40f9-aae9-d2a5153aaffd
2026-09-30,509581634,12:50,,Previsto,Vitória,FPMQ,PR-OTX AW139,Omni,f95eaa58-da31-470f-8e56-c59d3ae31072
2026-09-30,509581676,12:45,,Previsto,São Tomé,UMPC,PR-OOQ H175,Omni,bd7b1183-bf69-4e69-815f-c9828e6cd762
2026-09-30,509581626,12:40,,Previsto,Macaé,PNA2,PR-CGS AW139,CHC,21934fbd-28f9-4b08-ab87-e256a982ff52
2026-09-30,509580874,12:40,,Previsto,São Tomé,P-48,PR-JBP S-92A,Líder,5d69c593-e886-495d-adfd-c73a38d82bfd
2026-09-30,509581675,12:35,,Previsto,São Tomé,P-38,PR-JHD AW139,Líder,e9453190-d097-491e-a0e5-6bbd544d558f
2026-09-30,509581876,12:30,,Previsto,Jacarepaguá,SAES,PR-OOA AW139,Omni,2e0c5e1c-040f-4fcf-9716-527f1dad38c9
2026-09-30,509581638,12:30,,Previsto,São Tomé,P-31,PR-JHI AW139,Líder,3d9b6a98-9362-4dd0-82ab-ca8968f81a68
2026-09-30,509581674,11:20,,Previsto,São Tomé,UMLI,PR-OTS H175,Omni,d6dd9ca0-17fe-4453-a957-5ff4189e307f
2026-09-30,509581704,11:15,,Previsto,Jacarepaguá,FPCS,PR-OHJ AW139,Omni,6f89174a-a9d6-4cfd-aa99-2901e0e84f36
2026-09-30,509581858,11:10,,Previsto,Jacarepaguá,NS33,PR-JAR S-92A,Líder,7f70b6c3-c462-4753-8ef2-f8937c99b551
2026-09-30,509581624,11:10,,Previsto,Vitória,P-57,PS-BTL AW139,Bristow,05cc020d-c3a1-4bd9-92fa-88e1f251a5c9
2026-09-30,509581869,10:55,,Previsto,Jacarepaguá,NS61,PR-OHF S-92A,Omni,eb0e99c8-b2de-4140-900d-35bdbc6d5afb
2026-09-30,509581719,10:50,,Previsto,Jacarepaguá,FPIB,PR-JBO S-92A,Líder,37d3982c-55ba-4c7c-9c2f-c8d4df7c75b1
2026-09-30,509581897,10:45,,Previsto,Jacarepaguá,P-71,PR-JHC AW139,Líder,07eb3a23-5367-4ad2-8ff8-386a3e8f425e
2026-09-30,509581621,10:40,,Previsto,Maricá,NS38,PR-OOC AW139,Omni,562b2959-93e0-4c40-9f93-b5a7ba39cb86
2026-09-30,509582242,10:35,,Previsto,Jacarepaguá,NS45,PR-OTU AW139,Omni,26a34ee8-45c0-4ccf-88c3-fef76530e36a
2026-09-30,509581631,10:35,,Previsto,Maricá,NS43,PR-CGN AW139,Omni,b96aa224-d7e7-40b8-afcc-9950b72a2b5a
2026-09-30,509581189,10:35,,Previsto,Cabo Frio,FPGU,PR-CGU AW139,CHC,19e366ed-92ba-4524-b99e-7a454e4036f8
2026-09-30,509581889,10:30,,Previsto,Oiapoque,NS42,PR-OOY AW189,Omni,f57da9c7-6b68-4fb8-9acc-1120f4c3085a
2026-09-30,509581857,10:30,,Previsto,Aracaju,PCM-9,PR-AIE H145,Líder,11beca4d-34c0-492f-94b4-c7ee96c9c702
2026-09-30,509581713,10:30,,Previsto,Fortaleza,PXA-01,PR-AEV H145,Líder,199fdfcb-667e-456b-8196-7a50bc1f83d8
2026-09-30,509581630,10:30,,Previsto,Maricá,P-77,PR-OHK S-92A,Omni,033f2954-eb24-4d87-b9c1-fe395fb8b6f5
2026-09-30,509580894,10:30,,Previsto,Jacarepaguá,FPSP,PR-CGO AW139,Omni,634e0e9c-075a-4781-be92-5d688d6f1aa2
2026-09-30,509581883,10:25,,Previsto,Maricá,P-76,PR-BGB S-92A,Omni,4d832129-7698-48ff-aa3a-bbbb69865236
2026-09-30,509581769,10:25,,Previsto,Maricá,UMAC,PR-BGT S-92A,CHC,e79de5bd-5b96-417b-98d4-48e03941fabf
2026-09-30,509581710,10:25,,Previsto,Jacarepaguá,P-70,PR-EPV S-92A,Líder,8df9d7b7-4ff3-4087-81bf-309eedcbe8f4
2026-09-30,509581898,10:22,,Previsto,Jacarepaguá,P-68 / P-67,PR-OHL AW139,Omni,6b35910d-5b00-4cdc-b9d3-28087a123351
2026-09-30,509581864,10:20,,Previsto,Maricá,P-75,PR-OOL S-92A,Omni,2c7fc473-f66b-4211-a590-da86d89a096a
2026-09-30,509581850,10:20,,Check In Aberto,Jacarepaguá,FPAR,PR-JKJ S-92A,Líder,8b65c7bd-3b54-4fec-bff0-e38a27c9e1f2
2026-09-30,509581763,10:15,,Previsto,Jacarepaguá,FPSP,PR-OHG S-92A,Omni,afdb470b-9495-477d-b88b-8cf7f664e64f
2026-09-30,509581195,10:15,,Check In Aberto,Cabo Frio,FPPL,PR-OHA AW139,Omni,177da0eb-6bb6-4e8e-a033-5f8ae37524ed
2026-09-30,509580884,10:15,,Previsto,Maricá,FPAT,PR-CGE S-92A,CHC,51ac26ff-45a2-4d8d-9ad6-2dcdf8303f33
2026-09-30,509581888,10:10,,Previsto,Oiapoque,NS42,PR-OOX AW189,Omni,ba7cfe00-fc84-4045-842e-1d6a8860698d
2026-09-30,509581681,10:10,,Previsto,São Tomé,NS63,PR-OFH H175,Omni,721bde73-4129-4ad3-8ca2-c44cc869456e
2026-09-30,509581198,10:10,,Previsto,Maricá,UMTJ,PR-OHV AW139,Omni,53bf070e-b716-4e97-88f7-2f819fef8f94
2026-09-30,509581194,10:10,,Check In Aberto,Cabo Frio,FPAD,PR-OOT AW139,Omni,5a849341-c0cd-4c43-b06d-2e0c03f82a19
2026-09-30,509582290,10:05,,Previsto,Macapá,SBOI / SBMQ,PR-AQP ATR-72-600,Azul,4461d1a4-d792-41fe-a481-663111f0f668
2026-09-30,509581912,10:05,,Check In Aberto,Cabo Frio,SESU,PR-BGZ AW139,CHC,bdec33de-ca06-44ed-aa64-595ef5d3ecce
2026-09-30,509581532,10:05,,Check In Aberto,Maricá,NS59,PR-CHT S-92A,Omni,b69e5b80-82ed-4872-af5f-1b1a20be0472
2026-09-30,509580893,10:05,,Check In Aberto,São Tomé,P-56,PR-OTS H175,Omni,ef8cc9df-2ab3-4dc7-8510-08ec15651609
2026-09-30,509581877,10:03,,Previsto,Jacarepaguá,FPIB / P-69,PR-OON AW189,Omni,825e0ed4-8555-4c71-a4d2-83e141fd2a9e
2026-09-30,509581647,10:00,,Previsto,São Tomé,SS75,PR-JHE AW139,Líder,c8b6c208-fbb0-4f6b-8899-63862817125f
2026-09-30,509581199,10:00,,Check In Aberto,Maricá,FPAB,PR-OHN AW139,Omni,465fea99-89d5-45cf-a96e-af912d1d2c9a
2026-09-30,509581882,09:55,,Previsto,Maricá,P-78 / UMAC,PR-CGK AW139,CHC,f8d8f53d-e276-4b37-abb1-72ced0743b3f
2026-09-30,509581656,09:55,,Check In Aberto,São Tomé,UMMA,PR-OOQ H175,Omni,42fd4d00-2ea5-409a-8ae1-e180a45a7ba5
2026-09-30,509581625,09:55,,Previsto,Macaé,SS83,PS-CDT AW139,CHC,02c3af79-77f4-4580-97cb-425ee5a02e1e
2026-09-30,509581686,09:50,,Check In Aberto,Vitória,P-58,PR-OTX AW139,Omni,eaa7df63-281b-4cdb-913e-1b0750394720
2026-09-30,509581680,09:45,,Previsto,São Tomé,NS44,PR-CCG S-92A,CHC,8deb872e-7c94-4c81-aeef-68d8d72191ea
2026-09-30,509581650,09:45,,Previsto,Macaé,FPCG,PS-BTP AW139,Bristow,936d39a7-ecac-4a82-a4df-af7e3161cd1c
2026-09-30,509582455 🆕,09:40,,Check In Aberto,São Tomé,NS31,PS-BTF AW139,Bristow,4bee8373-72cf-42e6-ad12-3cf8be3f9fc8
2026-09-30,509581891,09:40,,Check In Aberto,Cabo Frio,SATO / SKVI,PR-CGT AW139,CHC,6543bb2e-871b-4d34-8990-bc8d99dc2516
2026-09-30,509581646,09:40,,Check In Aberto,São Tomé,FSME,PR-WSG AW139,Bristow,3cff1887-b828-4388-8182-1e8f0370f033
2026-09-30,509581643,09:40,,Check In Aberto,Macaé,PGP1,PS-BTO AW139,Bristow,10169a5a-5198-4511-afe9-18dd45c3d581
2026-09-30,509581673,09:35,,Check In Aberto,São Tomé,P-47,PR-JHD AW139,Líder,df777ff8-5a08-4637-a660-0b095b4f42f4
2026-09-30,509581649,09:30,,Check In Aberto,São Tomé,P-55,PR-CPV S-92A,CHC,61b25223-a587-4140-b874-6eac6e5f257a
2026-09-30,509581672,09:25,,Check In Aberto,São Tomé,P-51,PR-JBP S-92A,Líder,0b7a41d1-28e1-49df-aaa7-3110438ce831
2026-09-30,509581539,09:25,,Check In Aberto,Macaé,SS73,PR-CGD S-92A,CHC,77fa6b6e-6b8d-48a0-a469-a599d9474a2b
2026-09-30,509581538,09:15,,Check In Concluído,Macaé,SS92,PR-CGS AW139,CHC,87ad4516-305a-496b-9ca3-584180a7a0b1
2026-09-30,509581671,09:10,,Check In Aberto,São Tomé,NS51 / P-43,PR-JHI AW139,Líder,d7c8a8a9-45ee-42e9-9782-7c9eb78f1d83
2026-09-30,509581640,09:10,,Check In Concluído,Vitória,CDAN,PS-BTA AW139,Bristow,0f0a17d2-57f9-4990-a1da-09afffda48cc
2026-09-30,509580888,09:05,,Check In Concluído,Aracaju,PA39,PR-AIE H145,Líder,4bff1e9c-5b11-45e4-96b3-315281e86fd5
2026-09-30,509581670,08:55,,Check In Concluído,São Tomé,NS31,PS-BTC AW139,Bristow,fed51422-174f-4b99-8e65-19fb576cbc7c
2026-09-30,509581633,08:40,,Esperando Embarque,Vitória,SS81,PS-BTK AW139,Bristow,e3a186c6-b7a1-44b2-9628-5b9fc96597f4
2026-09-30,509580819,08:05,,Previsto,Macapá,SBMQ / SBOI,PR-AQP ATR-72-600,Azul,b6fc65a3-f6d9-42c4-9772-a513d22b4f9b
2026-09-30,509582065,08:00,,Check In Aberto,Jacarepaguá,FPMA,PR-OOR AW189,Omni,560fd273-a531-4431-b8bb-9d920d29c364
2026-09-30,509581714,08:00,,Check In Concluído,Fortaleza,PXA-01,PR-AEV H145,Líder,86a1f6c5-d24e-46be-9fcb-d5c98ec34dd7
2026-09-30,509581718,07:50,07:53,Decolagem,Jacarepaguá,NS56,PR-JBE S-92A,Líder,8f96ee9d-f931-4440-8304-ff044629a494
2026-09-30,509581717,07:40,07:34,Decolagem,Jacarepaguá,UMAR,PR-JAR S-92A,Líder,822ab271-f63b-4666-8512-815f48733a91
2026-09-30,509581764,07:30,,Decolagem,Jacarepaguá,UMPA,PR-OHL AW139,Omni,7c36a317-88c3-45fa-9e6d-9ece543b861d
2026-09-30,509581896,07:25,07:34,Decolagem,Jacarepaguá,P-71,PR-OOA AW139,Omni,54abaf77-8cb7-4d08-8924-1e26c6f8471b
2026-09-30,509581761,07:25,07:23,Decolagem,São Tomé,P-52,PR-OFH H175,Omni,9ada076a-4243-45ed-82e5-8ea6f772a103
2026-09-30,509581073,07:24,07:22,Decolagem,Maricá,FPAB,PR-OHV AW139,Omni,4201cd6c-be7a-4a9e-9a63-c3e8bef6b7ee
2026-09-30,509582241,07:20,07:39,Decolagem,Jacarepaguá,NS55,PR-OTU AW139,Omni,4657ee78-b3a3-42f4-b109-47079b074ff7
2026-09-30,509581629,07:20,07:13,Pouso,São Tomé,PRA-1,PR-JHE AW139,Líder,f78b66cc-94e1-4c4e-8929-866e4b5efb1c
2026-09-30,509580892,07:20,07:15,Decolagem,Vitória,UMGR,PS-BTL AW139,Bristow,c1732920-a607-427d-aff8-880f29fc1ae6
2026-09-30,509580847,07:20,07:29,Decolagem,Maricá,UMAC,PR-OHK S-92A,Omni,453bda61-4896-4764-929f-72ce03f30ff4
2026-09-30,509581856,07:15,07:11,Decolagem,Maricá,P-74,PR-CGE S-92A,CHC,ed4d4419-da55-4883-92c7-46c6fc745af7
2026-09-30,509581762,07:15,07:11,Decolagem,Jacarepaguá,PMXL,PR-JHC AW139,Líder,db5a8f34-2d72-43cd-81c5-b9165b2e26d8
2026-09-30,509581654,07:15,07:30,Decolagem,São Tomé,P-31,PS-BTF AW139,Bristow,bc098423-ef5a-4b52-9ccc-6a0cbbb85701
2026-09-30,509581715,07:10,07:31,Decolagem,Jacarepaguá,PMLZ1,PR-OHJ AW139,Omni,95ef1bd0-5dcf-4f08-ab7c-758d2ec884dd
2026-09-30,509581645,07:10,07:17,Decolagem,São Tomé,UMLI / NS32,PR-JKM S-92A,Líder,d3c47d5d-ce7a-45d6-a156-0ba7f1a7d675
2026-09-30,509581509,07:10,06:58,Decolagem,Cabo Frio,FPSE,PR-OHA AW139,Omni,f9639c17-f3c5-496a-85f1-30f7a58d2bac
2026-09-30,509581197,07:10,,Esperando Embarque,Maricá,UMTJ,PR-CGW AW139,CHC,44240b63-afae-426d-88c4-4158544e4d6a
2026-09-30,509582064,07:05,07:13,Decolagem,Jacarepaguá,NS54,PR-OHF S-92A,Omni,d6631c9f-6dff-4cbc-a4e1-49ba85a3dabe
2026-09-30,509581890,07:05,,Check In Aberto,Maricá,P-78,PR-CGE S-92A,CHC,72f9b172-63d6-4acd-a0b6-a59869fcc3aa
2026-09-30,509581653,07:05,07:20,Decolagem,São Tomé,FPAN,PR-OOQ H175,Omni,b3593120-285b-49e7-8079-c59fb8284717
2026-09-30,509581711,07:00,06:49,Pouso,São Tomé,P-54,PR-CCG S-92A,CHC,439c32b9-e91e-494c-bd12-a0b6263bd0ec
2026-09-30,509581706,07:00,07:09,Decolagem,Jacarepaguá,NS47,PR-CGO AW139,Omni,98bb5f72-cbf9-4ca4-a57b-14508cb02451
2026-09-30,509581537,07:00,06:59,Decolagem,Macaé,PNA2,PS-BTP AW139,Bristow,b6ac6dfc-ba28-49f2-86e2-9cc0f2ae5436
2026-09-30,509581531,07:00,06:47,Pouso,Cabo Frio,FPGU,PR-OOT AW139,Omni,975d854b-a16c-4302-8c19-893e93591b2b
2026-09-30,509580887,07:00,07:09,Pouso,Aracaju,PA38,PR-AIE H145,Líder,fe6f6055-ce94-4078-989e-009bae85979e
2026-09-30,509580873,07:00,06:59,Pouso,Vitória,NS52 / P-58,PR-OTX AW139,Omni,da4f4e4d-1efb-48dd-b353-9c308c18a5b3
2026-09-30,509580844,07:00,06:52,Decolagem,Maricá,P-76,PR-CGN AW139,Omni,40075495-c74c-460b-bc13-ea03cca2d1e8
2026-09-30,509581886,06:55,06:46,Transferido,Cabo Frio,UMPA,PR-CGF S-92A,CHC,3594023f-95cf-438c-893f-9c5267bc32e4
2026-09-30,509581851,06:55,07:02,Decolagem,Jacarepaguá,FPMA,PR-OHL AW139,Omni,3e1127fd-56e4-4adf-8348-5b2e6f65480d
2026-09-30,509581628,06:55,06:56,Pouso,São Tomé,P-25,PR-WSG AW139,Bristow,194dc66d-f353-4565-8f1c-56334b0ee964
2026-09-30,509581196,06:55,07:20,Decolagem,Maricá,P-79,PR-OOL S-92A,Omni,db676c7b-db5b-4f5e-94fc-12141cfb089e
2026-09-30,509581867,06:50,07:04,Decolagem,Jacarepaguá,P-69,PR-JBO S-92A,Líder,ae82712c-9be5-4243-9a12-becbbd9b6146
2026-09-30,509581859,06:50,07:28,Decolagem,Cabo Frio,WAVE,PR-CGT AW139,CHC,5aa181af-3b3b-42f9-9f85-45dd91f257a8
2026-09-30,509581652,06:50,06:48,Pouso,São Tomé,UMLI,PR-JBP S-92A,Líder,a4ee01e4-e11d-42c3-8cd4-09a6fa6a1a34
2026-09-30,509581501,06:50,06:55,Decolagem,Maricá,UMAC,PR-OHN AW139,Omni,8b54f82c-fc8f-4140-86ee-322fe32e2549
2026-09-30,509580885,06:50,06:44,Decolagem,Macaé,NS41,PS-CDT AW139,CHC,9c03bb37-cadb-4354-86ea-748476e09d8c
2026-09-30,509581767,06:45,06:48,Decolagem,Jacarepaguá,P-68,PR-JKJ S-92A,Líder,70d9732a-ac11-4f43-b30f-752fff593ae4
2026-09-30,509581642,06:45,07:16,Decolagem,Macaé,P-09,PS-BTO AW139,Bristow,70408c20-7a42-4e11-8a81-7e8b91627d28
2026-09-30,509580886,06:45,06:44,Pouso,São Tomé,P-19,PR-JHD AW139,Líder,662cba6d-a5a9-4bd5-9ec5-3f4817d43fe3
2026-09-30,509581862,06:40,06:40,Pouso,Cabo Frio,SKVI,PR-BGZ AW139,CHC,699efe78-58cd-4a26-9f27-a73a9eca2a10
2026-09-30,509581765,06:40,07:19,Decolagem,Maricá,P-78,PR-CGK AW139,CHC,9c8a6821-1f7a-4649-b5ca-d7f28e687461
2026-09-30,509581684,06:40,06:40,Pouso,São Tomé,P-62,PR-CPV S-92A,CHC,9b0fac82-372b-49c2-bf00-c1a7acdec0e0
2026-09-30,509581766,06:35,06:37,Decolagem,Jacarepaguá,P-67,PR-OHG S-92A,Omni,becb4b91-1805-4fd4-95db-e5d2083da49d
2026-09-30,509581689,06:35,06:35,Pouso,Maricá,UMPT,PR-OOC AW139,Omni,79f19cf4-a265-4fd5-899e-e6b9df66722e
2026-09-30,509581644,06:35,06:38,Pouso,São Tomé,FPAG,PR-JHI AW139,Líder,c53b9a6a-557a-4ba9-940f-2efa5efe9b2b
2026-09-30,509581705,06:30,06:53,Decolagem,Jacarepaguá,P-66,PR-EPV S-92A,Líder,bacf89f0-9546-406f-a095-0afb78b75395
2026-09-30,509581651,06:30,07:34,Decolagem,São Tomé,P-43,PR-OTS H175,Omni,2609ce65-fd9f-49ac-bcc3-b1efce3027e1
2026-09-30,509581536,06:30,06:29,Pouso,Macaé,NS58,PR-CGD S-92A,CHC,a5ed490f-67d1-491a-a541-b7d102547d13
2026-09-30,509580540,06:30,,Atrasado,Maricá,UMAC,PR-CHT S-92A,Omni,c564c4f2-123d-4b6e-8d02-c9d66ff36480
2026-09-30,509581534,06:20,06:26,Pouso,Vitória,MOP1,PS-BTK AW139,Bristow,38da2d34-6690-4eb1-b50c-9fe31efd12ec
2026-09-29,509579882,16:10,,Previsto,Eduardo Gomes (Manaus),SBUY / SBEG,PR-AKE ATR-72-600,Azul,035531d0-865f-4ccb-a291-db0fb70e04b7
2026-09-29,509581733,16:00,,Cancelado,Oiapoque,,PR-OOX AW189,Omni,3abe20e7-e8fd-4518-8b33-819f6ac52b48
2026-09-29,509580927,16:00,15:30,Pouso,Jacarepaguá,NS61,PR-OTU AW139,Omni,918d63b1-49d9-4fb0-a1f2-f02b0cc74b8b
2026-09-29,509580323,15:50,15:53,Pouso,São Tomé,UMLI / P-47,PR-JHI AW139,Líder,fc2a0179-a572-4832-8bd4-029708fc5138
2026-09-29,509580559,15:45,15:29,Pouso,Macaé,NS60,PR-CGD S-92A,CHC,1c48e4b0-dbda-44c5-9a02-fb1131e7b63d
2026-09-29,509580324,15:45,15:39,Pouso,São Tomé,UMMA,PR-JBP S-92A,Líder,9ff2beb7-5b9b-4fa7-8883-dd74b4c431cf
2026-09-29,509580832,15:40,15:35,Pouso,Macaé,PGP1,PS-LSC AW139,CHC,14cfec15-4f97-4822-a561-765830f54be8
2026-09-29,509580310,15:35,15:24,Pouso,São Tomé,UMVV,PR-OTN H175,Omni,f303cf05-bee4-4c48-8d47-c3dbb5a07bfb
2026-09-29,509580939,15:25,15:24,Pouso,Vitória,SKRE / SS81,PS-BTL AW139,Bristow,a85166a2-0a58-4781-b852-b9c66f92926a
2026-09-29,509580558,15:20,15:26,Pouso,Vitória,UMGR,PR-OTX AW139,Omni,5fd50221-5b25-4d2a-9e31-d7252611ee2a
2026-09-29,509580301,15:20,15:31,Pouso,São Tomé,P-25,PR-WSG AW139,Bristow,3115bfe4-1a51-4e53-b85a-53acb99f1a81
2026-09-29,509580300,15:20,14:56,Pouso,São Tomé,UMVV,PR-CPV S-92A,CHC,7d3b8cdc-2a04-4316-84d8-9b03ee5e6959
2026-09-29,509580313,15:15,15:22,Pouso,São Tomé,UMPC,PR-JHD AW139,Líder,5b1280bb-43d2-4d5b-a0d8-ffc8fd2b014f
2026-09-29,509580806,15:10,14:54,Pouso,Vitória,MOP1,PS-BTK AW139,Bristow,14febc0a-d483-427b-a3e1-a9b37385f683
2026-09-29,509581184,14:45,14:47,Pouso,Jacarepaguá,FPCS,PR-OHR AW139,Omni,b1bbcd59-226b-402d-b813-a3d433e9a988
2026-09-29,509580847,14:40,,Transferido,Maricá,UMAC,PR-CHT S-92A,Omni,abd1df6b-1c31-48fd-9b61-2626637c4829
2026-09-29,509580910,14:35,14:31,Pouso,Jacarepaguá,NS56,PR-JKJ S-92A,Líder,7497c82f-3eca-438d-9318-5102c260943e
2026-09-29,509581053,14:30,14:07,Pouso,Cabo Frio,SKVI,PR-BGZ AW139,CHC,eefb1b69-8fe6-413f-be25-16b6c571e05d
2026-09-29,509580902,14:30,14:56,Pouso,Jacarepaguá,FPAR,PR-JBE S-92A,Líder,9c0ab9e0-f9b5-45e7-83cf-2d1cbd35c292
2026-09-29,509580846,14:30,14:23,Pouso,Maricá,UMTJ,PR-OHK S-92A,Omni,e00548ce-2157-4805-ad87-0694b308e81e
2026-09-29,509581078,14:25,14:38,Pouso,Maricá,NS43,PR-CGE S-92A,CHC,57eb798a-c527-4157-8905-c1ad8a76483c
2026-09-29,509580930,14:25,15:14,Pouso,Jacarepaguá,FPIB,PR-EPV S-92A,Líder,d0a1720d-3060-456a-ab19-0a29cdf2cebe
2026-09-29,509580247,14:25,15:28,Pouso,São Tomé,P-47,PS-BTF AW139,Bristow,365e011a-4829-4147-a0d8-85d358350e71
2026-09-29,509581658,14:20,14:18,Pouso,Maricá,DEBL / P-78,PR-OOC AW139,Omni,91723b6d-fd29-4d61-a4ed-e78087773d81
2026-09-29,509580928,14:20,14:10,Pouso,Cabo Frio,SATO,PS-FCB AW139,CHC,690ea632-41d6-4134-94d3-ec1c6bc83782
2026-09-29,509580901,14:20,14:27,Pouso,Jacarepaguá,P-66,PR-CGO AW139,Omni,ff028227-8d62-4f0f-8ccf-9f670c78a8d6
2026-09-29,509580853,14:20,15:11,Pouso,Maricá,P-76,PR-BGT S-92A,CHC,bf94ce22-f8ba-476c-93d7-8902c95fc311
2026-09-29,509581101,14:15,14:28,Pouso,Maricá,FPAD / P-78,PR-CGN AW139,Omni,58d640f7-c322-4623-9343-cc899536667a
2026-09-29,509580844,14:10,,Transferido,Maricá,P-76,PR-CGK AW139,Omni,b1e77645-0161-4d3f-a50e-4617084c6eec
2026-09-29,509581073,14:05,,Transferido,Maricá,FPAB,PR-OHV AW139,Omni,6341789c-723d-4509-bfb8-f5a121ce2947
2026-09-29,509580890,14:00,14:02,Pouso,Maricá,NS38 / NS62,PR-OOL S-92A,Omni,934bac4d-4a34-4f84-ab5d-55a8995a38a8
2026-09-29,509580348,14:00,,Cancelado,Cabo Frio,FPSE,PR-OHA AW139,Omni,633679e0-1cd0-4687-8715-0e3e2c628821
2026-09-29,509581502,13:50,13:44,Pouso,Jacarepaguá,NS33,PR-OTY AW189,Omni,d6150dda-3deb-40ab-8c3a-275e9baf7c5d
2026-09-29,509581501,13:50,,Transferido,Maricá,UMAC,PR-CGN AW139,Omni,bd8ea7c6-a530-4d1a-9c93-7e538a1231e9
2026-09-29,509580821,13:50,15:17,Pouso,Cabo Frio,FPSE,PR-CGU AW139,CHC,ae26d3d7-a787-4ffd-b946-3a75ab665020
2026-09-29,509581100,13:45,13:32,Pouso,Cabo Frio,FPGU,PR-OOT AW139,Omni,daca5fd1-115d-415e-a609-81eb976b0eb1
2026-09-29,509580805,13:45,13:51,Pouso,Vitória,UMGR,PS-BTA AW139,Bristow,8850828d-ff71-4c87-8e15-b2fb25adbc67
2026-09-29,509581079,13:40,13:35,Pouso,Cabo Frio,P-67,PR-CGF S-92A,CHC,84409e09-f2ea-4d62-bcac-94aaaede2b38
2026-09-29,509580929,13:35,13:34,Pouso,Jacarepaguá,P-71 / SAES,PR-JHC AW139,Líder,be527969-27d4-4251-8b85-deda8d514c16
2026-09-29,509580909,13:30,13:24,Pouso,Macaé,SKOL,PR-CGS AW139,CHC,982c997b-f708-4a8f-b8de-c36cc677defc
2026-09-29,509580905,13:30,13:28,Pouso,São Tomé,UMMA,PR-OOQ H175,Omni,2f6f4343-155c-483c-9206-8573a1878460
2026-09-29,509580839,13:30,13:17,Pouso,Jacarepaguá,FPSA,PR-JBO S-92A,Líder,a24f0a99-9e86-492d-a56b-c1ad0685a6bc
2026-09-29,509580843,13:15,13:13,Pouso,Macaé,PNA2,PS-BTP AW139,Bristow,31ee35ad-2ad6-40b7-a6e8-11d25edb093c
2026-09-29,509581002,13:10,12:57,Pouso,Jacarepaguá,NS45,PR-OHF S-92A,Omni,c7ab1243-0cd2-4523-aad9-1702eebabbb6
2026-09-29,509580279,13:10,14:40,Pouso,São Tomé,UMLI,PR-JHE AW139,Líder,c531f473-75ac-44b8-a863-c9842763b64a
2026-09-29,509580856,13:05,13:02,Pouso,Macaé,SKNT,PS-BTO AW139,Bristow,ed6b392b-8adc-4416-bad5-4a8922253777
2026-09-29,509580322,13:05,12:56,Pouso,São Tomé,P-19 / P-25,PR-JHI AW139,Líder,285900bd-4c5a-4125-8c99-b6cba4a1a23e
2026-09-29,509580859,13:00,13:28,Pouso,Jacarepaguá,UMAR,PR-OHG S-92A,Omni,37fef5c8-7390-4da0-b9a8-48525551dbc2
2026-09-29,509580312,13:00,13:55,Pouso,São Tomé,P-53,PR-JBI S-92A,Líder,e3461b82-f1e2-4dca-8f67-13816b06e833
2026-09-29,509580280,12:55,12:41,Pouso,São Tomé,NS44,PR-CCG S-92A,CHC,e3b8c774-3b1f-411a-98f4-951318de17d7
2026-09-29,509580851,12:50,12:46,Pouso,Macaé,FPCG,PS-LSC AW139,CHC,ee9af582-2d6c-47df-b76b-13db1b4006ea
2026-09-29,509580804,12:50,12:48,Pouso,Vitória,UMGR,PR-OTX AW139,Omni,37aec06e-f41a-4e6b-8bcb-bab4a9afaa73
2026-09-29,509580253,12:50,13:06,Pouso,São Tomé,FPAG,PR-WSG AW139,Bristow,b51bb714-5a18-4b84-be54-646faf832982
2026-09-29,509580842,12:45,12:41,Pouso,Macaé,NS58,PR-CGD S-92A,CHC,269f4b90-cc85-49ec-87dc-9d858fa903f7
2026-09-29,509580261,12:45,12:28,Pouso,São Tomé,NS63,PR-CPV S-92A,CHC,e9ae5531-86ac-4ffc-8fdb-7831f713e316
2026-09-29,509581058,12:40,12:43,Pouso,São Tomé,P-43 / P-53 / P-18,PS-BTF AW139,Bristow,bd6046bd-b29c-4c24-bb00-4683d8fbb0cd
2026-09-29,509580831,12:40,13:06,Pouso,Vitória,CDAN,PS-BTL AW139,Bristow,91e865c2-25b0-477b-a240-e6977597e4cf
2026-09-29,509580311,12:40,13:30,Pouso,São Tomé,P-51,PR-JBP S-92A,Líder,76a981c6-e8bd-4135-80a4-be893d81b1cb
2026-09-29,509580321,12:35,12:36,Pouso,São Tomé,FPAN,PR-JHD AW139,Líder,7fbe946c-e5f0-46a9-b610-5db0b7dc1a2f
2026-09-29,509581657,12:30,12:09,Pouso,Vitória,P-57,PS-BTK AW139,Bristow,3f794f2f-9304-49ba-a62e-0420361771bf
2026-09-29,509581181,12:30,12:50,Pouso,Jacarepaguá,P-71,PR-OOA AW139,Omni,453bf541-7de6-44eb-b9d7-e97ed870994b
2026-09-29,509581025,12:30,12:25,Pouso,São Tomé,P-56,PR-JHE AW139,Líder,cc2fe90f-1fa6-46b0-ba61-9431e6814a69
2026-09-29,509581191,12:20,12:24,Pouso,Jacarepaguá,FPCR / FPSP,PR-OHL AW139,Omni,035a167f-d4f0-4f91-abd0-a21fd1614763
2026-09-29,509580849,12:10,12:08,Pouso,Cabo Frio,P-67,PR-BGU S-92A,CHC,54999039-b3f5-415d-ae6a-cc547b6de030
2026-09-29,509581685,11:20,12:00,Pouso,São Tomé,P-53,PR-JBI S-92A,Líder,b31421f2-52b5-45b4-a7c2-493720f76e2a
2026-09-29,509580320,11:20,12:17,Pouso,São Tomé,UMPC,PR-JKM S-92A,Líder,06e5db21-1459-4cfc-b35a-9e1bceaa5bfa
2026-09-29,509581102,11:05,10:46,Pouso,Cabo Frio,SATO,PR-BGZ AW139,CHC,ef37a927-4416-49b6-984f-1341238e7faf
2026-09-29,509580588,11:00,10:56,Pouso,Aracaju,PA38,PR-AIE H145,Líder,6f5edaab-1114-41bb-a990-7794af05dd1a
2026-09-29,509581183,10:35,10:43,Pouso,Jacarepaguá,P-71,PR-OHR AW139,Omni,a91fff07-6c3f-4696-8bda-0377dacfba8b
2026-09-29,509580880,10:35,13:01,Pouso,Maricá,P-76,PR-CHT S-92A,Omni,0fac0d6b-dd7b-4146-befe-f626a7d090c7
2026-09-29,509580595,10:35,10:55,Pouso,Cabo Frio,SATO,PS-FCB AW139,CHC,b1cfbc4b-7036-429b-a637-da0bcdf98be1
2026-09-29,509581129,10:30,10:43,Pouso,Maricá,P-75,PR-CGE S-92A,CHC,2487c50d-1096-42da-9f0a-cf676bcf5996
2026-09-29,509581076,10:30,10:21,Pouso,Maricá,P-74,PR-OHK S-92A,Omni,49c87be3-743e-42cc-b84f-819d1ee2b80b
2026-09-29,509580935,10:30,10:32,Pouso,Fortaleza,PAT-03,PR-AEV H145,Líder,27b44bff-10dd-4f04-b506-01ce7eb5489c
2026-09-29,509580838,10:30,10:30,Pouso,Jacarepaguá,NS33,PR-OON AW189,Omni,a3b8661a-d304-4a53-aacf-b536f7e315df
2026-09-29,509580870,10:25,10:50,Pouso,Maricá,FPAT,PR-BGT S-92A,CHC,fd05966d-e1dd-410c-b1cc-5304ca244300
2026-09-29,509580858,10:25,12:54,Pouso,Jacarepaguá,FPMA,PR-OOR AW189,Omni,c6874b4a-70b4-4ac2-bca0-c43657d7186f
2026-09-29,509581057,10:20,12:34,Pouso,Maricá,NS59 / P-78,PR-CGK AW139,CHC,3d3caf5b-b53c-4cf5-b43a-4cd5d277eacd
2026-09-29,509580921,10:20,10:32,Pouso,Jacarepaguá,NS47,PR-JBE S-92A,Líder,04cc6a3b-43d6-4bb3-ad5f-18e3fd089696
2026-09-29,509580848,10:20,09:55,Pouso,Cabo Frio,UMCP,PR-BGU S-92A,CHC,6060016d-1c35-444a-972e-6a7966f344c8
2026-09-29,509580864,10:18,10:29,Pouso,Jacarepaguá,FPCS,PR-JHC AW139,Líder,266bdebe-a980-4bb2-9b44-d59d64b8e623
2026-09-29,509581701,10:15,13:10,Pouso,Maricá,NS28,PR-OHV AW139,Omni,85e95e95-ee69-41fa-8d05-7fece017eeda
2026-09-29,509580857,10:15,10:18,Pouso,Jacarepaguá,FPCR,PR-JKJ S-92A,Líder,5c86e0eb-ab91-4c04-9576-859baab45013
2026-09-29,509580251,10:15,10:13,Pouso,São Tomé,UMVV,PR-OTN H175,Omni,2a045f79-bbcc-4326-bdd3-a87da3e49760
2026-09-29,509581114,10:10,09:56,Pouso,Maricá,NS38,PR-OOC AW139,Omni,e7e43e05-c4af-466b-84dd-f7c52f85343e
2026-09-29,509581028,10:10,10:09,Pouso,Jacarepaguá,NS54,PR-OTS H175,Omni,da60b39c-0868-464d-a18a-23b88c71210d
2026-09-29,509580834,10:10,10:11,Pouso,Cabo Frio,FPDC,PS-CDR AW139,CHC,b39422a2-25d6-4e12-9873-6b1c1f23b4b0
2026-09-29,509580330,10:10,11:21,Pouso,São Tomé,UMMA,PR-OOQ H175,Omni,66174b9b-bda6-4c5d-a8d8-b2ccaceaa508
2026-09-29,509577801,10:10,10:06,Pouso,Vitória,MOP1,PR-OTX AW139,Omni,b920716e-2c3c-4bd2-9800-954236586194
2026-09-29,509580860,10:05,12:14,Pouso,Maricá,NS28,PR-OHN AW139,Omni,e63c6915-d0d4-4e1c-85a6-1675b3272128
2026-09-29,509581500,10:00,10:16,Pouso,Maricá,FPAB / UMTJ,PR-OOL S-92A,Omni,1b24c5df-1530-4d47-8ed7-75ee50536d61
2026-09-29,509580920,10:00,10:13,Pouso,Jacarepaguá,FPSP,PR-JAR S-92A,Líder,2279de4e-9594-4bc1-aa0f-905b2ca4113c
2026-09-29,509581054,09:55,09:29,Pouso,Cabo Frio,FPSE,PR-OOT AW139,Omni,210fccc1-1e36-497c-921a-2a2211deac19
2026-09-29,509580283,09:55,10:01,Pouso,São Tomé,SS75,PS-BTF AW139,Bristow,ff89b194-50ab-4f12-a1d6-6470baa6fe4e
2026-09-29,509581056,09:50,10:01,Pouso,Maricá,P-75,PR-CGN AW139,Omni,3f902d96-0ec6-4a9a-94d8-b19d543b6abd
2026-09-29,509580926,09:50,10:50,Pouso,Vitória,P-58,PS-BTA AW139,Bristow,0c526095-5c6a-4568-95c9-f6c64df4b5f4
2026-09-29,509580269,09:50,09:44,Pouso,São Tomé,P-31,PR-JHI AW139,Líder,88553bf9-1d31-4d10-bbcf-37ce09481bf7
2026-09-29,509580268,09:45,09:27,Pouso,São Tomé,P-53,PR-JBP S-92A,Líder,f3dd621e-982d-4ca4-b899-3c76654c613c
2026-09-29,509580259,09:45,09:26,Pouso,Macaé,P-09,PS-LSC AW139,CHC,7d93d839-c83d-44e3-a7be-5427a1440511
2026-09-29,509581050,09:40,09:31,Pouso,São Tomé,P-52,PR-OFH H175,Omni,f6d0511e-a2aa-4df6-b06f-8160cf66e5f4
2026-09-29,509580808,09:40,09:40,Pouso,Macaé,SS73,PS-BTP AW139,Bristow,5b77d3cf-7bfd-47d5-924d-2096a489c9f5
2026-09-29,509580587,09:40,09:40,Pouso,Aracaju,PA39,PR-AIE H145,Líder,85478bf9-d356-46c7-a664-18042a26c06a
2026-09-29,509580906,09:35,09:29,Pouso,São Tomé,P-56,PR-WSG AW139,Bristow,8d8e5cda-8b4f-430d-9a8d-96a4feb2056e
2026-09-29,509580904,09:30,09:16,Pouso,São Tomé,P-48,PR-JBI S-92A,Líder,fdd82fc6-09bb-4fa7-bed2-d4d6a8a76452
2026-09-29,509580840,09:30,10:24,Pouso,Vitória,P-57,PS-BTL AW139,Bristow,029b5cbc-b6b6-418c-8f15-ea8e073103fe
2026-09-29,509580907,09:25,09:19,Pouso,São Tomé,P-62,PR-CPV S-92A,CHC,a03acf59-feca-4ad1-8a9a-fd6566f07f3b
2026-09-29,509580258,09:25,09:18,Pouso,Macaé,NS41,PR-CGD S-92A,CHC,c43cad72-eb6b-471c-a751-465f65f5cb86
2026-09-29,509580282,09:20,09:48,Pouso,São Tomé,NS31 / P-48,PR-JHD AW139,Líder,72b681f1-cc75-40f0-be5b-34d99ec332a8
2026-09-29,509580903,09:15,09:15,Pouso,São Tomé,P-38,PR-JHE AW139,Líder,d8b7b05a-0d5c-4c8c-a32f-dc6af6c2480e
2026-09-29,509580925,09:10,09:18,Pouso,Vitória,P-58,PS-BTK AW139,Bristow,bf61787d-bb51-4e92-bbcf-2feff5bd08c5
2026-09-29,509580278,08:55,09:09,Pouso,São Tomé,P-20,PR-OOQ H175,Omni,07b04609-fef3-429b-9dad-1fba7910bcfa
2026-09-29,509580854,08:50,09:10,Pouso,Oiapoque,NS42,PR-OOY AW189,Omni,167c793d-f79f-4679-9e55-e49d586a5adb
2026-09-29,509580803,08:40,08:37,Pouso,Vitória,FPMQ,PS-BTA AW139,Bristow,57372ada-566b-4740-a0c2-af9177c7df6d
2026-09-29,509580570,08:40,08:14,Pouso,Cabo Frio,UMCP,PR-BGU S-92A,CHC,5d04906a-165a-4fbd-8cde-140353448dc8
2026-09-29,509580845,08:30,08:31,Pouso,Oiapoque,NS42,PR-OOX AW189,Omni,b113df6c-6a1d-47a6-9078-3ca88dcccfc5
2026-09-29,509580586,08:20,08:27,Pouso,Aracaju,PA39,PR-AIE H145,Líder,e9e39187-a4a0-4afd-bfad-d23b1fd01969
2026-09-29,509580908,08:00,08:04,Pouso,Fortaleza,PAT-03,PR-AEV H145,Líder,b443935b-2a73-4f71-af6e-8e9bfe62eddd
2026-09-29,509580557,08:00,08:04,Pouso,Macaé,P-51,PS-CDT AW139,CHC,c58190cf-289e-4c11-b3c8-176260ff28ca
2026-09-29,509580862,07:50,08:26,Pouso,Jacarepaguá,UMCP,PR-OHL AW139,Omni,6127251f-93ca-4ef1-adf1-2a526100cc80
2026-09-29,509580378,07:45,08:00,Pouso,Jacarepaguá,PMLZ1,PR-OOA AW139,Omni,35aec54d-28a9-428b-a71f-1972c57d92b5
2026-09-29,509580861,07:40,07:52,Pouso,Jacarepaguá,UMAR,PR-OOR AW189,Omni,01a91cdd-8a2d-4ef1-9897-acfd2afff06e
2026-09-29,509577800,07:40,08:00,Pouso,Vitória,MOP1,PR-OHB AW139,Omni,e17ae13e-d922-463c-8aa2-665a3f2b04cc
2026-09-29,509580267,07:35,07:42,Pouso,São Tomé,NS32,PS-BTF AW139,Bristow,663d6e14-ba03-4fb9-9ccd-5550e65210a6
2026-09-29,509580548,07:30,07:31,Pouso,Cabo Frio,SESU,PR-BGZ AW139,CHC,0e0e1299-4ef5-4b01-b2b5-7e51048b1ec6
2026-09-29,509580376,07:30,07:34,Pouso,Jacarepaguá,SRIO,PR-OHR AW139,Omni,4ff15fd3-d383-40e5-979d-3746d7cf4714
2026-09-29,509580833,07:25,07:56,Pouso,Maricá,P-79,PR-CHT S-92A,Omni,6f7ca049-5e04-4886-b1f2-e88fc28c485b
2026-09-29,509581055,07:20,07:09,Pouso,Maricá,UMAC,PR-OHK S-92A,Omni,aca0032b-eb24-4c51-8658-c3140d7ef989
2026-09-29,509580000,07:20,07:28,Pouso,Cabo Frio,SATO,PR-CGT AW139,CHC,4c343198-9bff-40f2-8069-c92af9c6417b
2026-09-29,509581052,07:15,07:13,Pouso,Jacarepaguá,NS55,PR-OHF S-92A,Omni,cb69e93a-06c7-48cc-8e47-a3fb132e64f4
2026-09-29,509580809,07:15,07:11,Pouso,Maricá,NS62,PR-BGT S-92A,CHC,2434a9f4-7951-4a3f-8a5c-1462118462eb
2026-09-29,509580246,07:15,06:50,Pouso,São Tomé,NS51,PR-JHI AW139,Líder,7c53b442-622a-42f9-bf6f-13dd27eb4af3
2026-09-29,509581637,07:10,08:37,Transferido,Maricá,UMAC,PR-OHV AW139,CHC,dafac66a-7518-4b78-a86e-90e35772ec50
2026-09-29,509581026,07:10,08:27,Pouso,Jacarepaguá,P-67,PR-JBO S-92A,Líder,87cdca6e-5a7b-456d-83b0-2ed09101501e
2026-09-29,509580852,07:10,07:14,Pouso,Maricá,P-74 / NS40,PR-CGE S-92A,CHC,a39a04e9-8f4b-4557-a727-63abf5c01b3c
2026-09-29,509580911,07:05,07:28,Pouso,Jacarepaguá,PMXL,PR-JHC AW139,Líder,ad16b432-6bd5-424e-9ecd-21e7199d2176
2026-09-29,509580835,07:05,06:58,Pouso,Maricá,P-76,PR-OOC AW139,Omni,eaaa6943-edf2-43e5-9b30-5dad22a64ec2
2026-09-29,509580252,07:05,07:03,Pouso,São Tomé,UMLI,PR-OOQ H175,Omni,bdcd6310-339d-4b59-b1e0-556344b2e138
2026-09-29,509580934,07:00,06:53,Pouso,São Tomé,P-54,PR-OFH H175,Omni,4be270fd-255a-4598-8c84-d4c6ee5474b8
2026-09-29,509580891,07:00,07:30,Pouso,Jacarepaguá,P-69,PR-OHG S-92A,Omni,daea7a34-d100-4fe2-a606-3eadc279afb1
2026-09-29,509580850,07:00,07:06,Pouso,Macaé,UMPC,PS-BTO AW139,Bristow,ee01bb5f-0bdc-4442-9ea9-e4f666e8832a
2026-09-29,509580585,07:00,06:59,Pouso,Aracaju,PA38,PR-AIE H145,Líder,6fbe34b0-57d7-4086-bd59-7bc037882355
2026-09-29,509580540,07:00,08:13,Transferido,Maricá,UMAC,PR-OHN AW139,Omni,ca6d836e-8d52-4327-8673-a16025c40ca4
2026-09-29,509580289,07:00,06:41,Pouso,Cabo Frio,FPPL,PS-CDR AW139,CHC,b8f32454-10df-4486-b1ba-83e387a24d5e
2026-09-29,509580288,07:00,06:58,Pouso,Vitória,SS81,PR-OTX AW139,Omni,cabcadfc-a770-4e79-b8bd-b753b3d61caf
2026-09-29,509581115,06:55,07:08,Pouso,Jacarepaguá,P-66 / UMAR,PR-CGO AW139,Omni,195cb546-b959-49c7-a7c1-d2b5bf09027e
2026-09-29,509581075,06:55,08:11,Pouso,Maricá,P-75,PR-CGK AW139,CHC,fcc7227b-8547-42c1-81ee-57b36d4b6e35
2026-09-29,509580277,06:55,06:51,Pouso,São Tomé,P-25,PR-WSG AW139,Bristow,5b675e51-4d58-48bf-8701-15894a893c5a
2026-09-29,509581113,06:50,07:03,Pouso,Maricá,P-77,PR-OOL S-92A,Omni,6db95bc3-289d-413f-9c45-92aeceae28c9
2026-09-29,509581029,06:50,06:38,Pouso,Cabo Frio,FPAD,PR-OOT AW139,Omni,e636173d-7183-4654-80ac-696642d19caf
2026-09-29,509580881,06:50,07:14,Pouso,Jacarepaguá,P-70,PR-JAR S-92A,Líder,b77003c9-3d79-4ef4-8ed3-45d442cc113f
2026-09-29,509580841,06:50,06:46,Pouso,Macaé,SS92,PR-CGD S-92A,CHC,24897da0-9d14-4fde-b36b-89b37dabe10c
2026-09-29,509580276,06:50,06:48,Pouso,São Tomé,UMLI,PR-JBP S-92A,Líder,1bac04ca-7e8a-44c4-a97c-33d3e9c427f4
2026-09-29,509580900,06:45,07:09,Pouso,Jacarepaguá,FPIT,PR-JKJ S-92A,Líder,aafa6dc7-8828-4c9b-8677-f96ab561bc2b
2026-09-29,509580807,06:45,06:50,Pouso,Macaé,SS83,PS-BTP AW139,Bristow,ec3833ca-3621-442b-970c-24529ab786f4
2026-09-29,509580544,06:45,06:52,Pouso,Cabo Frio,P-67,PR-CGF S-92A,CHC,beb8d0b7-11e4-43d8-ad9b-6c99e5b1e483
2026-09-29,509580319,06:45,06:55,Pouso,Maricá,NS40,PR-CGN AW139,Omni,e9058bb6-464e-4e11-b817-da12f6ec3558
2026-09-29,509580802,06:40,06:44,Pouso,Vitória,NS52,PS-BTK AW139,Bristow,a5cdcbae-694d-44da-ab61-c38f00aaa76b
2026-09-29,509580547,06:40,06:14,Pouso,Cabo Frio,UMCP,PR-BGU S-92A,CHC,37aed5de-43da-404a-b8a3-336dfa991972
2026-09-29,509580339,06:40,07:29,Pouso,Jacarepaguá,FPMA / P-67,PR-EPV S-92A,Líder,61f4a6c6-32b1-47bd-bc19-5ea7aa95d347
2026-09-29,509580234,06:40,06:32,Pouso,São Tomé,P-55,PR-CPV S-92A,CHC,624e60fd-96f3-4713-ac19-bef8c25f4ca1
2026-09-29,509580938,06:35,06:43,Pouso,Jacarepaguá,P-68,PR-JBE S-92A,Líder,63f0d785-e68f-4050-9bb1-592a2dec807f
2026-09-29,509580275,06:35,06:38,Pouso,São Tomé,P-31,PR-JHE AW139,Líder,1b8029fb-85d8-4794-b5f8-e33c60f1f2a7
2026-09-29,509580837,06:30,07:10,Pouso,Jacarepaguá,P-69 / FPAR,PR-OTY AW189,Omni,164858db-74c3-43d7-bf86-37d923396764
2026-09-29,509580347,06:30,08:23,Cancelado,Cabo Frio,FPSE,PR-CGU AW139,CHC,0b74c53a-59db-4fc7-822e-bb86698efb70
2026-09-29,509580237,06:30,06:36,Pouso,São Tomé,P-43,PR-JBI S-92A,Líder,b669594a-4d9d-44c6-8968-4c7ce6cf5250
2026-09-29,509580830,06:20,06:23,Pouso,Vitória,MOP1,PS-BTA AW139,Bristow,479a8f50-dfc9-415c-a18a-f80bf4df5b80
2026-09-28,509577959,18:00,,Previsto,Eduardo Gomes (Manaus),SBUY / SBEG,PR-AKE ATR-72-600,Azul,8b97c9f6-c65a-4b54-9c43-6667e887164e
2026-09-28,509580692,17:30,,Previsto,Macapá,SBOI / SBMQ,PR-AQR ATR-72-600,Azul,208c77e7-d52b-4f76-8790-de027fddd1d0
2026-09-28,509581182,16:00,16:05,Pouso,Vitória,P-57,PR-OHB AW139,Omni,91adc269-539a-44c8-8b90-afe9879f586a
2026-09-28,509580284,16:00,16:00,Pouso,Macaé,UMPC,PS-BTO AW139,Bristow,5f99cbe3-af1e-4b46-ba29-5af448c5d29e
2026-09-28,509580304,15:45,15:22,Pouso,Vitória,SS81,PR-OTX AW139,Omni,7c75cbc8-b4a5-4a4c-b467-c2b36c84c141
2026-09-28,509580266,15:45,15:28,Pouso,São Tomé,NS51,PR-WSG AW139,Bristow,5821ee95-4428-4b8e-82f5-7fa25a8020b5
2026-09-28,509580594,15:40,15:41,Pouso,Vitória,SARU,PS-BTA AW139,Bristow,41523b6c-7fa6-44a3-9871-5eaccda0ee2e
2026-09-28,509580239,15:40,15:32,Pouso,Macaé,SKOL,PS-LSC AW139,CHC,20d720e1-85d4-41f1-9d74-f5cd89376d2c
2026-09-28,509580245,15:35,15:18,Pouso,São Tomé,UMMA,PR-JBI S-92A,Líder,75c731cc-9618-4a12-b25b-9975811a2cc9
2026-09-28,509580377,15:30,15:39,Pouso,Jacarepaguá,FPCS,PR-OOA AW139,Omni,3e285afb-88cc-4e05-ab44-c959ff842630
2026-09-28,509580205,15:30,15:06,Pouso,São Tomé,UMVV,PR-CPV S-92A,CHC,63d5262e-497c-44ea-bd33-d829ac6dc2b2
2026-09-28,509577957,15:30,,Previsto,Eduardo Gomes (Manaus),SBEG / SBUY,PR-AKE ATR-72-600,Azul,19ceb426-1261-4758-9b45-b6d101ec668e
2026-09-28,509580265,15:25,15:07,Pouso,São Tomé,UMLI,PR-JBP S-92A,Líder,2392c3f4-a934-4688-a30e-07b44231f3f0
2026-09-28,509580326,15:10,15:01,Pouso,Vitória,MOP1,PS-BTK AW139,Bristow,d6617435-ce41-4a5a-8753-3c9c8c34f268
2026-09-28,509580244,15:10,15:12,Pouso,São Tomé,P-48,PR-OTP H175,Omni,65e8c29f-111a-4283-ac6e-56a597fbdef6
2026-09-28,509580264,15:05,15:02,Pouso,São Tomé,PRA-1,PS-BTF AW139,Bristow,249e2a81-367c-4388-9cdc-b14d4b0d0007
2026-09-28,509580552,14:45,14:48,Pouso,Maricá,UMTJ,PR-BGB S-92A,Omni,b39c7077-6fe4-492d-83c9-d8fd52ba7b7f
2026-09-28,509580317,14:45,14:35,Pouso,Jacarepaguá,NS55,PR-OTS H175,Omni,1098c304-610f-4592-9a7f-1dd63f00943c
2026-09-28,509580415,14:40,14:34,Pouso,Maricá,NS38,PR-OHK S-92A,Omni,49a1119e-98a7-4226-9965-727eda614564
2026-09-28,509580369,14:40,14:14,Pouso,Jacarepaguá,NS54,PR-OHF S-92A,Omni,26d6db6b-3eb1-41bd-b7c7-dbbcc867129e
2026-09-28,509580417,14:35,14:40,Pouso,Maricá,NS28,PR-CHT S-92A,Omni,1398cc28-a67d-4a89-9cde-93cab24b7291
2026-09-28,509580374,14:35,14:30,Pouso,Jacarepaguá,FPAR,PR-JAR S-92A,Líder,32f3d11c-4085-41d4-a30b-8af673d5fa6f
2026-09-28,509580554,14:30,15:12,Pouso,Maricá,NS62 / P-79,PR-CGK AW139,CHC,656b47f9-8cd9-44c4-83fd-015c2facd801
2026-09-28,509580549,14:30,14:52,Pouso,Jacarepaguá,P-68,PR-OOR AW189,Omni,e1f9b8d5-1000-46aa-8821-ef2de4980109
2026-09-28,509580540,14:25,,Transferido,Maricá,UMAC,PR-CGE S-92A,Omni,60519e07-296b-4bf0-af70-70ffd1b073ca
2026-09-28,509580531,14:25,14:21,Pouso,Jacarepaguá,FPMA,PR-EPV S-92A,Líder,339495f8-0563-4cd0-a2ce-214fe0dcf550
2026-09-28,509580281,14:25,14:25,Pouso,São Tomé,UMLI,PR-JHI AW139,Líder,60ea4355-fff1-41f0-af1c-7973a0922d92
2026-09-28,509580568,14:20,,Cancelado,Cabo Frio,SKVI,PR-CGT AW139,CHC,12c200a6-2199-455a-8f87-a06730761dfd
2026-09-28,509580551,14:20,14:19,Pouso,Maricá,UMPT,PR-OOC AW139,Omni,7b789e26-cc48-4635-94d5-119f21b994f8
2026-09-28,509580376,14:20,,Transferido,Jacarepaguá,SRIO,PR-JHC AW139,Omni,68f04fb3-7a21-431d-bc14-f61c85cd2f37
2026-09-28,509580561,14:15,14:31,Pouso,Maricá,P-77,PR-OOL S-92A,Omni,47bc72fe-45b8-4176-9ebf-fad5c3840c85
2026-09-28,509580544,14:15,,Transferido,Cabo Frio,UMPA,PR-BGU S-92A,CHC,d76c24e2-d374-4283-a5c3-fcafaf44d3be
2026-09-28,509580413,14:15,14:09,Pouso,Jacarepaguá,FPSP,PR-JBE S-92A,Líder,4ba92673-51ca-4f88-bbf5-3f18eeeebb35
2026-09-28,509580541,14:10,13:58,Pouso,Maricá,NS43 / NS40,PR-BGT S-92A,CHC,21bfe95b-230d-43c5-9256-60a69ca77a21
2026-09-28,509580419,14:05,14:14,Pouso,Maricá,UMAC / P-75,PR-CGN AW139,Omni,22e5adb2-7f75-43ab-8ced-9182cf3e6d40
2026-09-28,509580339,14:00,,Transferido,Jacarepaguá,FPMA / P-67,PR-OTY AW189,Líder,8fd66b19-8063-435a-bef8-f085ac977e68
2026-09-28,509580537,13:50,15:10,Pouso,Oiapoque,NS42,PR-OOX AW189,Omni,cdfe98a6-0089-4887-ac03-56447b08a7a4
2026-09-28,509580378,13:50,,Transferido,Jacarepaguá,PMLZ1,PR-OOA AW139,Omni,098a9f80-1033-4df4-b4a0-c641686ae0c8
2026-09-28,509580328,13:30,13:44,Pouso,Macaé,SECR,PR-CGS AW139,CHC,9f62b7ba-1a94-4d84-baa9-74a294314543
2026-09-28,509580236,13:25,13:09,Pouso,São Tomé,P-56,PR-OOQ H175,Omni,6236dcb3-96d7-4f10-8b4c-89e88da0eb8f
2026-09-28,509580546,13:20,13:35,Pouso,Cabo Frio,FPAD,PS-CDR AW139,CHC,a6888255-1f80-4744-94ea-2ddf623b5f95
2026-09-28,509580274,13:20,13:24,Pouso,São Tomé,NS31 / P-19,PR-JHE AW139,Líder,5e8d7cce-d166-4a5e-9367-4d4c875e761d
2026-09-28,509580563,13:10,13:25,Pouso,Cabo Frio,FPDC,PS-FCB AW139,CHC,0af9f048-24d8-4324-abb5-b550e4a3a365
2026-09-28,509580315,13:10,13:16,Pouso,Macaé,PNA2,PS-BTP AW139,Bristow,17b3681f-6dc4-4679-b280-e88d1d67d30d
2026-09-28,509580303,13:10,13:25,Pouso,Vitória,P-57,PS-BTA AW139,Bristow,a83617b5-16b4-4cbb-a2a5-9d9587b97690
2026-09-28,509580334,13:00,13:06,Pouso,Macaé,NS58,PS-CDT AW139,CHC,a6dcbc0e-06ad-46dd-9c6d-00c25621795e
2026-09-28,509580240,13:00,12:55,Pouso,São Tomé,P-54,PR-OTN H175,Omni,8cbfd49d-ceb1-45f4-bea9-97e250c5932d
2026-09-28,509580325,12:55,12:57,Pouso,Macaé,SS92,PS-LSC AW139,CHC,31572afd-5245-4304-92a4-a36fdc5796ad
2026-09-28,509580273,12:55,12:48,Pouso,São Tomé,P-51,PR-JBI S-92A,Líder,a4b51d17-ba5d-4b3f-b97c-aeb1e7c150ba
2026-09-28,509580362,12:50,13:05,Pouso,Vitória,P-57 / NS52 / FPMQ,PR-OHB AW139,Omni,f22a1ea6-d6e9-4ffa-84c6-68295639dd1b
2026-09-28,509580235,12:50,12:49,Pouso,São Tomé,SS75,PR-WSG AW139,Bristow,db0227ab-140b-4881-a270-194249925a52
2026-09-28,509580230,12:45,12:40,Pouso,São Tomé,P-52,PR-OFH H175,Omni,d0c37930-13dc-479f-bd5d-9f68b1f2a96f
2026-09-28,509580272,12:40,12:51,Pouso,São Tomé,NS32,PR-OTP H175,Omni,40bf3303-f065-42c5-80d5-d4cb0278e7e2
2026-09-28,509580254,12:40,12:36,Pouso,Macaé,NS41 / PGP1,PR-CGD S-92A,CHC,4e57e5ab-2af0-48cf-87b7-2caada5fdf18
2026-09-28,509580204,12:40,12:28,Pouso,São Tomé,P-55,PR-CPV S-92A,CHC,6cf6844f-ef79-40fa-9212-1f63033a901f
2026-09-28,509580271,12:35,12:45,Pouso,São Tomé,P-43,PR-JHD AW139,Líder,b7b7255f-3791-4aea-9bff-0e566488ce5e
2026-09-28,509580547,12:30,,Transferido,Cabo Frio,UMCP,PR-CGF S-92A,CHC,042fd84b-1fe3-4375-998a-b258d74e0773
2026-09-28,509580361,12:30,12:35,Pouso,Vitória,P-58,PS-BTK AW139,Bristow,28f05bc2-3ab6-4b6c-9bb7-9623f19eec07
2026-09-28,509580548,12:20,,Transferido,Cabo Frio,SESU,PR-CGT AW139,CHC,c20929e3-326a-4bb9-8614-1b536640fc55
2026-09-28,509579928,12:20,12:30,Pouso,Jacarepaguá,P-71,PR-OOA AW139,Omni,6832fc32-4a53-460b-951f-d550fdaada85
2026-09-28,509580263,11:20,11:06,Pouso,São Tomé,UMPC,PR-JBP S-92A,Líder,743a4349-d972-4a04-b138-4153a5b14129
2026-09-28,509580414,10:40,10:44,Pouso,Jacarepaguá,NS55,PR-OTS H175,Omni,b2923803-bde2-4fd0-bcfb-a6034f8b8f1c
2026-09-28,509580534,10:35,10:46,Pouso,Maricá,UMTJ,PR-BGB S-92A,Omni,d26969c2-e299-4b4f-9ef9-d998fa3c6852
2026-09-28,509580411,10:35,10:59,Pouso,Jacarepaguá,FPMR / UMAR,PR-OHL AW139,Omni,ad923c64-511b-448a-b416-ec2c4c2e21d5
2026-09-28,509580595,10:30,14:08,Transferido,Cabo Frio,SATO,PR-BGZ AW139,CHC,e0ada19c-5d80-42c0-bc78-8b447e003251
2026-09-28,509580543,10:30,12:31,Pouso,Oiapoque,NS42,PR-OOY AW189,Omni,bc59f7e7-9211-487e-b289-70bb758ee303
2026-09-28,509580416,10:30,10:40,Pouso,Maricá,UMPT,PR-CHT S-92A,Omni,d7ce3bdf-5cc9-4445-ad61-5a96f7373ee1
2026-09-28,509580570,10:25,13:56,Transferido,Cabo Frio,UMCP,PR-CGF S-92A,CHC,c2fdeb4d-843f-427e-8e42-66d6745e832d
2026-09-28,509580412,10:25,10:39,Pouso,Jacarepaguá,NS47,PR-JBQ S-92A,Líder,f31d2fbf-b553-49aa-ba51-c6e352cd746e
2026-09-28,509580556,10:20,12:42,Pouso,Jacarepaguá,SAES,PR-OTU AW139,Omni,f9cef7c0-472c-4d9b-ab7b-a5caae9fcc68
2026-09-28,509580333,10:20,10:21,Pouso,Macaé,FPCG,PR-CGS AW139,CHC,b62aea65-0df5-4b73-846e-4110e61a5258
2026-09-28,509580550,10:15,10:21,Pouso,Maricá,P-74,PR-OHK S-92A,Omni,75f84aea-d4d3-45ee-8b1e-b3b6d9308538
2026-09-28,509580538,10:15,09:59,Pouso,Cabo Frio,P-67,PR-BGU S-92A,CHC,2ee19126-04df-4794-8c51-0e3a8b514013
2026-09-28,509580262,10:15,09:58,Pouso,São Tomé,UMMA,PR-OOQ H175,Omni,32013094-5986-4600-aef6-335b1f4aab87
2026-09-28,509580542,10:10,12:57,Pouso,Maricá,NS59,PR-CGE S-92A,CHC,31a3ca6e-2b42-46fc-a53f-309b65bfebc5
2026-09-28,509580539,10:10,12:10,Pouso,Oiapoque,NS42,PR-OOX AW189,Omni,050ac328-1d7a-497b-be87-98e75bbb1676
2026-09-28,509580375,10:10,10:26,Pouso,Jacarepaguá,PMXL,PR-JHC AW139,Líder,321999ec-5cbe-4538-9747-51f2588a6b3c
2026-09-28,509580567,10:08,13:08,Pouso,Jacarepaguá,SEDO,PR-JHC AW139,Líder,86e203e6-eaab-43e0-90e9-deca0cb0b6eb
2026-09-28,509580373,10:05,10:04,Pouso,Jacarepaguá,NS33 / UMCP,PR-JAR S-92A,Líder,809a53c8-cfad-49e7-af88-11a29fb50449
2026-09-28,509580318,10:05,11:04,Pouso,Maricá,FPAB,PR-CGK AW139,CHC,39cc4103-6bc8-49e4-8e73-6ef0bcc882f1
2026-09-28,509580560,10:00,10:43,Pouso,Maricá,NS40,PR-OOL S-92A,Omni,780b4df6-7477-48b0-a1c2-d4904d50dedd
2026-09-28,509580410,10:00,10:26,Pouso,Jacarepaguá,FPMR,PR-JBO S-92A,Líder,c4d6748d-c479-402d-8e9d-ce0488aa8fc3
2026-09-28,509580327,10:00,09:57,Pouso,Aracaju,PA38,PR-AIE H145,Líder,bfde9ae5-e901-4a12-9ff6-7d414337292e
2026-09-28,509580270,10:00,09:53,Pouso,São Tomé,P-47,PR-JHE AW139,Líder,fe487489-9e63-4b9e-b235-498ba79adcc5
2026-09-28,509580555,09:55,09:32,Pouso,Cabo Frio,FPDC,PR-OOT AW139,Omni,cb7da144-3d64-4bb5-82bf-27003226a854
2026-09-28,509580329,09:55,10:02,Pouso,Jacarepaguá,P-70,PR-CGO AW139,Omni,89457f5b-5e4d-4275-9068-756e6df71388
2026-09-28,509580209,09:55,09:36,Pouso,São Tomé,NS31,PS-BTF AW139,Bristow,5f98082b-e7ae-4957-8017-4b3cbf64e489
2026-09-28,509580418,09:50,09:55,Pouso,Maricá,P-74 / P-78,PR-CGN AW139,Omni,e1653eaf-1e03-4fbf-8520-d1cc06e7f2c2
2026-09-28,509580363,09:50,10:06,Pouso,Vitória,UMGR,PS-BTL AW139,Bristow,0d8beb33-bacb-4fe4-8ce3-53f213e163ff
2026-09-28,509580545,09:45,09:52,Pouso,Cabo Frio,FPGU,PS-CDR AW139,CHC,e50e5855-bbc1-4f40-a6fe-3daad4bf7bd0
2026-09-28,509580248,09:45,09:25,Pouso,Macaé,NS60,PS-CDT AW139,CHC,7c07d43d-b050-47a3-9e79-e507ae22f810
2026-09-28,509580332,09:40,09:40,Pouso,Macaé,SS73,PS-BTP AW139,Bristow,3682b265-6aea-4d81-b4b0-5ddc1174ae6c
2026-09-28,509580562,09:35,09:35,Pouso,Cabo Frio,FPSE,PS-FCB AW139,CHC,0dcf034d-ce20-429c-a4d3-722e98093f97
2026-09-28,509580255,09:30,09:42,Pouso,Vitória,UMGR,PR-OTX AW139,Omni,20b7917f-a23d-4444-b319-6edc34deb1df
2026-09-28,509580238,09:30,09:29,Pouso,Macaé,SS83,PS-LSC AW139,CHC,79521cab-d9dc-48be-a4a0-78c4af474b7c
2026-09-28,509580208,09:30,09:23,Pouso,São Tomé,P-18,PR-JBI S-92A,Líder,2ebe3b97-e128-41f9-b169-8d83e7ebb70d
2026-09-28,509580314,09:25,09:20,Pouso,Macaé,PGP1,PR-CGD S-92A,CHC,819b45fa-a98b-4c72-8869-ccb6f422804d
2026-09-28,509580203,09:25,09:16,Pouso,São Tomé,UMVV,PR-CPV S-92A,CHC,f2fca76b-5d6f-42b7-b4cc-b789d7d80264
2026-09-28,509580233,09:15,08:27,Pouso,São Tomé,FPAG,PR-JHD AW139,Líder,386f52a7-8879-4825-b4c6-9bbb405050b6
2026-09-28,509580243,08:55,08:52,Pouso,São Tomé,P-20,PR-JBP S-92A,Líder,c89710e1-78ff-41af-95d9-e094767e8164
2026-09-28,509580360,08:40,08:52,Pouso,Vitória,UMGR,PS-BTA AW139,Bristow,7c62a1a3-0bcd-412d-992d-b53d57e871cc
2026-09-28,509580256,08:30,08:29,Pouso,Aracaju,PA38,PR-AIE H145,Líder,4824c158-92ba-4353-a369-9a9f0136098b
2026-09-28,509579962,08:30,09:40,Pouso,Cabo Frio,UMCP,PR-CGF S-92A,CHC,2a92b3b3-4fd4-4b17-be02-7ffbae154c78
2026-09-28,509580530,08:00,09:30,Pouso,Jacarepaguá,P-71,PR-OOA AW139,Omni,afb653a0-f25c-4fb6-9048-95c0130f9d9d
2026-09-28,509578126,08:00,08:16,Pouso,Macaé,P-53,PS-BTO AW139,Bristow,fded7f89-140f-481d-9ba5-4f2d04ff3994
2026-09-28,509580598,07:40,07:59,Pouso,Cabo Frio,SATO,PR-CGT AW139,CHC,664f4163-936a-47c5-9551-a2f8e393d316
2026-09-28,509580709,07:35,07:45,Pouso,São Tomé,PRA-1 / NS51 / P-25,PR-JHI AW139,Líder,4ebb9cd4-9e1c-4b2a-bfc8-53c9bc8e9cc2
2026-09-28,509580365,07:35,07:35,Pouso,Jacarepaguá,NS56,PR-JKJ S-92A,Líder,23837405-759c-425c-938e-b1aa5465ddd5
2026-09-28,509580533,07:25,10:56,Pouso,Maricá,P-76,PR-OOC AW139,Omni,723c82d5-9f2c-4496-b37a-75b40330fbde
2026-09-28,509580379,07:20,08:20,Pouso,Maricá,FPAT,PR-BGT S-92A,CHC,48021cff-dc80-41ed-ae20-34a711840afe
2026-09-28,509580335,07:20,07:20,Pouso,Vitória,CDAN,PS-BTK AW139,Bristow,d8b49b3d-6ce1-4dcf-ad49-3da5493539bb
2026-09-28,509580316,07:20,07:47,Pouso,Jacarepaguá,P-66,PR-OOR AW189,Omni,13ae5174-ee13-4204-b086-f6a490761bbd
2026-09-28,509580000,07:20,08:55,Transferido,Cabo Frio,SATO,PR-BGZ AW139,CHC,fdf26bdf-1b06-45b4-bf52-e11e1c26d8d1
2026-09-28,509580207,07:15,07:19,Pouso,São Tomé,P-25,PS-BTF AW139,Bristow,141096bc-7b3e-439b-aa2f-9b9e452dc5ee
2026-09-28,509579901,07:15,07:41,Pouso,Jacarepaguá,FPSP,PR-OHG S-92A,Omni,8b419117-2d7b-4b1d-adcd-24d401a00557
2026-09-28,509577333,07:15,07:15,Pouso,Macaé,P-56,PR-CGS AW139,CHC,64a064dd-0dad-45e5-b43c-4909e8ef2df5
2026-09-28,509580565,07:10,07:16,Pouso,São Tomé,P-54 / NS63 / NS44,PR-OFH H175,Omni,06e821aa-1249-402f-bf98-598ae002ec94
2026-09-28,509580532,07:10,07:07,Pouso,Maricá,P-79,PR-OHV AW139,Omni,7da13adc-4eb8-40aa-946f-16d327b2b8a0
2026-09-28,509580368,07:10,07:16,Pouso,Jacarepaguá,NS61,PR-OTS H175,Omni,7d6a3d42-b3c9-4a15-b464-4230c5b5223d
2026-09-28,509580260,07:10,07:13,Pouso,São Tomé,P-56,PR-JHE AW139,Líder,3ac52533-deb2-4ef5-b4bb-f68b262c0c25
2026-09-28,509580536,07:05,07:40,Pouso,Maricá,P-78,PR-CGK AW139,CHC,56b05837-605a-4399-9b1a-10e4b0223b3f
2026-09-28,509580242,07:05,07:21,Pouso,São Tomé,UMLI,PR-OTP H175,Omni,84f4a950-8ba3-4ec6-a052-ee9947e7a1c7
2026-09-28,509580564,07:00,06:51,Pouso,Aracaju,PA39,PR-AIE H145,Líder,75065583-c434-468c-ac19-91a735a31f72
2026-09-28,509580367,07:00,07:07,Pouso,Jacarepaguá,NS45,PR-OHF S-92A,Omni,782396fd-451c-405f-832b-e32965aa4600
2026-09-28,509580305,07:00,07:01,Pouso,Vitória,SKRE,PS-BTL AW139,Bristow,8c094788-9552-46f0-bbbb-c69579cb25a6
2026-09-28,509580202,07:00,07:16,Pouso,São Tomé,UMVV,PR-OTN H175,Omni,5899d27a-f6bf-4377-866f-9f17772b4bb3
2026-09-28,509579917,07:00,07:49,Pouso,Maricá,NS40,PR-OOC AW139,Omni,b6f42723-2e34-4796-8470-f05671fd5caa
2026-09-28,509580308,06:55,06:55,Pouso,Jacarepaguá,FPSA,PR-EPV S-92A,Líder,815fafe1-447b-4567-b96c-b138335c53a9
2026-09-28,509580232,06:55,06:54,Pouso,São Tomé,UMLI / P-38,PR-WSG AW139,Bristow,1b9c47ac-3f8b-445a-b595-45db04c265e9
2026-09-28,509579908,06:55,06:47,Pouso,Maricá,UMPT,PR-BGB S-92A,Omni,70981951-09fc-4bdd-b596-101b6d0a7d34
2026-09-28,509580336,06:50,07:18,Pouso,Vitória,UMGR,PR-OHB AW139,Omni,34f1aebe-addc-405c-8266-3a68a60472fa
2026-09-28,509580241,06:50,06:53,Pouso,São Tomé,UMMA,PR-JBI S-92A,Líder,2c74dd0f-6679-4b2f-b5ac-b3cd7a8f7694
2026-09-28,509579976,06:50,06:32,Pouso,Cabo Frio,UMCP,PR-CGF S-92A,CHC,80bb077f-534b-4db3-83f4-3ca4513e3f2a
2026-09-28,509579909,06:50,07:19,Pouso,Maricá,P-78,PR-CHT S-92A,Omni,8827dc94-372f-4781-956e-a1673747b876
2026-09-28,509580553,06:45,07:01,Pouso,Maricá,UMAC,PR-CGN AW139,Omni,c512cfd8-4520-466b-a19a-818e69b9775c
2026-09-28,509580338,06:45,06:57,Pouso,Jacarepaguá,P-69,PR-JBE S-92A,Líder,b4de5f4b-ee13-4651-ac69-bf9194f4f733
2026-09-28,509580331,06:45,06:45,Pouso,Macaé,P-09,PS-LSC AW139,CHC,b23d1313-64cb-4b08-a21f-07e7dd3d4563
2026-09-28,509580231,06:45,06:47,Pouso,São Tomé,FSME,PR-JHD AW139,Líder,3b2621f6-71c7-4495-85e8-6035f3798609
2026-09-28,509579954,06:45,06:38,Pouso,Cabo Frio,P-67,PR-BGU S-92A,CHC,38c8bc74-c028-4dc9-b76e-984ee8ae6915
2026-09-28,509580337,06:40,07:21,Pouso,Jacarepaguá,FPPA,PR-JBQ S-92A,Líder,d93bda21-e86a-4335-8666-ba76584c8934
2026-09-28,509579961,06:40,07:09,Pouso,Maricá,NS43 / P-74,PR-OOL S-92A,Omni,cc660098-430d-48e8-967e-37177631241f
2026-09-28,509579865,06:40,06:38,Pouso,Macaé,NS60,PS-CDT AW139,CHC,e750977f-682b-4831-8f45-da39815d97d1
2026-09-28,509579951,06:38,07:34,Pouso,Jacarepaguá,SAES,PR-OTU AW139,Omni,c1ef2a32-e3f1-4b9f-ac22-6329933621ef
2026-09-28,509580206,06:35,06:36,Pouso,São Tomé,FPAN,PR-OOQ H175,Omni,ccc5cf64-424b-46a0-9b70-1c52417c6e2e
2026-09-28,509579971,06:35,06:40,Pouso,Cabo Frio,FPSE,PS-CDR AW139,CHC,fdad8da8-aca3-4553-8862-dd4d2504c160
2026-09-28,509579950,06:35,07:03,Pouso,Maricá,NS28,PR-OHK S-92A,Omni,066fab6c-117e-4cff-b708-891a30aa84e7
2026-09-28,509579838,06:35,06:41,Pouso,Macaé,NS58,PS-BTP AW139,Bristow,6684b50f-9ccc-446b-8655-3119d3fc8edf
2026-09-28,509580372,06:30,06:52,Pouso,Jacarepaguá,FPCR / FPIT,PR-OON AW189,Omni,d4f756a6-a61e-4c98-95ad-12caa269552a
2026-09-28,509580250,06:30,06:36,Pouso,São Tomé,UMPC,PR-JBP S-92A,Líder,8a08428c-a085-45a8-954e-258bfae7c264
2026-09-28,509579963,06:30,06:37,Pouso,Cabo Frio,FPAD,PS-FCB AW139,CHC,36c33f04-6a38-45d3-9d05-61b05b9a9151
2026-09-28,509579837,06:30,06:46,Pouso,Macaé,PGP1,PR-CGD S-92A,CHC,c9bb64d0-11c5-4eca-ad2f-e928d396272d
2026-09-28,509579808,06:30,06:43,Pouso,Vitória,UMGR,PR-OTX AW139,Omni,4d27dede-5562-442b-b66b-a668ca74d6df
2026-09-28,509579069,06:30,06:49,Pouso,Maricá,P-74,PR-CGE S-92A,CHC,da3a11da-086e-49c6-80a4-751ed92127ef
2026-09-28,509580249,06:20,06:27,Pouso,Vitória,MOP1,PS-BTA AW139,Bristow,34394ae6-6033-4826-ae43-4998fa4ef5dc
2026-09-27,509579987,16:00,15:36,Pouso,São Tomé,UMPC / SS75,PR-OOQ H175,Omni,7186d99b-0078-4656-8c5b-b9fc3985e1aa
2026-09-27,509579989,15:45,15:21,Pouso,São Tomé,P-52,PR-OTN H175,Omni,70abf4e8-5fe9-4bc3-af6b-6686bb901d4e
2026-09-27,509579879,15:45,15:18,Pouso,São Tomé,UMLI,PR-OTP H175,Omni,d4e5b297-cd7c-40b3-80e3-5f5763c7a69b
2026-09-27,509579898,15:40,15:36,Pouso,São Tomé,P-18 / P-20,PR-JHD AW139,Líder,908c07e4-3d7e-475b-b763-90b6a6260ea9
2026-09-27,509579887,15:25,15:07,Pouso,São Tomé,UMMA,PR-JBP S-92A,Líder,5b27e585-525b-4629-bd81-fbcc4d082912
2026-09-27,509579766,15:20,15:15,Pouso,Macaé,SS83,PR-CGD S-92A,CHC,57ff30bb-e172-4266-988f-f6936d0bf04d
2026-09-27,509579868,15:10,14:59,Pouso,Vitória,MOP1,PR-OTX AW139,Omni,d494e936-4024-464b-b520-3c0894923bf1
2026-09-27,509579986,15:05,14:42,Pouso,São Tomé,UMPC,PS-BTC AW139,Bristow,3dc9903d-260e-46b3-b89e-cdeb97eda316
2026-09-27,509580070,15:01,14:37,Pouso,Jacarepaguá,UMAR,PR-JBO S-92A,Líder,ab9e367b-090d-4ed6-b011-e91bbbd45838
2026-09-27,509579931,14:56,14:47,Pouso,Jacarepaguá,P-70,PR-OTY AW189,Omni,c90311fc-6f8f-4c71-a6c8-f983e4cbf123
2026-09-27,509579928,14:53,,Transferido,Jacarepaguá,P-71,PR-OTU AW139,Omni,c43f6448-9f42-4c4e-8a7f-40be0669f105
2026-09-27,509579970,14:45,14:39,Pouso,Maricá,P-76 / UMPT,PR-OOC AW139,Omni,1e93d8c8-9ded-4e6b-9468-32c8c0701ae6
2026-09-27,509579904,14:45,14:23,Pouso,Jacarepaguá,UMAR,PR-OOR AW189,Omni,4b6948f1-3705-4505-9d0a-0ec31ac5ae12
2026-09-27,509580566,14:40,,Cancelado,Jacarepaguá,FPCR,PR-OTU AW139,Omni,4dd33509-9119-4100-9997-b3f8d4f516a4
2026-09-27,509579934,14:40,15:06,Pouso,Jacarepaguá,NS54 / NS61,PR-OHF S-92A,Omni,3a132650-f9c4-4b87-938b-ceaede5f6b91
2026-09-27,509579960,14:36,15:02,Pouso,Jacarepaguá,PMXL,PR-OOA AW139,Omni,2adb5e6e-100d-495a-9987-5ddb4d3de83d
2026-09-27,509579929,14:35,14:36,Pouso,Maricá,NS38,PR-OHK S-92A,Omni,c1005a8d-346a-47a1-a1a8-3ba9fbaa9d07
2026-09-27,509579937,14:33,,Cancelado,Jacarepaguá,SADI,PR-JHC AW139,Líder,00fe066a-7bb2-4339-8053-ae07217861ac
2026-09-27,509579930,14:30,14:14,Pouso,Jacarepaguá,NS56,PR-JKJ S-92A,Líder,72226386-9cf4-4226-ae45-00ee3ae3ecca
2026-09-27,509579922,14:25,14:17,Pouso,Jacarepaguá,NS47,PR-JBE S-92A,Líder,b70ef0a9-525d-4be1-a1bd-8f49b65f5408
2026-09-27,509579886,14:25,14:18,Pouso,São Tomé,P-38 / P-43,PR-JKM S-92A,Líder,186b9b73-ec76-4cac-86a7-4126008375aa
2026-09-27,509579926,14:20,14:21,Pouso,Maricá,P-79 / UMAC,PR-CGE S-92A,CHC,eddf73a0-0117-4d30-bee2-bd4d157f22e2
2026-09-27,509579956,14:15,14:19,Pouso,Jacarepaguá,P-66,PR-EPV S-92A,Líder,9c5b3c00-92c2-41d0-8682-ad15aea407b8
2026-09-27,509579935,14:15,14:39,Pouso,Maricá,UMTJ,PR-CHT S-92A,Omni,6bd87ad3-6ce0-4c43-9011-9967ee25a6e5
2026-09-27,509579925,14:10,14:22,Pouso,Maricá,NS40,PR-CGK AW139,CHC,e675fee3-e5e9-40f2-a2d8-3816b53264e9
2026-09-27,509579921,14:10,14:21,Pouso,Jacarepaguá,FPIB,PR-OON AW189,Omni,2307019a-f5d1-429c-bc6c-1ed094b094ef
2026-09-27,509579972,14:05,14:02,Pouso,Cabo Frio,FPPL,PR-OOT AW139,Omni,6694e534-d6e3-4825-95e4-790af0caf080
2026-09-27,509579924,14:05,14:16,Pouso,Maricá,P-79,PR-OOS AW139,Omni,5a4e548c-076d-4558-b568-7fd1b3ec3c57
2026-09-27,509579994,14:00,14:07,Pouso,Maricá,P-75 / P-74,PR-CGN AW139,Omni,71b0b22a-945a-45bd-beb1-d43b01cccd69
2026-09-27,509579939,13:55,13:58,Pouso,Cabo Frio,UMPA,PR-CGF S-92A,CHC,f2390cd8-1459-4653-9054-45337872b331
2026-09-27,509579971,13:50,,Transferido,Cabo Frio,FPSE,PS-CDR AW139,CHC,b27fe06e-2bfb-4bab-a073-c961ff301f5f
2026-09-27,509580353,13:45,14:11,Pouso,Jacarepaguá,P-69,PR-OHL AW139,Omni,328dec76-b8a6-4c35-9a59-7e008dbbb19d
2026-09-27,509579982,13:45,14:25,Pouso,Cabo Frio,FPDC,PR-CGU AW139,CHC,57fdeb15-e9d3-4167-91d0-a5d9bd87f491
2026-09-27,509579871,13:30,15:11,Pouso,Macaé,SKNT / BGDR / UMPC,PS-BTP AW139,Bristow,e2e064b1-1f98-4fff-b54f-c57e53daacba
2026-09-27,509579990,13:25,14:53,Pouso,São Tomé,NS44 / P-54,PR-CPV S-92A,CHC,07d4f73e-fc5d-44cd-a29d-6d4a0e32653f
2026-09-27,509579900,13:15,13:19,Pouso,São Tomé,NS31 / WAYF,PS-BTF AW139,Bristow,4e323fa3-2bff-4669-b67e-320545e9247b
2026-09-27,509579974,13:10,13:17,Pouso,São Tomé,P-56 / P-53,PR-JHE AW139,Líder,2d1727b2-bceb-4059-af46-d6342a68ef5c
2026-09-27,509579873,13:10,12:59,Pouso,Vitória,P-58 / FPMQ / P-57,PS-BTA AW139,Bristow,302dc1be-b668-40f2-ab21-0df056d6fce3
2026-09-27,509579993,13:05,13:41,Pouso,São Tomé,P-54,PR-OFH H175,Omni,563c96f1-b57c-4d2c-b284-112958a6aacc
2026-09-27,509579870,13:00,15:01,Pouso,Macaé,P-09,PS-LSC AW139,CHC,74f3ff8e-32c9-4db1-b11a-2302894d6ef0
2026-09-27,509579897,12:55,12:41,Pouso,São Tomé,UMLI,PR-JBP S-92A,Líder,e6d07470-dbab-4eea-a830-c18e51c1f287
2026-09-27,509579959,12:50,12:36,Pouso,São Tomé,P-62,PR-OTN H175,Omni,5982a3e5-66ae-46cd-beff-a8017978365b
2026-09-27,509579765,12:50,13:02,Pouso,Macaé,FPCG,PR-CGS AW139,CHC,f9a23048-0bd2-4e75-b4e3-c0a2938fb2e2
2026-09-27,509579878,12:45,12:45,Pouso,São Tomé,P-47,PR-WSG AW139,Bristow,55586128-ccff-4c20-8722-71f020333719
2026-09-27,509579839,12:40,12:50,Pouso,Macaé,UMPC,PS-BTO AW139,Bristow,e2114726-5db1-492b-8125-8992d0095c8a
2026-09-27,509579896,12:35,12:33,Pouso,São Tomé,P-31 / P-55,PR-JHI AW139,Líder,4d39416f-5eca-4922-8237-5fa032de83e0
2026-09-27,509579985,12:30,12:10,Pouso,São Tomé,NS51,PS-BTC AW139,Bristow,de7315bc-ab01-415e-86df-6e4a0e862bba
2026-09-27,509579962,12:30,,Transferido,Cabo Frio,UMCP,PR-BGU S-92A,CHC,cad4f21b-74ff-43fb-8859-0370f37ddf27
2026-09-27,509579874,12:30,12:26,Pouso,Vitória,NS52,PS-BTK AW139,Bristow,a2045e1c-d93b-48db-b4dd-e7fb565bce7d
2026-09-27,509579877,11:20,11:11,Pouso,São Tomé,UMLI,PR-JKM S-92A,Líder,e6edf4c1-db02-4a78-9196-82f92ae94ac9
2026-09-27,509579953,10:56,12:24,Pouso,Jacarepaguá,FPCS,PR-OOA AW139,Omni,88b5d4ad-50e9-4586-9cf4-3443aa759e50
2026-09-27,509579914,10:53,10:46,Pouso,Jacarepaguá,NS61,PR-OTS H175,Omni,3e6a2112-ac6e-494a-9847-e15172644e03
2026-09-27,509579969,10:50,10:25,Pouso,Jacarepaguá,UMAR,PR-JBO S-92A,Líder,c5c86f30-57f9-4d4d-a0ff-6c80cd489e72
2026-09-27,509579807,10:50,10:52,Pouso,Vitória,P-57 / CDAN,PR-OTX AW139,Omni,995466d9-f07b-4a18-ba7e-373162758cab
2026-09-27,509579920,10:40,12:20,Pouso,Jacarepaguá,NS33,PR-OHG S-92A,Omni,93372b17-f914-4951-a9dd-8f6a9dd7d5da
2026-09-27,509579951,10:36,,Transferido,Jacarepaguá,SAES,PR-JHC AW139,Omni,4eb20c52-9864-4585-b379-4d5d79595374
2026-09-27,509579936,10:35,12:43,Pouso,Maricá,UMAC,PR-OOL S-92A,Omni,049f515e-a962-4234-9d81-3722aa1f1215
2026-09-27,509579913,10:33,12:15,Pouso,Jacarepaguá,NS45,PR-OHF S-92A,Omni,bb9c81c8-37fc-48c1-841b-7c73218328ee
2026-09-27,509579912,10:30,11:06,Pouso,Jacarepaguá,FPMA,PR-JBQ S-92A,Líder,1b587870-9f4f-41a4-92f0-8d0dbf462509
2026-09-27,509579911,10:25,10:13,Pouso,Jacarepaguá,P-67,PR-OTY AW189,Omni,aefaf991-75e4-41d7-a8e0-b5627617b040
2026-09-27,509579909,10:20,,Transferido,Maricá,P-78,PR-BGT S-92A,Omni,8d70319d-63a5-44a4-b10e-7ee9981d9096
2026-09-27,509579955,10:15,12:27,Pouso,Cabo Frio,FPGU,PR-OHA AW139,Omni,e711b701-2aa4-48d5-a994-80f94a07f7ba
2026-09-27,509579903,10:15,10:17,Pouso,Jacarepaguá,FPCR,PR-JBE S-92A,Líder,2c345e57-b980-478f-91e5-70ca6b8b62cb
2026-09-27,509579976,10:10,,Transferido,Cabo Frio,UMCP,PR-BGU S-92A,CHC,58beb6cc-8b9a-400d-91c0-08963b7d7e76
2026-09-27,509579958,10:10,10:26,Pouso,São Tomé,UMVV,PR-OFH H175,Omni,fbedf378-2299-47c8-a7d2-e64b56236e4d
2026-09-27,509579906,10:10,12:46,Pouso,Maricá,UMPT,PR-BGB S-92A,Omni,dee8d6ec-5eac-4619-9914-b2242b221292
2026-09-27,509580030,10:05,13:11,Pouso,Cabo Frio,DEBL / SESU / DEBL,PR-BGZ AW139,CHC,3ad550bb-63b0-4309-bfce-cac79c343820
2026-09-27,509579918,10:05,12:34,Pouso,Maricá,UMAC,PR-OHV AW139,Omni,bbb198b5-5787-4bcf-b60f-a5929201749f
2026-09-27,509579964,09:55,12:44,Pouso,Cabo Frio,FPGU,PS-CDR AW139,CHC,1ef44d24-c09a-46b4-ae6e-dc44625a5ab9
2026-09-27,509579895,09:55,09:55,Pouso,São Tomé,UMMA,PR-JHI AW139,Líder,af0e5305-744b-4c24-9cd0-59afe16efdcb
2026-09-27,509579992,09:50,12:47,Pouso,São Tomé,NS63,PR-CPV S-92A,CHC,52b6784d-70a3-4277-a6f8-3871aeccd5b0
2026-09-27,509579923,09:50,11:01,Pouso,Maricá,UMTJ,PR-OHN AW139,Omni,3d2f4fdb-5804-4fe5-af4c-38b4290cc7e5
2026-09-27,509580072,09:45,,Cancelado,Jacarepaguá,SAES,PR-OOA AW139,Omni,2f1aa6bb-8df5-4712-a9cf-63ce238691bb
2026-09-27,509579866,09:45,12:43,Pouso,Macaé,SS73 / PNA2,PS-CDT AW139,CHC,2155344c-ea8b-4656-8024-af811e07f52e
2026-09-27,509579769,09:45,09:31,Pouso,São Tomé,NS32 / UMLI,PR-OTP H175,Omni,a04463b5-8377-4673-a0b1-abc27e24f194
2026-09-27,509579764,09:40,12:40,Pouso,Macaé,PNA2,PS-BTP AW139,Bristow,7f10a2c6-9bd5-475c-8cb9-a6cb2914cfc5
2026-09-27,509579894,09:35,09:33,Pouso,São Tomé,P-48,PR-JBP S-92A,Líder,e538be86-2927-4dba-9c06-62f87f450027
2026-09-27,509579806,09:35,09:27,Pouso,Vitória,UMGR,PS-BTA AW139,Bristow,1bad20da-efc9-40cb-98f7-2d235c6bd006
2026-09-27,509579983,09:30,,Transferido,Cabo Frio,SARU,PS-FCB AW139,CHC,ffa40ab6-c7c7-4ba7-8635-bfef4c48800c
2026-09-27,509579957,09:30,09:28,Pouso,São Tomé,P-52,PR-CPV S-92A,CHC,4be3e1e9-5c26-48a8-8be5-fa8c3fef7e22
2026-09-27,509579885,09:25,09:22,Pouso,São Tomé,FPAN,PR-JHD AW139,Líder,5969c6ca-3e95-452d-a71c-6f856de41b69
2026-09-27,509579803,09:20,12:31,Pouso,Macaé,NS60,PS-LSC AW139,CHC,6c78f5d6-7d8c-40e0-bf1a-9b65c4e26e59
2026-09-27,509579984,09:15,08:54,Pouso,São Tomé,UMPC,PS-BTC AW139,Bristow,5f5bb8dd-52ff-43ac-a231-c567f39729a6
2026-09-27,509579802,09:05,12:31,Pouso,Macaé,NS41,PR-CGD S-92A,CHC,95648d44-208a-4e43-87af-13fbb2c9da9c
2026-09-27,509579893,08:55,08:51,Pouso,São Tomé,P-25,PR-JKM S-92A,Líder,511e14eb-df98-4ba5-a287-d808bc03f185
2026-09-27,509579872,08:40,08:48,Pouso,Vitória,UMGR,PR-OHB AW139,Omni,80fda589-1b92-4d6e-995d-4925113b0886
2026-09-27,509579995,07:30,07:43,Pouso,Jacarepaguá,UMAR,PR-JBO S-92A,Líder,d3d1c0ef-bd86-46a8-9f36-0f31b9da1060
2026-09-27,509579980,07:30,11:08,Pouso,Cabo Frio,UMCP,PR-BGU S-92A,CHC,a71d6763-9be9-409d-8cc8-c033eef80c41
2026-09-27,509579950,07:30,,Transferido,Maricá,NS28,PR-BGB S-92A,Omni,2dc16c78-4885-403a-a658-8dc9a1044869
2026-09-27,509579768,07:30,08:09,Pouso,São Tomé,NS32,PR-OOQ H175,Omni,c45d4400-fb36-4cb1-91a4-ff40d332e9ee
2026-09-27,509579899,07:25,08:01,Pouso,Jacarepaguá,FPAR,PR-OHL AW139,Omni,eb49ad58-ec17-4798-9566-26968515a7f7
2026-09-27,509579961,07:20,,Transferido,Maricá,NS43 / UMTJ,PR-OOL S-92A,Omni,c6615f88-da32-45bc-b9c2-feb5130e1617
2026-09-27,509579933,07:20,07:30,Pouso,Jacarepaguá,NS55,PR-OTS H175,Omni,159b0194-e533-4f76-8a7f-a58312f18edd
2026-09-27,509579805,07:20,07:25,Pouso,Vitória,UMGR,PS-BTK AW139,Bristow,f8c9792a-d0d6-4d19-8c09-a11fd7dc5a0f
2026-09-27,509579908,07:15,,Transferido,Maricá,UMPT,PR-CGE S-92A,Omni,6f957748-56bb-44d3-95a8-5cd783012069
2026-09-27,509579300,07:15,08:05,Pouso,Jacarepaguá,P-71,PR-OTQ H175,Omni,f4cd9b46-20bd-4978-b802-71c1f92cb90e
2026-09-27,509579932,07:10,07:56,Pouso,Jacarepaguá,NS54,PR-OHF S-92A,Omni,f4c9230c-9733-46c2-b081-9e6fd9b0f91a
2026-09-27,509579907,07:10,11:06,Pouso,Maricá,NS62,PR-OHK S-92A,Omni,6551b4c2-45ef-4116-beaa-ba8d06f4aa45
2026-09-27,509579767,07:10,07:21,Pouso,São Tomé,SS75,PR-JHD AW139,Líder,c684b92d-fc46-42aa-9dbb-f330e3a57907
2026-09-27,509580009,07:05,11:03,Pouso,Cabo Frio,SATO,PS-FCB AW139,CHC,9654581e-45df-46a5-afa7-a930a5df8dfc
2026-09-27,509579892,07:05,06:46,Pouso,São Tomé,UMMA,PR-JKM S-92A,Líder,100a0108-390a-4539-9064-7b5103a55b78
2026-09-27,509579294,07:05,07:09,Pouso,Jacarepaguá,SADI,PR-OOA AW139,Omni,3f96444a-e806-4acb-ab78-27467200951e
2026-09-27,509579991,07:00,06:46,Pouso,São Tomé,UMVV,PR-CCG S-92A,CHC,06e88020-2e9a-4691-856f-32a1ea0b5bed
2026-09-27,509579963,07:00,10:50,Transferido,Cabo Frio,FPAD,PR-OOT AW139,CHC,915bbc41-ad9d-400c-ba44-19b07bb35d79
2026-09-27,509579919,07:00,11:16,Pouso,Maricá,NS59,PR-CHT S-92A,Omni,f326eb59-c4e0-42ec-bd44-fa21c27cf156
2026-09-27,509579910,07:00,08:02,Pouso,Jacarepaguá,FPIT,PR-EPV S-92A,Líder,c46a7cae-1e2d-4c83-9dd2-b8729120410a
2026-09-27,509579869,07:00,07:03,Pouso,Aracaju,PA39 / PA38,PR-AIF H145,Líder,33649bb2-97fc-474f-86da-b971e3f2a95d
2026-09-27,509579917,06:55,,Transferido,Maricá,NS40,PR-OHV AW139,Omni,51583f34-67f1-4d34-ba84-54837c665717
2026-09-27,509579876,06:55,06:51,Pouso,São Tomé,P-53 / UMPC,PR-WSG AW139,Bristow,644d2e4a-0cad-4c38-8457-2bc8669f6256
2026-09-27,509579293,06:55,,Transferido,Jacarepaguá,WAVE,PR-OTU AW139,Omni,7fb34bfb-60ed-4c01-9a9a-ff275e64ee90
2026-09-27,509579981,06:50,10:47,Pouso,Cabo Frio,FPDC,PR-CGU AW139,CHC,60935f13-c0fa-4ff0-a18f-36a57d687168
2026-09-27,509579905,06:50,10:52,Pouso,Maricá,UMTJ,PR-CGN AW139,Omni,4754d1fb-c5b4-417c-b08a-c2b371ecf86b
2026-09-27,509579902,06:50,07:41,Pouso,Jacarepaguá,FPPA,PR-OOR AW189,Omni,5ac8a4c0-ce84-463a-b4c2-2f123cc646c0
2026-09-27,509579891,06:50,07:07,Pouso,São Tomé,P-51,PR-JBP S-92A,Líder,8dce23cf-527f-4433-82ff-acb8a4ee7297
2026-09-27,509579865,06:50,,Transferido,Macaé,NS60,PS-BTO AW139,CHC,73a47bff-f1b7-4336-b1a8-80665229f9aa
2026-09-27,509579916,06:45,10:43,Pouso,Maricá,FPAT,PR-OOC AW139,Omni,4edcb652-ff0d-46b6-b17c-4947fee6efca
2026-09-27,509579884,06:45,07:22,Pouso,São Tomé,P-18,PR-JHI AW139,Líder,59065692-b859-4b79-a829-ea20f94fd20c
2026-09-27,509579838,06:45,,Transferido,Macaé,NS58,PR-CGS AW139,Bristow,1809a236-90af-44ed-b43c-32db5ee4d0cf
2026-09-27,509579212,06:45,07:03,Pouso,Jacarepaguá,PMXL,PR-OTU AW139,Omni,bd353810-dfda-4e70-82dd-c307b7ab545a
2026-09-27,509580000,06:40,,Transferido,Cabo Frio,SATO,PR-BGZ AW139,CHC,4b0de261-50b3-447b-9da0-3813d4f36b2f
2026-09-27,509579988,06:40,06:57,Pouso,São Tomé,P-55,PR-OTN H175,Omni,e76ac3bd-d6a1-4530-ac53-ed14b8335725
2026-09-27,509579901,06:40,,Transferido,Jacarepaguá,FPSP,PR-JKJ S-92A,Omni,fb2bde3a-f0f0-406e-9b15-aa6d64774113
2026-09-27,509579867,06:40,06:56,Pouso,Vitória,UMGR,PR-OTX AW139,Omni,bdaa78cb-300e-47ae-a3a9-3daba67b9a65
2026-09-27,509579973,06:35,07:03,Pouso,São Tomé,P-31,PR-OTP H175,Omni,8a342b6d-1640-4f36-9c7a-7a35a8f21402
2026-09-27,509579889,06:35,07:16,Pouso,Jacarepaguá,UMAR,PR-OON AW189,Omni,9926b5f2-d581-4759-bb3b-44a62b4c6662
2026-09-27,509579122,06:35,,Transferido,Cabo Frio,SEME,PS-CDR AW139,Omni,091dd50d-4b7a-41aa-9176-906320310abe
2026-09-27,509579954,06:30,,Transferido,Cabo Frio,UMPA,PR-CGF S-92A,CHC,79f91159-627c-4aa7-9c25-576c7cd621d1
2026-09-27,509579888,06:30,06:31,Pouso,Jacarepaguá,P-69,PR-JAR S-92A,Líder,f3a78783-6995-471b-8695-77ed52ed2183
2026-09-27,509579883,06:30,06:31,Pouso,São Tomé,P-20,PS-BTC AW139,Bristow,c3afab78-38d1-454b-a90f-cbaaefffe5f2
2026-09-27,509579837,06:30,,Transferido,Macaé,PGP1,PR-CGD S-92A,CHC,b7d372f3-3b5a-4913-931c-dd6fc43d19f6
2026-09-27,509579069,06:30,,Transferido,Maricá,UMTJ,PR-BGT S-92A,CHC,3c576a17-5224-46fc-b803-93f19dbcc21d
2026-09-27,509579804,06:20,06:25,Pouso,Vitória,MOP1,PS-BTA AW139,Bristow,51fabcd5-f318-4d9e-a0f2-4b493e64b3e6
2026-09-26,509577545,16:30,15:18,Pouso,Cabo Frio,UMCP,PR-BGU S-92A,CHC,e3d0fe8a-a1ba-49e9-9ddf-d6ab35aea993
2026-09-26,509579018,16:00,15:37,Pouso,Vitória,UMGR,PS-BTK AW139,Bristow,f913f434-94e6-4318-b641-0acd2578b359
2026-09-26,509579190,15:40,15:21,Pouso,São Tomé,UMMA,PR-JBI S-92A,Líder,f2bb17d0-7567-4303-89c1-7b82ebf94f24
2026-09-26,509579173,15:40,15:32,Pouso,São Tomé,P-62,PR-OFH H175,Omni,b89653d3-f794-4be6-9170-40d670e44e4e
2026-09-26,509579065,15:35,15:06,Pouso,São Tomé,P-25 / P-52,PR-JBP S-92A,Líder,f47f7a9d-2739-4348-8e06-280a6d6785d3
2026-09-26,509579042,15:35,15:09,Pouso,Macaé,NS58,PR-CGD S-92A,CHC,b3131310-4a6d-4c02-9269-de00b5094a3b
2026-09-26,509579121,15:30,15:02,Pouso,São Tomé,P-55,PR-OTN H175,Omni,21e22c4b-ed41-4175-ba7f-8d9d7cf98a15
2026-09-26,509577077,15:30,15:25,Pouso,Macaé,SECR,PS-LSC AW139,CHC,fc892836-73f0-46af-9613-4f37d04360da
2026-09-26,509579017,15:25,15:01,Pouso,Vitória,UMGR,PR-OTX AW139,Omni,3f084e5d-fd58-4d65-8f22-84dca35f6184
2026-09-26,509579290,15:15,15:17,Pouso,São Tomé,P-38,PR-JHD AW139,Líder,d0f8eac8-64fb-46f2-aa50-c1f51597912c
2026-09-26,509579967,15:10,15:16,Pouso,Jacarepaguá,UMAR,PR-JAR S-92A,Líder,167fd28c-455e-4b50-b9f1-838b42c58dbe
2026-09-26,509579090,15:10,14:58,Pouso,São Tomé,UMPC,PS-BTC AW139,Bristow,d654e39b-ab35-4740-b6e6-ed3f88f3ef46
2026-09-26,509579296,15:05,15:42,Pouso,Jacarepaguá,FPCS,PR-JHC AW139,Líder,30a13eea-0f60-467f-88d5-dfc66b2ff013
2026-09-26,509579137,15:00,14:27,Pouso,Jacarepaguá,NS55,PR-OTS H175,Omni,1159eb9d-04f8-4ccb-9da1-d5f042900112
2026-09-26,509579300,14:56,,Transferido,Jacarepaguá,P-71,PR-OHR AW139,Líder,30ac8aaa-e630-47b0-a061-e75f7c54a9cd
2026-09-26,509579728,14:55,14:47,Pouso,Cabo Frio,UMAR,PR-OHF S-92A,Omni,3280c7e6-2ee6-446f-89a5-6ca33d0097bb
2026-09-26,509579171,14:53,14:48,Pouso,Jacarepaguá,P-68,PR-EPV S-92A,Líder,214fe569-5728-4675-ac1c-901817224c4f
2026-09-26,509579836,14:50,13:51,Pouso,Cabo Frio,UMCP,PR-BGU S-92A,CHC,e642a6a6-0586-4e4f-a0a0-c214f2cd7865
2026-09-26,509579135,14:50,14:39,Pouso,Jacarepaguá,P-67,PR-JKJ S-92A,Líder,08086438-a055-49aa-8c0a-b5e689584ca2
2026-09-26,509579861,14:40,14:53,Pouso,Cabo Frio,UMCP,PR-OTU AW139,Omni,93ea41a9-3539-4b8c-8bc4-7eaeda202943
2026-09-26,509579128,14:40,14:17,Pouso,Jacarepaguá,FPMR,PR-JBO S-92A,Líder,07bdb793-e657-4f96-ac42-14276fcad5a4
2026-09-26,509579294,14:36,,Transferido,Jacarepaguá,SADI,PR-OHJ AW139,Omni,4c4b9d91-411b-4848-997e-78090a90b662
2026-09-26,509579170,14:35,14:35,Pouso,Jacarepaguá,UMAR,PR-OOR AW189,Omni,f05751f6-efb4-445d-9404-cc8f06d76a82
2026-09-26,509579186,14:33,14:36,Pouso,Jacarepaguá,FPPA,PR-JBQ S-92A,Líder,9c7451da-73cd-421f-a4e8-fdb8747b9343
2026-09-26,509579155,14:30,14:32,Pouso,Jacarepaguá,NS33,PR-OON AW189,Omni,fd425a21-0f83-4b33-88b8-c73541d7b428
2026-09-26,509579085,14:25,14:05,Pouso,Maricá,UMPT,PR-OHK S-92A,Omni,a37e46ee-bbbf-4bf0-9940-a0019879f246
2026-09-26,509579049,14:25,14:03,Pouso,São Tomé,UMLI,PR-JKM S-92A,Líder,aa7f2f18-c3c9-4e81-b61b-155f165c8d67
2026-09-26,509579262,14:20,14:01,Pouso,Cabo Frio,SARU,PR-OOT AW139,Omni,29886ed5-294a-4829-8eb0-791ca06c8ccc
2026-09-26,509579117,14:20,14:33,Pouso,Jacarepaguá,UMAR,PR-CGO AW139,Omni,8b613b68-6233-4d61-a711-bb005c07262a
2026-09-26,509579084,14:20,14:21,Pouso,Maricá,NS59,PR-BGT S-92A,CHC,6fcbafcb-3379-4be2-8cd8-f9acc81dc85b
2026-09-26,509579069,14:15,,Transferido,Maricá,UMTJ,PR-BGB S-92A,CHC,11984179-782b-4cba-8a9e-763abbed8638
2026-09-26,509579291,14:10,14:23,Pouso,Jacarepaguá,NS54,PR-OTQ H175,Omni,582b724a-5d6a-432f-a92f-3f555f3caaad
2026-09-26,509579174,14:10,14:16,Pouso,Maricá,UMAC / UMTJ,PR-CGK AW139,CHC,664c7008-b591-4d9f-bc06-af21394d361c
2026-09-26,509579075,14:05,13:57,Pouso,Maricá,P-77 / P-74,PR-OOC AW139,Omni,5a95aa0d-d442-4a7c-8203-6c10b6623f31
2026-09-26,509579093,14:00,13:51,Pouso,Maricá,NS40,PR-CGN AW139,Omni,193be87d-c5f7-4ff0-a57a-f1dbaa433f71
2026-09-26,509579086,13:55,13:58,Pouso,Cabo Frio,UMPA,PR-CGF S-92A,CHC,1c1d3797-a7fb-4a88-9dbb-b2bd942bbbf8
2026-09-26,509579122,13:50,14:10,Transferido,Cabo Frio,SEME,PR-OHA AW139,Omni,0e466720-1cd2-463a-bf80-b9658e6c888e
2026-09-26,509579115,13:45,13:50,Pouso,Cabo Frio,FPDC,PR-CGU AW139,CHC,6dc52837-a13d-4a85-b888-97293a53dd3d
2026-09-26,509579064,13:35,13:18,Pouso,São Tomé,FSME,PS-BTF AW139,Bristow,24eb194c-80dd-483a-903e-f64b062b8e16
2026-09-26,509579761,13:30,13:03,Pouso,Maricá,P-76,PR-CGW AW139,CHC,b9216891-ee75-4a74-b54d-9744bb876298
2026-09-26,509579180,13:30,14:20,Pouso,São Tomé,PRA-1,PR-OOQ H175,Omni,d2286a5c-da3b-4f15-aa8d-6ee0cbf94d8d
2026-09-26,509579016,13:30,13:17,Pouso,Vitória,SS81,PS-BTA AW139,Bristow,3c0186ee-f3ca-431b-8360-11462f1cd036
2026-09-26,509579966,13:20,13:25,Pouso,Maricá,UMPT,PR-OOS AW139,Omni,c63a68ad-8a2e-4527-845c-aee789d5f80a
2026-09-26,509579080,13:20,13:48,Pouso,São Tomé,UMPC,PR-JHE AW139,Líder,85784a1a-3a0e-452e-b3fa-f1496b2cadf5
2026-09-26,509578403,13:20,14:04,Pouso,Macaé,SKNT,PR-CGS AW139,CHC,9a6bf428-70e4-4f0c-a7a7-65a0a8151d6a
2026-09-26,509579788,13:10,13:16,Pouso,Maricá,P-77,PR-CGE S-92A,CHC,c9808be4-2c8c-401d-87f8-77290d8b4fc4
2026-09-26,509579071,13:10,13:02,Pouso,São Tomé,NS31,PR-JHI AW139,Líder,45fcb115-51a2-4495-b1bc-7e512aaacfb8
2026-09-26,509579034,13:10,12:54,Pouso,Vitória,FPMQ,PS-BTK AW139,Bristow,1e8ae6e8-bebb-415e-9d5d-d7aa76da9189
2026-09-26,509577076,13:10,13:42,Pouso,Macaé,SECR,PS-BTO AW139,Bristow,3ad9e5b0-7a35-41cd-b455-bc0a0ce0bb08
2026-09-26,509579763,13:05,14:46,Pouso,Maricá,UMTJ,PR-BGB S-92A,Omni,ee8f918e-39cd-4381-9899-990e00346433
2026-09-26,509579762,13:00,13:07,Pouso,Maricá,UMPT,PR-OHN AW139,Omni,5e3122e2-e220-4b0e-b113-2e2197a6b28c
2026-09-26,509579196,13:00,12:46,Pouso,São Tomé,P-48,PR-JBI S-92A,Líder,907e46b5-32f1-4dcb-b637-e3f36b9dae80
2026-09-26,509579015,13:00,13:00,Pouso,Macaé,PGP1,PR-CGD S-92A,CHC,132efd16-e263-47ae-8b7d-24c479675cfe
2026-09-26,509579089,12:55,12:38,Pouso,São Tomé,UMVV,PR-OTN H175,Omni,801e6973-289c-4468-acd6-4c548496f7e8
2026-09-26,509579800,12:50,13:37,Pouso,Maricá,P-75,PR-OOL S-92A,Omni,46269736-b1e1-44c0-90f3-3d80ccbfa19e
2026-09-26,509579134,12:50,12:56,Pouso,Macaé,SS92,PS-LSC AW139,CHC,75086667-0119-4ecc-89cf-b8fd9f433d6f
2026-09-26,509579070,12:50,12:44,Pouso,São Tomé,P-53,PR-JBP S-92A,Líder,b28adfdc-8c9b-48f5-b1ac-c4046049e073
2026-09-26,509579113,12:45,12:32,Pouso,São Tomé,NS63 / UMVV,PR-CPV S-92A,CHC,8cf1dc58-9428-4b90-aa39-8c804ea9de41
2026-09-26,509579315,12:40,12:18,Pouso,São Tomé,UMVV,PR-CCG S-92A,CHC,12584ad7-86bc-4730-9eda-81bdbbf2dd77
2026-09-26,509579048,12:40,12:52,Pouso,São Tomé,P-19,PR-WSG AW139,Bristow,9bccd92c-fb83-4d25-84c6-bf9d9a38723d
2026-09-26,509579047,12:35,12:27,Pouso,São Tomé,P-18,PR-JHD AW139,Líder,a2df3d4d-cd67-4dd7-ab80-61246fb16199
2026-09-26,509579864,12:30,12:32,Pouso,Jacarepaguá,UMCP,PR-OHF S-92A,Omni,52c56c29-0d83-441e-a117-2f4643479603
2026-09-26,509579110,12:30,12:17,Pouso,Cabo Frio,UMCP,PR-BGU S-92A,CHC,6438d838-3237-4d61-ad4a-95da0b3e1292
2026-09-26,509579082,12:30,12:24,Pouso,São Tomé,FPAG,PR-JHE AW139,Líder,7df0f11f-b205-43cd-b23e-224bbcda1f44
2026-09-26,509579033,12:30,12:22,Pouso,Vitória,CDAN,PR-OTX AW139,Omni,5a4cbfde-abbc-425d-bbe7-463ae36f92f9
2026-09-26,509577543,12:30,12:41,Pouso,São Tomé,P-52 / P-62 / P-52,PR-OFH H175,Omni,40be7a77-b166-4107-b692-db7a07b6b41c
2026-09-26,509579127,12:20,12:22,Pouso,Jacarepaguá,NS56,PR-OHG S-92A,Omni,356848d3-323d-4d93-89d8-7ae078072c3f
2026-09-26,509579263,12:10,12:20,Pouso,Jacarepaguá,P-66,PR-OHL AW139,Omni,a4e233da-9253-40af-b982-320c89f0b6c3
2026-09-26,509579801,12:00,12:16,Pouso,Cabo Frio,UMCP,PR-OTU AW139,Omni,e96e8232-c6b0-4454-a829-e178b13eb480
2026-09-26,509579059,11:20,11:12,Pouso,São Tomé,UMLI,PR-JKM S-92A,Líder,c1e7c82c-5175-42bb-a435-1e63b83ad26a
2026-09-26,509579212,11:15,,Transferido,Jacarepaguá,PMXL,PR-JHC AW139,Omni,2c3d8f04-add1-43cc-b5fd-8c1b102e1fbf
2026-09-26,509579118,11:05,10:56,Pouso,Jacarepaguá,FPSP,PR-JAR S-92A,Líder,af056d18-712d-4d19-b3de-aaa1d9e89926
2026-09-26,509579975,11:00,11:54,Pouso,Jacarepaguá,P-70,PR-JHC AW139,Líder,e4cb6ede-ccfb-4f62-93ac-98bd69770f29
2026-09-26,509579293,10:56,,Transferido,Jacarepaguá,WAVE,PR-OHJ AW139,Omni,0a2ef10c-0e05-4f92-b5ff-ba4cfc5dc0aa
2026-09-26,509579195,10:53,10:48,Pouso,Jacarepaguá,NS45,PR-OOA AW139,Omni,420c7f74-0c04-49da-9be0-7d74fec22523
2026-09-26,509579261,10:50,10:53,Pouso,Cabo Frio,SAON,PR-BGZ AW139,CHC,f0888935-4493-4a61-9687-26c0812cc3fd
2026-09-26,509579098,10:50,11:11,Pouso,Jacarepaguá,P-66,PR-EPV S-92A,Líder,a7c70222-87c6-4a23-8e38-af8980237907
2026-09-26,509579095,10:50,10:03,Pouso,Cabo Frio,UMCP,PR-CGF S-92A,CHC,e7a89ad9-09ce-4624-9c0d-d29d9a1e0d46
2026-09-26,509579126,10:43,10:38,Pouso,Jacarepaguá,FPSA,PR-JKJ S-92A,Líder,84758631-72e2-4fb8-b15d-814d0fd62306
2026-09-26,509579129,10:40,10:55,Pouso,Jacarepaguá,FPAR,PR-JBQ S-92A,Líder,6502c665-8ee6-4473-a710-95702051d7af
2026-09-26,509579193,10:36,10:45,Pouso,Jacarepaguá,NS45,PR-OTQ H175,Omni,1d289712-ced4-4048-a748-83548bfefdf2
2026-09-26,509578087,10:33,10:43,Pouso,Jacarepaguá,NS61,PR-OTS H175,Omni,105a10b5-6e9c-4f52-ad85-ed1bf5ba63ba
2026-09-26,509579810,10:30,10:19,Pouso,Maricá,P-76 / UMPT,PR-OOS AW139,Omni,0d03fdd2-9788-46e9-80f9-31765c3ece0d
2026-09-26,509579136,10:30,10:05,Pouso,Jacarepaguá,P-69,PR-JBO S-92A,Líder,aa219d41-d570-4e4b-9179-df9c597d93af
2026-09-26,509579185,10:25,10:12,Pouso,Maricá,P-75,PR-OHK S-92A,Omni,d71ba3db-38ad-40ac-8768-326429ad1ece
2026-09-26,509579077,10:20,10:10,Pouso,Maricá,P-78 / P-79,PR-BGT S-92A,CHC,4c37d5d4-63e3-46b0-97aa-90c31c8f46cc
2026-09-26,509579271,10:15,09:59,Pouso,Cabo Frio,SESU,PR-OOT AW139,Omni,9ecf98bd-c5fe-4da2-930b-14d8f91d4abb
2026-09-26,509579068,10:15,10:21,Pouso,Maricá,NS38,PR-BGB S-92A,Omni,550d2920-d707-424b-9702-835d6b786d70
2026-09-26,509579063,10:15,10:30,Pouso,São Tomé,NS32,PR-OOQ H175,Omni,3d6fd148-2450-44a8-a8c5-14083dc9a0d7
2026-09-26,509579184,10:10,10:05,Pouso,Maricá,P-74,PR-OHN AW139,Omni,fad4b4fe-b9ae-4181-ac4d-6f50c4b3427d
2026-09-26,509579130,10:10,09:56,Pouso,Cabo Frio,FPAD,PR-OHA AW139,Omni,8b2107ca-dc70-4a59-842f-fec22b1f1b5e
2026-09-26,509579182,10:05,09:52,Pouso,Maricá,UMAC,PR-OHV AW139,Omni,ebdee7dc-4bb7-4afc-a784-d4edbc9796d2
2026-09-26,509579792,10:00,09:54,Pouso,Maricá,P-74,PR-CGE S-92A,CHC,442533d6-c955-4fbf-a50a-a8dbc3c9d96e
2026-09-26,509579791,10:00,,Cancelado,Jacarepaguá,UMAR,PR-JBO S-92A,Líder,4e52bd90-8349-450a-953c-95f32a62d037
2026-09-26,509579124,10:00,10:03,Pouso,Jacarepaguá,P-70,PR-OON AW189,Omni,0c6393fd-de8a-45b9-a019-b9730ad24f34
2026-09-26,509579114,10:00,09:58,Pouso,Cabo Frio,FPGU,PS-CDR AW139,CHC,1b169851-c4c5-44cb-b0f3-d029d066e799
2026-09-26,509579081,10:00,10:07,Pouso,São Tomé,UMLI,PS-BTC AW139,Bristow,7d8a4447-ee53-492c-99f1-76a638122736
2026-09-26,509579060,10:00,10:00,Pouso,Aracaju,PA38,PR-AIE H145,Líder,5ff347af-caeb-4514-839a-1aaa19891230
2026-09-26,509579074,09:55,09:56,Pouso,Maricá,FPAB,PR-OOC AW139,Omni,7918b055-e953-4542-8b56-d4b12e8219f0
2026-09-26,509579046,09:55,09:39,Pouso,São Tomé,NS31,PR-JHI AW139,Líder,9410ea90-0667-4e2e-bf46-1517b5f764c6
2026-09-26,509579260,09:50,09:40,Pouso,Vitória,P-58,PS-BTA AW139,Bristow,47771b4e-d111-4964-b3db-6f6054fdd925
2026-09-26,509579092,09:50,10:00,Pouso,Maricá,NS43,PR-CGN AW139,Omni,532a8251-7d39-4b24-898d-37293af58de9
2026-09-26,509579091,09:45,12:26,Pouso,Maricá,NS62,PR-CHT S-92A,Omni,b40f46fb-04d4-4df4-aece-1fc5ec15af2f
2026-09-26,509579058,09:45,09:40,Pouso,São Tomé,P-53,PR-JBI S-92A,Líder,adbe6bff-5662-423b-b310-8f6c5de3b11b
2026-09-26,509579044,09:45,09:37,Pouso,Macaé,PNA2,PR-CGS AW139,CHC,b75890e6-dcc3-41e9-9dae-d47e5c5472f6
2026-09-26,509579078,09:40,10:07,Pouso,Maricá,UMTJ,PR-OOL S-92A,Omni,2df320b7-2252-4a5b-8519-bda883d55b97
2026-09-26,509579051,09:40,09:42,Pouso,Macaé,UMPC,PS-BTO AW139,Bristow,7b4f7594-2c6d-4935-9620-7b694bb440bd
2026-09-26,509579189,09:35,09:22,Pouso,São Tomé,P-56,PR-JBP S-92A,Líder,ec69e502-839c-4c86-961b-98d0e92b74cc
2026-09-26,509579820,09:30,09:13,Pouso,Cabo Frio,UMCP,PR-OTU AW139,Omni,d656c09c-9431-4e08-a965-0f9e5a3c50c1
2026-09-26,509579111,09:30,09:10,Pouso,São Tomé,UMVV,PR-CPV S-92A,CHC,fad60fa1-3e8f-4e82-815b-4ec260a47d24
2026-09-26,509579054,09:30,09:05,Pouso,Vitória,SS81,PS-BTK AW139,Bristow,2d7a77d9-59ce-4c65-9cef-6ab1b12f4a04
2026-09-26,509579039,09:25,09:34,Pouso,São Tomé,P-31 / NS51,PR-WSG AW139,Bristow,269cefc7-44c6-47ae-a900-2dd22d261eee
2026-09-26,509579014,09:25,09:28,Pouso,Macaé,SS73,PR-CGD S-92A,CHC,e4b4f4fb-1618-48df-ba0a-8a85bb05657c
2026-09-26,509579038,09:20,09:21,Pouso,São Tomé,UMMA,PR-JHD AW139,Líder,4d2cf9f8-0826-4f10-8d95-25b3f5b7fed2
2026-09-26,509579125,09:15,09:22,Pouso,Macaé,NS60,PS-BTP AW139,Bristow,86dd15cc-7c02-4408-9b78-3e860b03d603
2026-09-26,509579066,09:10,09:06,Pouso,São Tomé,FPAG,PR-JHE AW139,Líder,0dc8dd90-6973-4b52-9e1c-c45a8ba11395
2026-09-26,509579045,09:10,09:13,Pouso,Vitória,UMGR,PR-OHB AW139,Omni,aeca4ab4-8785-4dde-9bc9-a40ee0b15374
2026-09-26,509579037,08:55,09:01,Pouso,São Tomé,P-43,PR-JKM S-92A,Líder,7657ae5f-fd16-4306-8601-f1057df070b1
2026-09-26,509579053,08:40,08:36,Pouso,Vitória,P-57,PR-OTX AW139,Omni,e20a6f2b-8e29-4aa1-a86b-8086af4293e9
2026-09-26,509579055,08:30,08:31,Pouso,Aracaju,PA38,PR-AIE H145,Líder,21d46f55-6be1-4d62-a8d4-a793aee5dded
2026-09-26,509579463,08:00,08:52,Pouso,Oiapoque,NS42,PR-OOY AW189,Omni,6f0fb18b-b195-4ea7-9b06-0b0bf8f248fc
2026-09-26,509579194,07:45,07:48,Pouso,Jacarepaguá,NS61,PR-OOA AW139,Omni,0dff5c83-17e5-4fd5-9c8b-ebc9d2dc72d4
2026-09-26,509578085,07:40,07:50,Pouso,Maricá,P-74,PR-CGW AW139,CHC,41e5d01f-8964-417b-8e33-2e8cb734ea1e
2026-09-26,509578099,07:35,07:38,Pouso,Jacarepaguá,NS45,PR-OTQ H175,Omni,f3d1dd8d-6ac4-476a-bea4-6f1f76c97b97
2026-09-26,509579119,07:30,07:29,Pouso,Jacarepaguá,NS47,PR-OHL AW139,Omni,ad163d2e-a2e2-4763-8f68-08d396f893b7
2026-09-26,509579087,07:30,08:35,Pouso,Cabo Frio,UMPA,PR-BGU S-92A,CHC,28626728-c00c-480a-bdce-b1e836ed1f20
2026-09-26,509576806,07:30,09:46,Pouso,Cabo Frio,SAON,PS-FCB AW139,CHC,fe64c24c-5945-497e-aa61-ac7a88ad17b8
2026-09-26,509579210,07:25,07:18,Pouso,São Tomé,P-54,PR-CCG S-92A,CHC,2e34ed8b-3ed0-4425-a168-d82bf2f916eb
2026-09-26,509578097,07:25,07:32,Pouso,Jacarepaguá,NS61,PR-OTS H175,Omni,036d858e-6fcc-4d55-ad9b-2243f55ab857
2026-09-26,509579425,07:20,,Cancelado,Jacarepaguá,WAVE,PR-OHJ AW139,Omni,d1aa7e6e-945d-4acc-8173-0caf1ca0ac6f
2026-09-26,509579198,07:20,07:22,Pouso,Maricá,UMAC,PR-CGK AW139,CHC,16e4e591-b150-4065-b23d-a94b800ebd0c
2026-09-26,509579052,07:20,07:13,Pouso,Vitória,NS52,PS-BTA AW139,Bristow,5596c4df-91d7-4cd6-885f-d1325c2573c8
2026-09-26,509578075,07:20,07:13,Pouso,Maricá,UMTJ,PR-OHK S-92A,Omni,2bc5af3a-1019-4081-9b01-f31cd6728ddb
2026-09-26,509579099,07:16,07:23,Pouso,Jacarepaguá,FPMA,PR-OOR AW189,Omni,1c855135-32b0-4365-9cfc-5ba04ff7e677
2026-09-26,509579188,07:15,07:18,Pouso,São Tomé,P-56,PS-BTF AW139,Bristow,8cb84cf4-f8f4-40a8-b2c2-84839f82de65
2026-09-26,509579076,07:15,07:08,Pouso,Maricá,P-79,PR-BGT S-92A,CHC,6c919296-b911-4c5d-b298-7e5177be77d9
2026-09-26,509579295,07:10,07:11,Pouso,Jacarepaguá,PMLZ1,PR-JHC AW139,Líder,44096e91-2b56-45df-b839-d26dd82bf444
2026-09-26,509579112,07:10,07:07,Pouso,Cabo Frio,FPSE,PR-OHA AW139,Omni,91443116-a84b-4e40-b636-a53342fb630a
2026-09-26,509579094,07:10,07:15,Pouso,Maricá,UMPT,PR-BGB S-92A,Omni,79213852-393a-45ff-af93-5b73d1c25b54
2026-09-26,509579057,07:10,07:00,Pouso,São Tomé,P-19,PR-JHI AW139,Líder,a87dd5a6-f299-496e-b071-1a8ecfb77fd2
2026-09-26,509579097,07:07,07:04,Pouso,Jacarepaguá,FPIB,PR-JBE S-92A,Líder,b822e347-24a1-43c9-b90f-d802313e44d0
2026-09-26,509579067,07:05,07:11,Pouso,Maricá,P-77,PR-OOS AW139,Omni,f8a3bba2-3443-4ead-97ad-a7212b811c35
2026-09-26,509579062,07:05,07:06,Pouso,São Tomé,SS75,PR-JBI S-92A,Líder,33e5d90f-7cda-4746-9ea9-2b6c1d5db2a9
2026-09-26,509579116,07:04,07:12,Pouso,Jacarepaguá,FPIT,PR-OTY AW189,Omni,80fc9611-7138-4238-81c8-d8a7ee6e6ead
2026-09-26,509579292,07:01,08:15,Pouso,Jacarepaguá,SAJA,PR-OHJ AW139,Omni,57c377e9-6845-4461-a0f5-bd6ab34c6065
2026-09-26,509579789,07:00,07:11,Pouso,Cabo Frio,UMCP,PR-OTU AW139,Omni,9080051f-fd8c-4a3d-a18b-1ce00e3d5312
2026-09-26,509579787,07:00,,Cancelado,Jacarepaguá,UMAR,PR-JBO S-92A,Líder,73bbd258-2401-425c-8479-7590818b051f
2026-09-26,509579462,07:00,08:35,Pouso,São Tomé,UMMA / P-31,PR-OTP H175,Omni,81f9190f-0523-4542-9601-115980552e0b
2026-09-26,509579120,07:00,06:59,Pouso,São Tomé,NS44,PR-OTN H175,Omni,ecb9bb72-84aa-4bce-ada1-8438a0fd3de9
2026-09-26,509579043,07:00,06:56,Pouso,Macaé,FPCG,PS-LSC AW139,CHC,0f75ac0c-4a91-4c4f-9891-4778e7751f14
2026-09-26,509579019,07:00,06:57,Pouso,Aracaju,PA39,PR-AIE H145,Líder,ce856292-04f8-4d52-baab-245a97cad619
2026-09-26,509578163,07:00,07:04,Pouso,Cabo Frio,FPPL,PS-CDR AW139,CHC,7032cd30-778a-4e89-986c-53d398ef0044
2026-09-26,509578094,07:00,06:59,Pouso,Maricá,NS62,PR-OHN AW139,Omni,93d851b6-83b1-4f62-b9b6-2bc86430f84f
2026-09-26,509578161,06:58,07:26,Pouso,Jacarepaguá,P-67,PR-JBQ S-92A,Líder,28ca351d-c592-479b-b6ca-322a0a378827
2026-09-26,509579061,06:55,07:02,Pouso,São Tomé,NS51,PR-WSG AW139,Bristow,f0f7c893-0b58-44a6-bee2-78ede55cf88e
2026-09-26,509578132,06:55,06:56,Pouso,Jacarepaguá,FPSA,PR-EPV S-92A,Líder,627c3ad7-e49d-4a6b-929e-fb6d7b6f0e38
2026-09-26,509578123,06:55,07:05,Pouso,Maricá,P-74,PR-CGN AW139,Omni,042e535a-ba61-4462-b189-1bb7b17abe3b
2026-09-26,509579083,06:50,06:55,Pouso,Maricá,NS28,PR-OOC AW139,Omni,6fb112c8-bb10-4dd8-b14e-f6da1eeefe9a
2026-09-26,509579056,06:50,07:05,Pouso,São Tomé,P-51,PR-JBP S-92A,Líder,d9ea472b-0e94-4ce0-a614-f56c43aa56e3
2026-09-26,509579031,06:50,06:44,Pouso,Macaé,PNA2,PR-CGS AW139,CHC,8fc4f91c-da8e-4b08-9f2f-e4bedaaeadc1
2026-09-26,509578069,06:50,06:58,Pouso,Jacarepaguá,FPMA,PR-JAR S-92A,Líder,fabc3121-404f-425b-9e44-a44b96a962b2
2026-09-26,509579079,06:45,06:49,Pouso,Maricá,FPAB,PR-OHV AW139,Omni,bbf0591a-c541-4113-a924-9f82d9a7dfe4
2026-09-26,509579036,06:45,07:06,Pouso,São Tomé,UMPC,PR-JHD AW139,Líder,12cfb0c4-db2a-4c55-904a-86409c6c3476
2026-09-26,509579013,06:45,06:41,Pouso,Macaé,SS83,PS-BTO AW139,Bristow,59af4730-455a-4e13-80c0-86d5a4e1a46b
2026-09-26,509578283,06:45,06:48,Pouso,Jacarepaguá,P-69,PR-OHG S-92A,Omni,17e38bb7-8703-471b-94c1-0c00d6a088aa
2026-09-26,509579088,06:40,06:42,Pouso,São Tomé,UMVV,PR-CPV S-92A,CHC,3c05b602-c94c-4bdf-96aa-8ccdb299da44
2026-09-26,509579032,06:40,08:20,Pouso,Vitória,UMGR,PS-BTL AW139,Bristow,47901b2c-7f2a-4703-9a6d-1e000004002d
2026-09-26,509578323,06:40,06:43,Pouso,Cabo Frio,SESU,PR-OOT AW139,Omni,5d18b6b5-6b85-43c3-971d-c04de5c986e6
2026-09-26,509578122,06:40,06:51,Pouso,Jacarepaguá,FPMR,PR-OHF S-92A,Omni,4014bf42-d256-4a13-9943-403ec669f931
2026-09-26,509578091,06:40,08:29,Pouso,Maricá,UMPT,PR-CHT S-92A,Omni,267a27fd-2fdb-43bf-97a5-6cf508f53095
2026-09-26,509579072,06:35,07:56,Pouso,São Tomé,UMLI,PS-BTC AW139,Bristow,5e321985-e9c4-4b95-99c9-052f6a7cbabe
2026-09-26,509578280,06:35,06:44,Pouso,Jacarepaguá,FPSP,PR-JKJ S-92A,Líder,c0191c5a-8fef-46ab-9360-87ef4759f402
2026-09-26,509578074,06:35,06:37,Pouso,Maricá,NS43,PR-CGE S-92A,CHC,79204a1f-673c-447a-a80b-43a0dc4aebdd
2026-09-26,509579131,06:30,06:40,Pouso,Cabo Frio,UMCP,PR-CGF S-92A,CHC,10c31939-c800-422f-a4bf-f29196e2e21b
2026-09-26,509579035,06:30,07:14,Pouso,São Tomé,P-47,PR-JKM S-92A,Líder,e88d9c8c-bf76-4b84-a94b-c4946d0c088e
2026-09-26,509579012,06:30,06:26,Pouso,Macaé,NS41,PR-CGD S-92A,CHC,86f2bc56-6a31-4c9b-a641-81a066837fd7
2026-09-26,509578121,06:30,06:46,Pouso,Jacarepaguá,NS47,PR-OON AW189,Omni,949bba24-e923-43eb-a115-277e000ee1b8
2026-09-26,509578083,06:30,06:52,Pouso,Maricá,FPAT,PR-OOL S-92A,Omni,fa6d7762-bf97-4b5f-9ee3-801a9962c38c
2026-09-25,509578892,17:30,,Previsto,Macapá,SBOI / SBMQ,PR-AQR ATR-72-600,Azul,a6341510-9295-45b5-a2fa-c0e0ee693e43
2026-09-25,509578017,15:50,15:25,Pouso,Vitória,P-58,PS-BTK AW139,Bristow,07c45304-a602-4c7e-806e-285cda8334db
2026-09-25,509578018,15:45,15:41,Pouso,Vitória,SS81,PS-BTL AW139,Bristow,7fda3dd5-eed2-4b3a-995b-e39b36637242
2026-09-25,509578870,15:40,15:36,Pouso,São Tomé,UMVV / NS63 / P-52,PR-OFH H175,Omni,345f2079-80a4-452d-8fc9-12ffee7b19fb
2026-09-25,509578930,15:35,14:29,Pouso,São Tomé,P-20,PR-JBI S-92A,Líder,2d855868-8f08-4b26-9fb8-3fa878e8154f
2026-09-25,509578055,15:35,15:23,Pouso,São Tomé,UMLI / P-38,PR-JKM S-92A,Líder,74a22965-c74e-41cb-8d37-91d038302974
2026-09-25,509578020,15:35,15:37,Pouso,Macaé,NS60,PS-LSC AW139,CHC,5f4f3acd-a806-4d6d-ae6a-06d795f24b07
2026-09-25,509578063,15:30,15:22,Pouso,São Tomé,UMVV,PR-CCG S-92A,CHC,e5ca92d0-35ab-4197-b55d-83c6ca468e19
2026-09-25,509578166,15:20,15:10,Pouso,São Tomé,P-54,PR-CPV S-92A,CHC,15699033-7f69-40e9-8dc7-b742b25d375e
2026-09-25,509578048,15:15,14:51,Pouso,São Tomé,SS75,PR-JHI AW139,Líder,671df7a6-d949-4160-9445-9afaa4650b24
2026-09-25,509578136,15:10,15:33,Pouso,Jacarepaguá,UMAR,PR-JBO S-92A,Líder,3c778a7b-c103-45f0-a919-bf37ae134f2e
2026-09-25,509578034,15:10,15:01,Pouso,São Tomé,P-25,PR-WSG AW139,Bristow,0151a851-eaba-43f3-958e-3d5c0efd0033
2026-09-25,509578016,15:10,15:04,Pouso,Vitória,MOP1,PS-BTA AW139,Bristow,99212527-0f42-4587-a2f0-f8adf68144fe
2026-09-25,509578098,15:05,15:09,Pouso,Jacarepaguá,NS55,PR-OTS H175,Omni,dfc4ca23-476b-4940-adb1-f5895aea1602
2026-09-25,509578138,15:00,15:53,Pouso,Jacarepaguá,P-71,PR-JHC AW139,Líder,0a6d9654-535b-49cb-b22c-cf79d9c8f4e7
2026-09-25,509578069,14:55,,Transferido,Jacarepaguá,FPMA,PR-OHG S-92A,Líder,077528f4-18fd-4c5d-b005-65b5f9bfd12d
2026-09-25,509578120,14:50,16:02,Pouso,Jacarepaguá,NS54,PR-OOA AW139,Omni,344b0c6e-2e72-444c-b0a5-6674d6568e06
2026-09-25,509578078,14:50,14:35,Pouso,Maricá,P-78,PR-CGE S-92A,CHC,dc77f4aa-8488-4352-8191-7c6bb855665e
2026-09-25,509578097,14:46,,Transferido,Jacarepaguá,NS61,PR-OTQ H175,Omni,c8c96e41-6a46-476a-bdcf-32509944a5f8
2026-09-25,509578082,14:45,15:20,Pouso,Maricá,P-79,PR-CGW AW139,CHC,b17a0338-3226-49ea-af65-7707071bc2f3
2026-09-25,509578131,14:43,14:59,Pouso,Jacarepaguá,FPIB,PR-OON AW189,Omni,aef311ab-d3a1-4d96-91fc-a55d2f9cc8ef
2026-09-25,509578283,14:40,,Transferido,Jacarepaguá,P-69,PR-OHF S-92A,Omni,11baf2ae-5416-4480-a903-ed919404b181
2026-09-25,509578077,14:40,14:47,Pouso,Maricá,P-74 / NS43,PR-OHV AW139,Omni,8935678c-8620-405f-a0cb-b7a8a39e560b
2026-09-25,509578161,14:36,,Transferido,Jacarepaguá,P-67,PR-JAR S-92A,Líder,7060d4aa-14b5-4943-b197-8058ca2889f4
2026-09-25,509578133,14:33,15:47,Pouso,Jacarepaguá,NS33,PR-EPV S-92A,Líder,a9f11208-33c1-43e4-bb83-026a0e17b618
2026-09-25,509578134,14:30,14:23,Pouso,Jacarepaguá,P-70,PR-JKJ S-92A,Líder,9303dfd8-4724-40f0-8d04-37f2981becd3
2026-09-25,509578084,14:30,14:38,Pouso,Maricá,NS59,PR-OOL S-92A,Omni,168285df-7886-4443-a60b-cbbd6e72ea5f
2026-09-25,509578280,14:26,,Transferido,Jacarepaguá,FPSP,PR-JBQ S-92A,Líder,952c73a2-aa57-40b5-8824-dd3f30f286a0
2026-09-25,509578066,14:25,14:32,Pouso,Maricá,UMPT,PR-BGB S-92A,Omni,68862389-573c-4018-82c5-3312e096792a
2026-09-25,509578054,14:25,14:14,Pouso,São Tomé,P-43,PR-JBP S-92A,Líder,a45b54d9-349f-4409-a6d8-0b1b570d79c2
2026-09-25,509578324,14:23,14:38,Pouso,Jacarepaguá,P-66,PR-OOR AW189,Omni,f8402187-6df3-4a94-8dbd-7472302a7f15
2026-09-25,509578323,14:20,,Transferido,Cabo Frio,SESU,PS-FCB AW139,Omni,e41a1583-2d2a-42d5-a83b-62b8396bbf5b
2026-09-25,509578081,14:20,13:56,Pouso,Cabo Frio,UMPA,PR-CGF S-92A,CHC,b29c719d-f8ee-40c0-a4ce-7deba33841e0
2026-09-25,509578065,14:20,14:29,Pouso,Maricá,P-79,PR-BGT S-92A,CHC,2be6f984-874c-424c-85aa-507f04216012
2026-09-25,509578137,14:10,14:09,Pouso,Jacarepaguá,PMLZ1,PR-OHJ AW139,Omni,3d45e825-f7d5-4950-b95e-3eef3fd61f4e
2026-09-25,509578038,14:10,14:41,Pouso,Cabo Frio,UMCP,PR-BGU S-92A,CHC,787a59c5-83df-4105-a8ba-e4bc03c68d52
2026-09-25,509578123,14:05,,Transferido,Maricá,P-74,PR-OOS AW139,Omni,4ad4cd9e-a19e-44f4-9f00-d7827490703a
2026-09-25,509578058,14:05,13:42,Pouso,Cabo Frio,FPAD,PR-OHA AW139,Omni,3886001c-ef17-429a-8fb2-aaa0662a270f
2026-09-25,509578162,14:00,15:06,Pouso,Jacarepaguá,PMXL,PR-OHR AW139,Omni,519f8286-f599-416d-bb16-8b526df44210
2026-09-25,509578090,13:55,15:11,Pouso,Maricá,UMPT,PR-CGK AW139,CHC,9b28057f-30b2-42dc-a474-dc48f5e5b241
2026-09-25,509578073,13:50,14:25,Pouso,Maricá,NS28,PR-CGN AW139,Omni,3b45a180-5da9-4264-904b-cace3cc3380a
2026-09-25,509578093,13:45,14:01,Pouso,Maricá,P-76,PR-OHK S-92A,Omni,669c0070-4be5-4d94-b945-b5aff1a523d1
2026-09-25,509578062,13:45,13:26,Pouso,Cabo Frio,FPAD,PR-CGU AW139,CHC,261f6d74-2aa8-4d76-a7c1-b66f3b0271d7
2026-09-25,509578322,13:40,13:41,Pouso,Maricá,P-74,PR-OHN AW139,Omni,2c55d2a9-a225-493c-81b3-47e0f5ad72cc
2026-09-25,509578124,13:35,14:23,Pouso,Maricá,P-77,PR-CHT S-92A,Omni,0ac3c05c-54a5-44f1-bd60-af3077c30249
2026-09-25,509578168,13:30,13:18,Pouso,Macaé,SKNT / NS60,PR-CGS AW139,CHC,209ef98e-066c-4731-9964-a2ca6fe9bcce
2026-09-25,509578089,13:30,13:37,Pouso,São Tomé,UMMA,PR-OOQ H175,Omni,77c7012e-4e35-4d3f-ad3a-e3844f884ab5
2026-09-25,509578064,13:30,13:36,Pouso,Maricá,NS40,PR-OOC AW139,Omni,2eedd7e7-8c69-4124-b012-f686c87567ce
2026-09-25,509578167,13:20,15:32,Pouso,Macaé,SKOL,PS-BTO AW139,Bristow,256ff9d3-4fd5-4e8b-a088-651cb28becd3
2026-09-25,509578029,13:20,13:15,Pouso,São Tomé,NS31,PR-JHE AW139,Líder,b0ca3e00-4c5c-417b-9e00-ff0890eeecd5
2026-09-25,509578023,13:10,12:48,Pouso,Vitória,P-58,PS-BTK AW139,Bristow,be7d3908-1e51-4005-97dc-0490bf429412
2026-09-25,509577809,13:05,13:22,Pouso,Macaé,P-09,PS-BTO AW139,Bristow,5fbb89ee-fbe7-45db-a0fa-708dd46eae68
2026-09-25,509578056,13:00,13:16,Pouso,São Tomé,UMVV,PR-OTN H175,Omni,84cc7c1b-7a74-4b6c-ae79-67585bb40dfd
2026-09-25,509577918,13:00,13:11,Pouso,Macaé,FPCG,PS-LSC AW139,CHC,0398b004-2991-48fb-a053-5a4bf4f35c85
2026-09-25,509578053,12:55,12:18,Pouso,São Tomé,P-20,PR-JKM S-92A,Líder,c0abd30b-3c51-447e-8f25-977c185d12db
2026-09-25,509578035,12:55,13:10,Pouso,São Tomé,NS63,PR-OFH H175,Omni,ff13cece-c46e-409a-98d8-bd275c00ed41
2026-09-25,509578052,12:45,12:02,Pouso,São Tomé,P-53,PR-JBI S-92A,Líder,bd27eb89-f79d-4a91-8b30-bb26861db2de
2026-09-25,509577917,12:45,12:57,Pouso,Macaé,SS73,PR-CGD S-92A,CHC,64c9ff2a-d862-4dbc-adad-09b5b49a0c25
2026-09-25,509578284,12:40,13:14,Pouso,Cabo Frio,UMCP / P-68,PR-OTU AW139,Omni,cfe9b1e7-f0fd-4038-a6d8-0287b13090a0
2026-09-25,509578036,12:40,12:37,Pouso,São Tomé,P-62,PR-CPV S-92A,CHC,96fe9912-3cc5-457f-a05a-63a00a9652cb
2026-09-25,509578047,12:35,13:05,Pouso,São Tomé,P-40 / UMMA,PS-BTF AW139,Bristow,38c76ba8-b3af-46fb-9b17-d53db2c4f34f
2026-09-25,509578033,12:30,11:48,Pouso,São Tomé,FPAN,PR-JHI AW139,Líder,021b6953-8d70-47fa-85e2-b20be706d41e
2026-09-25,509578289,12:20,13:05,Pouso,São Tomé,P-31 / P-53,PS-BTC AW139,Bristow,ca454794-2476-48ed-aaad-b6dd81e10603
2026-09-25,509578842,12:10,,Transferido,Jacarepaguá,FPMR,PR-OOR AW189,Líder,5fac3a04-2b60-4249-9b07-ad65bdf7efe1
2026-09-25,509578129,12:00,12:34,Pouso,Jacarepaguá,FPPA,PR-CGO AW139,Omni,0599774b-8b1f-4354-8765-c307841d4a04
2026-09-25,509578068,11:50,13:42,Pouso,Jacarepaguá,NS56,PR-OTY AW189,Omni,75455023-a5e1-4194-a000-34d9b8761d7c
2026-09-25,509578046,11:40,11:40,Pouso,São Tomé,UMPC,PR-JBP S-92A,Líder,0d9c7f79-509d-42df-84ca-d2efaa79c823
2026-09-25,509578282,11:25,12:22,Pouso,Jacarepaguá,WAVE,PR-JHC AW139,Líder,e937e9b6-ffea-42d7-a2e3-154211c2fc6c
2026-09-25,509578088,11:05,12:32,Pouso,Jacarepaguá,FPCS,PR-OHR AW139,Omni,b91c4ec0-6862-4cfc-a2aa-b9b2d84f89d5
2026-09-25,509577442,11:00,11:12,Pouso,Jacarepaguá,FPSP,PR-JBO S-92A,Líder,50779245-d54e-4579-b524-c1f1398b55f8
2026-09-25,509578135,10:56,14:20,Pouso,Jacarepaguá,FPIT,PR-JAR S-92A,Líder,48282847-ad3c-4c85-b0c2-cebe3974074b
2026-09-25,509577242,10:53,11:11,Pouso,Jacarepaguá,NS54,PR-OTS H175,Omni,96d78c86-6f04-48df-8a28-f0ef78dc5708
2026-09-25,509578160,10:50,11:18,Pouso,Jacarepaguá,UMAR / P-68,PR-OON AW189,Omni,3468fa89-bf60-471a-bf41-b18cf5081bf0
2026-09-25,509578096,10:50,10:46,Pouso,Maricá,P-76,PR-CGE S-92A,CHC,92a35e50-c575-4643-8b6b-7cf76842a1d6
2026-09-25,509577251,10:46,13:31,Pouso,Jacarepaguá,NS61,PR-OOA AW139,Omni,dc01edfd-cbca-476c-9478-03ba8c2f0d2d
2026-09-25,509578132,10:43,,Transferido,Jacarepaguá,FPSA,PR-JAR S-92A,Líder,d332037e-dfff-438a-9c3b-efe2470fbc85
2026-09-25,509578122,10:40,,Transferido,Jacarepaguá,FPMR,PR-EPV S-92A,Omni,22d5e522-e274-4ceb-8e2a-5d1aeff093e1
2026-09-25,509577348,10:37,13:39,Pouso,Jacarepaguá,NS56,PR-OHG S-92A,Omni,ce02d7e7-a01d-4970-a479-a68ecae29d94
2026-09-25,509578076,10:35,12:27,Pouso,Maricá,NS38,PR-CGW AW139,CHC,2b67821c-4a51-4835-aa2a-e20a1e6dd4fa
2026-09-25,509577217,10:33,15:06,Pouso,Jacarepaguá,NS45,PR-OTQ H175,Omni,8b7d621a-4fda-4c7d-a3f3-82bf8bdb2d74
2026-09-25,509578079,10:30,10:23,Pouso,Oiapoque,NS42,PR-OOY AW189,Omni,41e046ae-8943-4e51-8305-4f90537a77f6
2026-09-25,509578072,10:30,10:32,Pouso,Cabo Frio,UMCP,PR-CGF S-92A,CHC,c3b140a2-9870-4904-9d1a-d0f2eb66e70d
2026-09-25,509578039,10:30,10:44,Pouso,Maricá,P-79,PR-OHV AW139,Omni,f22359f6-d749-4e96-b12c-08d9a806be22
2026-09-25,509577802,10:30,12:19,Pouso,Jacarepaguá,P-69,PR-OHF S-92A,Omni,c68f2a2c-fc4c-40ec-bdc8-c7564befd893
2026-09-25,509577347,10:27,14:37,Pouso,Jacarepaguá,FPPA,PR-JBQ S-92A,Líder,9869574b-7a2e-4995-88bb-ad4e7ebbdaa7
2026-09-25,509578095,10:25,10:38,Pouso,Maricá,P-75,PR-OOL S-92A,Omni,24050511-771a-49ca-917c-bf6ad7f941e1
2026-09-25,509578839,10:20,12:19,Pouso,Jacarepaguá,NS47 / UMAR,PR-OHL AW139,Omni,74a676da-9c31-4364-96e6-54a7bc9f83f0
2026-09-25,509578075,10:20,,Transferido,Maricá,UMTJ,PR-OHK S-92A,Omni,79309aaa-5d25-427d-8716-ba7862879d26
2026-09-25,509577264,10:20,10:41,Pouso,Maricá,P-76 / FPAB,PR-BGB S-92A,Omni,cf4df209-c69c-48df-a99b-e1551f33e3e7
2026-09-25,509578061,10:15,10:00,Pouso,Cabo Frio,FPGU,PR-OHA AW139,Omni,4d980447-c310-4bcf-959d-4b805a22b984
2026-09-25,509578028,10:15,10:23,Pouso,São Tomé,NS32,PR-OOQ H175,Omni,073f5438-82b2-4b0c-946e-7ccea123accf
2026-09-25,509577272,10:15,10:27,Pouso,Maricá,NS38,PR-BGT S-92A,CHC,562634f5-58f6-4d2a-b865-8a132c8f9aef
2026-09-25,509578094,10:10,,Transferido,Maricá,NS62,PR-OOS AW139,Omni,d64f72d5-b928-4baa-8c85-67251579409e
2026-09-25,509578086,10:10,10:23,Pouso,Oiapoque,NS42,PR-OOX AW189,Omni,3e182469-2bee-454f-9fdc-9c5bbfaa6b1e
2026-09-25,509578080,10:10,10:26,Pouso,Cabo Frio,UMPA,PR-BGU S-92A,CHC,8cac7f93-634b-4975-a829-950f682b3902
2026-09-25,509578037,10:10,10:04,Pouso,Cabo Frio,FPSE,PR-CGU AW139,CHC,15cc73ed-40ba-417f-b5ee-d7ebd5955c34
2026-09-25,509578022,10:10,10:14,Pouso,Vitória,P-58,PS-BTL AW139,Bristow,943be113-6081-4acf-88f3-f6b204e2d664
2026-09-25,509577289,10:10,10:55,Pouso,Jacarepaguá,FPIB,PR-JKJ S-92A,Líder,c48dc44b-1f72-46cb-bc3d-bf2acf99fce9
2026-09-25,509578085,10:05,12:18,Transferido,Maricá,UMTJ,PR-CGK AW139,CHC,dce031c9-4738-4aaa-b2ed-fc1eb0204b6c
2026-09-25,509578045,10:05,10:23,Pouso,São Tomé,UMPC,PS-BTF AW139,Bristow,18618235-e3b1-451e-8907-72f8219e3318
2026-09-25,509578092,10:00,12:42,Pouso,Maricá,FPAB,PR-OOS AW139,Omni,eaf852a2-3833-429f-beb6-549726e15f79
2026-09-25,509578060,10:00,10:09,Pouso,São Tomé,NS44 / P-52,PR-OTN H175,Omni,7e783c30-ea86-40b0-9fe6-8651677ca1e9
2026-09-25,509578044,10:00,10:53,Pouso,São Tomé,NS51 / P-55,PR-JHE AW139,Líder,d88c8a02-73e9-4446-8ce8-0e1022676c64
2026-09-25,509578031,10:00,10:03,Pouso,Aracaju,PA39,PR-AIE H145,Líder,3f773ae3-4476-4dc0-a985-f6764ef53721
2026-09-25,509578043,09:55,10:27,Pouso,São Tomé,UMLI,PR-JKM S-92A,Líder,e6978eae-021d-4b84-8267-de7204f6cb36
2026-09-25,509577285,09:55,10:20,Pouso,Maricá,P-77,PR-OHK S-92A,Omni,0828fcb4-3b2f-4afe-91fc-ef6fe202948b
2026-09-25,509578059,09:50,12:56,Pouso,São Tomé,UMVV,PR-CCG S-92A,CHC,e60ff11a-71f5-403b-b7f2-257a19f693cf
2026-09-25,509578021,09:50,09:34,Pouso,Vitória,SS81,PS-BTK AW139,Bristow,e33a93f1-34ef-47d3-a32b-49f710a9fea7
2026-09-25,509577341,09:50,09:58,Pouso,Cabo Frio,SATO,PR-BGZ AW139,CHC,8689d3ad-f38c-4d7b-a09c-23cb4a175303
2026-09-25,509577245,09:50,09:48,Pouso,Maricá,NS40,PR-OHN AW139,Omni,04606148-1cb1-4c59-85b4-939b23a5a4ee
2026-09-25,509577271,09:45,10:51,Pouso,Maricá,P-79 / UMTJ,PR-CHT S-92A,Omni,ddf1716c-6d08-4582-a777-38ad6b1fbabf
2026-09-25,509577916,09:40,09:40,Pouso,Macaé,PNA2,PR-CGS AW139,CHC,8b8f626d-af9c-4055-bddb-0107647d456b
2026-09-25,509577277,09:40,10:04,Pouso,Maricá,NS28,PR-OOC AW139,Omni,1ee80bde-0a5c-4049-ad3b-3bb53d2b1e01
2026-09-25,509578321,09:35,09:40,Pouso,São Tomé,P-18,PR-WSG AW139,Bristow,be012538-c30a-40e8-94fa-a9fcfbb60a9f
2026-09-25,509578051,09:30,09:30,Pouso,São Tomé,P-53,PR-JBI S-92A,Líder,fca68331-57d5-41b5-82fc-032c6410f78f
2026-09-25,509577915,09:30,09:43,Pouso,Macaé,NS58,PS-BTO AW139,Bristow,a014fcd9-ac9c-47f8-90c9-83bbac2ba470
2026-09-25,509577213,09:25,09:13,Pouso,São Tomé,NS63 / P-62,PR-CPV S-92A,CHC,16d07eef-6377-4a76-913a-833026d67e6f
2026-09-25,509578835,09:20,09:21,Pouso,Vitória,SS81,PR-OTX AW139,Omni,b2a70290-ff6b-4d83-b2c6-a50adbf46b87
2026-09-25,509578042,09:20,09:30,Pouso,São Tomé,P-19,PR-JHI AW139,Líder,83ef7dc3-8763-4b2e-9b62-b079a028ad8c
2026-09-25,509577282,09:20,09:35,Pouso,Cabo Frio,UMCP,PR-OTU AW139,Omni,3de3a6a9-c8e0-4ace-9b86-e067a4a14042
2026-09-25,509578050,09:10,09:00,Pouso,São Tomé,P-38 / P-56,PS-BTC AW139,Bristow,3b7bf088-09ef-4ef3-b76d-136fbd14c7a8
2026-09-25,509578015,09:10,09:04,Pouso,Vitória,CDAN,PS-BTA AW139,Bristow,4475f2a8-8778-4a21-b96a-104f96bac9a0
2026-09-25,509578032,08:55,09:04,Pouso,São Tomé,P-47 / FPAN,PR-JBP S-92A,Líder,de87a586-21de-4482-bd33-4f4a417acd3b
2026-09-25,509578024,08:30,08:27,Pouso,Aracaju,PA38,PR-AIE H145,Líder,099b36ed-7149-4e39-b7d7-fb80fbe9ac63
2026-09-25,509577421,08:05,08:19,Pouso,Jacarepaguá,UMAR,PR-OOR AW189,Omni,80e11eaa-c369-452f-8ea5-c4fc62b8390d
2026-09-25,509578067,08:00,08:16,Pouso,Jacarepaguá,P-68,PR-CGO AW139,Omni,b5244e5e-d46e-4a1e-a11f-af327b3200db
2026-09-25,509577462,07:50,08:20,Pouso,Jacarepaguá,NS47,PR-OTY AW189,Omni,fd5a6b06-77c0-44ea-a3aa-6b3ba46a0ea9
2026-09-25,509577236,07:45,08:29,Pouso,Jacarepaguá,NS55,PR-OTS H175,Omni,b17e608d-e0e0-4b3f-a46d-6e23870922d8
2026-09-25,509577531,07:40,07:49,Pouso,Vitória,P-58,PR-OHB AW139,Omni,a028408f-314b-4259-99c4-c377363d09c8
2026-09-25,509575687,07:40,07:51,Pouso,Jacarepaguá,NS45,PR-OTQ H175,Omni,f979a827-119e-4edb-89c9-926eea951884
2026-09-25,509579050,07:30,09:10,Pouso,São Tomé,P-31,PR-JHD AW139,Líder,339e7456-6239-4288-9671-bcb598402afc
2026-09-25,509577919,07:30,07:39,Pouso,Vitória,P-57,PS-BTL AW139,Bristow,9a0d0464-9516-4190-b171-19d3eefbf401
2026-09-25,509577248,07:30,07:39,Pouso,Maricá,NS59,PR-CGW AW139,CHC,a3f707d0-fd46-480e-b8d0-9016dc6f9dbb
2026-09-25,509575688,07:30,10:54,Pouso,Jacarepaguá,NS55,PR-OTQ H175,Omni,f9e284bc-63cc-4a20-9be4-aa4538091eca
2026-09-25,509578125,07:25,07:43,Pouso,São Tomé,P-52,PR-OFH H175,Omni,1db8bcf6-8f69-4269-81a8-0a8b0a6fa581
2026-09-25,509577270,07:25,07:30,Pouso,Maricá,NS28,PR-OHV AW139,Omni,25eee0e2-251a-4d2d-9e32-a0a7ff99ee8e
2026-09-25,509578163,07:20,08:18,Transferido,Cabo Frio,FPPL,PS-CDR AW139,CHC,f619289c-8dad-444e-941d-2a6b9263212e
2026-09-25,509578128,07:20,07:36,Pouso,Jacarepaguá,SAES,PR-OHR AW139,Omni,fd4b14fb-02b5-4b3a-9d63-3560b3e5058f
2026-09-25,509578041,07:20,07:17,Pouso,São Tomé,NS52,PR-JHE AW139,Líder,13fb619a-5113-44c4-ad10-5a448a2bf03e
2026-09-25,509577244,07:20,07:43,Pouso,Maricá,UMPT,PR-CGE S-92A,CHC,d983e2b4-2c60-4ad8-9fe1-751a75cf6afb
2026-09-25,509577345,07:16,07:18,Pouso,Jacarepaguá,UMAR,PR-JBQ S-92A,Líder,89fe14c6-b36f-4bc5-a707-f591333a1945
2026-09-25,509578165,07:15,07:28,Pouso,São Tomé,UMMA,PR-WSG AW139,Bristow,1ef770df-c85a-4175-81f8-3a2e237620db
2026-09-25,509577262,07:15,07:32,Pouso,Maricá,P-78,PR-OOL S-92A,Omni,0c9b82ad-8bfd-49a6-a679-f9264b1f3305
2026-09-25,509577332,07:13,08:34,Pouso,Jacarepaguá,SAJA,PR-JHC AW139,Líder,f0ad16ad-741e-42b2-be23-e7798c09af59
2026-09-25,509578121,07:10,,Transferido,Jacarepaguá,NS47,PR-OON AW189,Omni,3926e9db-a06f-4ac1-bab6-67e4794a5d98
2026-09-25,509578057,07:10,07:17,Pouso,Cabo Frio,FPDC,PR-OHA AW139,Omni,0925f2c5-2525-4041-bd6b-7b8860ccfac6
2026-09-25,509578027,07:10,08:18,Pouso,São Tomé,P-31,PS-BTF AW139,Bristow,a095b5d6-0f17-49df-9b33-a3d5e4e87080
2026-09-25,509578014,07:10,07:12,Pouso,Vitória,FPMQ,PS-BTK AW139,Bristow,92c3686f-eb47-4da3-adf2-1e2182fa5bd5
2026-09-25,509577350,07:10,07:16,Pouso,Macaé,SKNT,PS-LSC AW139,CHC,90de53b7-da92-4eda-9f82-1541c89ca7ac
2026-09-25,509577275,07:10,07:45,Pouso,Maricá,FPAT,PR-BGB S-92A,Omni,ba50f0d1-2e26-41a4-86d2-4987a6d78a54
2026-09-25,509577259,07:05,07:14,Pouso,Maricá,P-75,PR-BGT S-92A,CHC,1cb82bef-b698-45d0-af81-b326439a9d51
2026-09-25,509576739,07:05,07:22,Pouso,Jacarepaguá,SAJA,PR-OHJ AW139,Omni,0132b739-5157-45c6-902a-0d04ed9a06f5
2026-09-25,509573598,07:05,07:28,Pouso,São Tomé,P-56,PR-OTP H175,Omni,85f32a19-d1a0-47e2-a509-181f0b5e2643
2026-09-25,509578840,07:00,07:00,Pouso,Aracaju,PCM-9,PR-AIE H145,Líder,f5e44ad8-291e-438f-b479-a3c223f173a5
2026-09-25,509578091,07:00,,Transferido,Maricá,UMPT,PR-OHK S-92A,Omni,7bbf8c04-87b0-46c8-b4b4-226a60597bd4
2026-09-25,509578070,07:00,06:52,Pouso,Cabo Frio,FPPL,PR-CGU AW139,CHC,322cf100-2d0a-43e9-9416-bae3805ed26d
2026-09-25,509577339,07:00,07:32,Pouso,Jacarepaguá,FPAR,PR-JBO S-92A,Líder,01f5b98e-7678-4869-8a63-29f884d89fc1
2026-09-25,509577274,07:00,10:17,Pouso,Maricá,P-74,PR-CGN AW139,Omni,57f021cf-0691-41de-a233-18e42cfd0089
2026-09-25,509577235,07:00,07:11,Pouso,São Tomé,UMVV / P-62,PR-OTN H175,Omni,faf1e2fa-3d1f-4e6e-994d-cc11da391845
2026-09-25,509576830,07:00,08:15,Pouso,Cabo Frio,SECR,PS-FCB AW139,CHC,71d00ede-4d31-4b2a-aef9-d7f6da118d22
2026-09-25,509578851,06:55,06:58,Pouso,São Tomé,NS52,PR-OOQ H175,Omni,8bdd6144-ffd4-4d4a-b042-72f2b24f59c2
2026-09-25,509577337,06:55,10:52,Pouso,Jacarepaguá,P-67,PR-JAR S-92A,Líder,a2dbc468-ee3d-4adc-8146-42bf45f3839f
2026-09-25,509577283,06:55,07:16,Pouso,Cabo Frio,UMPA,PR-CGF S-92A,CHC,2a6a7517-b816-458a-9708-b7aead9cffc0
2026-09-25,509576695,06:55,07:55,Pouso,Maricá,NS28,PR-CGK AW139,CHC,f224c7ec-f0b0-4d2a-a932-4f944a3471d6
2026-09-25,509578164,06:50,07:00,Pouso,Jacarepaguá,FPCR,PR-OHG S-92A,Omni,13596e76-5030-498b-8154-05a1b2755bc7
2026-09-25,509578026,06:50,07:15,Pouso,São Tomé,P-51,PR-JBI S-92A,Líder,97f28a6c-5a1f-42c6-ac60-55f5401bb408
2026-09-25,509578013,06:50,06:49,Pouso,Vitória,P-58,PR-OTX AW139,Omni,2ebe2142-f83e-4827-9b02-1ab85fedd562
2026-09-25,509576807,06:50,07:03,Pouso,Macaé,SKNT / SS92,PR-CGS AW139,CHC,e5510784-b0a7-43b9-a855-8e409870898d
2026-09-25,509576669,06:50,07:10,Pouso,Maricá,NS38,PR-CGN AW139,Omni,931d64ad-f0fe-41a9-9090-3f1b8728e6d5
2026-09-25,509578841,06:45,07:15,Pouso,Salvador,PMNT1,PR-OFE H145,Omni,3e629d9c-581b-47d1-9d92-c4b51aa33147
2026-09-25,509578025,06:45,07:12,Pouso,São Tomé,FPAG,PR-JHI AW139,Líder,ae1e7a3f-e940-4461-8590-5ea6d8c46b03
2026-09-25,509578012,06:45,07:03,Pouso,Macaé,NS41,PS-CDT AW139,CHC,ff3cb2b7-53a1-43d4-b696-e08b19a65657
2026-09-25,509577247,06:45,07:14,Pouso,Maricá,NS62,PR-OHK S-92A,Omni,78810b41-ba36-41a8-8d2f-8aed4377c3c5
2026-09-25,509576601,06:45,08:34,Pouso,Jacarepaguá,FPSP,PR-JKJ S-92A,Líder,93ccc97a-0e96-4e6f-8122-dbd0fd747256
2026-09-25,509577463,06:40,06:55,Pouso,Cabo Frio,UMPA,PR-BGU S-92A,CHC,cdf1f3a5-1e8e-43d3-b9ad-55eee4eeef37
2026-09-25,509577355,06:40,06:52,Pouso,Jacarepaguá,FPMR,PR-OHF S-92A,Omni,420edb6c-0c10-47d8-b8c1-547eeff9f47e
2026-09-25,509577214,06:40,06:45,Pouso,São Tomé,P-55,PR-CPV S-92A,CHC,92b688aa-477f-44ba-93ca-97e59c76555d
2026-09-25,509576668,06:40,06:58,Pouso,Maricá,NS43,PR-OHN AW139,Omni,2bb619cb-6142-4841-ae57-e8a41b1c2e49
2026-09-25,509576947,06:36,08:31,Pouso,Jacarepaguá,P-66,PR-JAR S-92A,Líder,925cdabe-798a-4474-ad4c-7935b63a797d
2026-09-25,509578040,06:35,06:49,Pouso,São Tomé,FSME / PRA-1,PS-BTC AW139,Bristow,e8b4cb32-ab7b-404f-98ce-818811e075eb
2026-09-25,509577999,06:35,06:29,Pouso,Macaé,SS83,PS-BTO AW139,Bristow,743fd868-1e6e-4ee0-8574-3e5e47a70803
2026-09-25,509576806,06:35,06:50,Transferido,Cabo Frio,SAON,PR-BGZ AW139,CHC,dc3dde10-e128-4f2b-be7b-3cc77a10a267
2026-09-25,509576703,06:35,07:16,Pouso,Maricá,NS59,PR-CHT S-92A,Omni,656b8d06-324a-419a-9e18-14499982e4af
2026-09-25,509577356,06:33,07:36,Pouso,Jacarepaguá,NS33,PR-OHL AW139,Omni,214272f3-f413-4fa0-b531-11f9be3f737a
2026-09-25,509578320,06:30,06:49,Pouso,São Tomé,P-48,PR-JBP S-92A,Líder,a61c4485-dda1-40f3-b177-3a166392f6c2
2026-09-25,509577914,06:30,07:09,Pouso,Macaé,UMPC,PR-CGD S-92A,CHC,72cb9275-5825-4702-b29e-0e98b5112174
2026-09-25,509577466,06:30,06:45,Pouso,Cabo Frio,UMCP,PR-OTU AW139,Omni,7e6c855d-a442-45ca-8b92-6dd51382fcca
2026-09-25,509577349,06:30,10:28,Pouso,Jacarepaguá,FPCR,PR-JBQ S-92A,Líder,5e1075e1-2f55-468a-a616-a8df4dbec042
2026-09-25,509576720,06:30,06:54,Pouso,Maricá,NS62,PR-OOC AW139,Omni,fdcb7363-9697-4d40-a286-8c793d50bc30
2026-09-25,509578030,06:20,06:16,Pouso,Vitória,MOP1,PS-BTA AW139,Bristow,e215e495-7ec5-45a5-a82a-d76f2e6185a5
2026-09-24,509577364,16:00,16:02,Pouso,Salvador,PMNT1,PR-OFE H145,Omni,b843352b-f654-4fa1-a2b8-2d9d93075374
2026-09-24,509577233,15:55,15:42,Pouso,São Tomé,UMLI,PR-OTP H175,Omni,9fc4a10e-1c4f-401e-a17b-855cee48eb8e
2026-09-24,509578823,15:40,15:27,Pouso,São Tomé,P-43,PS-BTF AW139,Bristow,7780fa6d-bb2d-4b3a-976d-ec1990a87453
2026-09-24,509577257,15:35,16:01,Pouso,Macaé,SS83,PR-CGD S-92A,CHC,f510089c-b51d-42bd-82ce-13829348b702
2026-09-24,509577232,15:35,15:39,Pouso,São Tomé,NS32,PR-OOQ H175,Omni,5c4d803c-6a3c-469f-a394-f74f156bb2a7
2026-09-24,509577204,15:30,15:17,Pouso,São Tomé,UMMA,PR-WSG AW139,Bristow,7ff23bfc-473e-4bbf-90c6-800e0ca55fb2
2026-09-24,509577234,15:15,15:50,Pouso,São Tomé,NS51,PR-JHE AW139,Líder,5162fb57-44cc-430e-bcd6-4e0e1f1b7276
2026-09-24,509577288,15:10,15:25,Pouso,Jacarepaguá,P-70,PR-JBO S-92A,Líder,00ae4fa0-c4d1-4a95-bc84-d0f4ba9454ef
2026-09-24,509577237,15:05,14:38,Pouso,Jacarepaguá,NS54,PR-OHF S-92A,Omni,59dac2ee-8db1-4a7b-a8cd-913252f59567
2026-09-24,509578284,15:00,,Transferido,Cabo Frio,UMCP / P-68,PR-BGU S-92A,Omni,9c170bf3-4678-46f4-a300-542f629338b4
2026-09-24,509577661,15:00,14:50,Pouso,São Tomé,P-31,PR-JHI AW139,Líder,4aac4419-8a62-4fbb-a449-f6b8466fca32
2026-09-24,509577422,15:00,16:01,Pouso,Jacarepaguá,P-68,PR-JKJ S-92A,Líder,e0cd15d1-a053-465d-8c9a-2e370237c727
2026-09-24,509577213,14:55,14:33,Transferido,São Tomé,NS63 / P-62,PR-CPV S-92A,CHC,82d4a568-a1e4-4f30-ad48-b5e3315895ac
2026-09-24,509577910,14:50,14:58,Pouso,São Tomé,P-25,PR-JBI S-92A,Líder,c365a5c2-030c-46e4-bede-daf2695637d5
2026-09-24,509577282,14:50,,Transferido,Cabo Frio,UMCP,PR-CGF S-92A,Omni,7d91e047-6c14-4ea8-8b3c-99ed435583ae
2026-09-24,509577231,14:50,14:52,Pouso,São Tomé,P-53,PR-JBP S-92A,Líder,66372370-440f-4523-be91-00abbe924dc3
2026-09-24,509575687,14:50,15:21,Transferido,Jacarepaguá,NS45,PR-OOP H175,Omni,84c87414-6ad6-43b4-b9f4-4df481805218
2026-09-24,509577349,14:45,,Transferido,Jacarepaguá,FPCR,PR-EPV S-92A,Líder,6048edfe-6234-4f05-8d84-64439a9232f6
2026-09-24,509577280,14:45,14:47,Pouso,Maricá,P-79,PR-OHK S-92A,Omni,60d7e211-6d40-40da-85ad-13b160f2580d
2026-09-24,509577462,14:41,14:43,Transferido,Jacarepaguá,NS47,PR-OTY AW189,Omni,10473227-7fdb-4821-b51c-0503456a70a6
2026-09-24,509577277,14:40,,Transferido,Maricá,NS28,PR-OOS AW139,Omni,3824497e-6271-4f9f-bf35-d3c449f57a8e
2026-09-24,509577214,14:40,,Transferido,São Tomé,P-55,PS-CPU S-92A,CHC,8bed9ecd-83b6-4fdd-bcce-f10ba3080171
2026-09-24,509576837,14:38,15:22,Pouso,Jacarepaguá,PMXL,PR-OHR AW139,Omni,8dd6885d-3f28-48ee-b499-87ee2f6de676
2026-09-24,509577276,14:35,14:52,Pouso,Maricá,UMTJ,PR-CGN AW139,Omni,cd8ef550-9b2c-4416-a81b-0337b267bcf4
2026-09-24,509576610,14:35,14:52,Pouso,Jacarepaguá,UMAR,PR-JBQ S-92A,Líder,7e0c07bc-ff80-4992-9947-496b32643389
2026-09-24,509576603,14:33,14:57,Pouso,Jacarepaguá,FPPA,PR-JBE S-92A,Líder,b9ed2779-cc25-45fe-aa3b-9514f2bed5e4
2026-09-24,509577446,14:30,,Cancelado,Cabo Frio,WAVE,PR-BGZ AW139,CHC,2713652e-6a8a-49c9-9416-ea9214b3f749
2026-09-24,509577317,14:30,16:27,Pouso,São Tomé,UMPC,PS-BTC AW139,Bristow,6480a716-c64a-4c42-b3b4-2edb088a24f3
2026-09-24,509577273,14:30,14:59,Pouso,Maricá,P-74 / UMTJ,PR-BGB S-92A,Omni,83340b44-7c83-4d82-9842-74e920f7c449
2026-09-24,509576715,14:30,14:26,Pouso,Jacarepaguá,FPSA,PR-JAR S-92A,Líder,559f0731-4e77-4e80-8881-fa7d4e514d4a
2026-09-24,509577264,14:25,,Transferido,Maricá,P-76 / FPAB,PR-BGB S-92A,Omni,611e0057-b1d2-43d5-8947-b6b81e4f93c7
2026-09-24,509577356,14:24,,Transferido,Jacarepaguá,NS33,PR-OHL AW139,Omni,0bc3dd5c-a3d7-4a0c-8e11-3c0a4668a083
2026-09-24,509577342,14:20,,Transferido,Cabo Frio,SKVI,PR-OOT AW139,Omni,1256b7f2-d248-481b-9965-81545a6510ab
2026-09-24,509577246,14:20,14:07,Pouso,Maricá,UMAC,PR-BGT S-92A,CHC,a626fe1b-f2b4-4a94-a1d8-4262cca6526b
2026-09-24,509577420,14:15,14:24,Pouso,Jacarepaguá,UMAR,PR-OOR AW189,Omni,2ac9613b-7063-4100-950c-2bf13cab99ab
2026-09-24,509577263,14:15,14:34,Pouso,Maricá,NS43,PR-CHT S-92A,Omni,c15afb58-0b1f-4fd0-8d71-42a3be270b89
2026-09-24,509577245,14:10,,Transferido,Maricá,NS40,PR-CGW AW139,Omni,531f8c78-eaaa-43b0-8834-4c8125155b5f
2026-09-24,509577284,14:00,14:02,Pouso,Maricá,P-76,PR-OHN AW139,Omni,e16e833c-9145-49cf-b28a-105dbe149962
2026-09-24,509576836,14:00,14:30,Pouso,Jacarepaguá,PMLZ1,PR-OHJ AW139,Omni,26626889-5af0-49bf-a613-f0aa4e16e033
2026-09-24,509577331,13:50,13:41,Pouso,Cabo Frio,FPSE,PR-CGU AW139,CHC,7647b25a-3265-49ef-b095-cadfc3cd91db
2026-09-24,509577249,13:50,14:41,Pouso,Cabo Frio,FPDC,PR-CGT AW139,CHC,1aec040d-025c-45ad-b206-9443d02ddbe0
2026-09-24,509577358,13:45,14:23,Pouso,Maricá,P-75 / P-76,PR-OHV AW139,Omni,8afadc8a-33cc-46ed-91c4-9df24d1920e8
2026-09-24,509577340,13:45,13:32,Pouso,Cabo Frio,FPAD,PR-OHA AW139,Omni,cb9c1eb4-cfd6-4ca9-8082-b6fd950b0808
2026-09-24,509577202,13:45,13:26,Pouso,São Tomé,UMPC,PR-JBI S-92A,Líder,a8710998-fe5d-41a5-a16d-e9a28bdf630e
2026-09-24,509575068,13:35,14:22,Pouso,Maricá,UMAC,PR-CGK AW139,CHC,d399ac9d-a211-4052-a409-23126aed10f3
2026-09-24,509577258,13:30,13:46,Pouso,Maricá,FPAB,PR-OOC AW139,Omni,669ba61e-47b7-41d9-b2c1-5a7abb4c9cdf
2026-09-24,509577208,13:30,13:26,Pouso,Vitória,UMGR,PS-BTA AW139,Bristow,f2c29f9d-80f7-407a-b796-76e12e0c5c2d
2026-09-24,509576739,13:30,,Transferido,Jacarepaguá,SAJA,PR-OTQ H175,Líder,dce46be4-7dc9-4993-8a07-335524529f41
2026-09-24,509577330,13:25,13:24,Pouso,Cabo Frio,FPGU,PS-FCB AW139,CHC,9ec68b34-f1e3-4279-a62c-b9144dcb61c2
2026-09-24,509577203,13:25,13:31,Pouso,São Tomé,NS52 / FPAN,PR-JHE AW139,Líder,df9f92c2-6e68-4e02-a401-56deb71b81f2
2026-09-24,509577350,13:20,,Transferido,Macaé,SKNT,PS-CDT AW139,CHC,16e51465-ca10-4539-8ea7-f53062130d42
2026-09-24,509576807,13:20,,Transferido,Macaé,SKNT,PS-BTO AW139,CHC,ade3432f-6c3b-4031-bb8d-0ab2e7ec14e6
2026-09-24,509576725,13:20,14:29,Pouso,Cabo Frio,UMCP,PR-OTU AW139,Omni,cf7b394c-fd37-4293-9478-833d12dfd332
2026-09-24,509576704,13:15,13:14,Pouso,Maricá,UMAC,PR-CGE S-92A,CHC,6cd2b811-c3b4-4566-9d40-881a0ca1b78b
2026-09-24,509577253,13:10,13:14,Pouso,Macaé,FPCG,PS-CDT AW139,CHC,e472979a-7286-4d48-85b9-0ec9f97acfd3
2026-09-24,509577212,13:10,13:24,Pouso,São Tomé,UMLI,PS-BTF AW139,Bristow,991c70d2-427a-4e99-bb73-2e781372683e
2026-09-24,509577207,13:10,13:15,Pouso,Vitória,UMGR,PS-BTL AW139,Bristow,45844879-3814-4c19-a67d-f0d858ea10f5
2026-09-24,509577256,13:05,13:04,Pouso,Macaé,SS73,PS-LSC AW139,CHC,1bb90a0c-347e-42cc-bf0b-ae8790bc7b27
2026-09-24,509577205,13:05,15:43,Pouso,São Tomé,P-52 / P-54,PR-OFH H175,Omni,7690053f-1c54-458e-9657-32b16e7ee5b9
2026-09-24,509577222,13:00,13:07,Pouso,São Tomé,SS75,PR-OOQ H175,Omni,441a2752-0b28-4b9a-920d-09fd942cd4f3
2026-09-24,509576945,13:00,15:41,Pouso,Macaé,UMPC,PS-CDT AW139,CHC,5e680079-ac13-4902-93eb-7eb9c1647d6a
2026-09-24,509577353,12:50,12:53,Pouso,Vitória,P-58,PS-BTK AW139,Bristow,a548bfc7-6eb5-4a62-8b1c-7b69fb63e13d
2026-09-24,509577239,12:50,15:20,Pouso,Macaé,NS58,PR-CGS AW139,CHC,6f93acb8-ea87-4b7b-bfc9-80e03fe6d199
2026-09-24,509577235,12:50,15:25,Transferido,São Tomé,UMVV / P-62,PR-OTN H175,Omni,f9881fd8-7255-4c11-85cc-e76ff579f2b5
2026-09-24,509577221,12:45,12:40,Pouso,São Tomé,FPAG / P-38,PR-OTP H175,Omni,d6e6b856-faf4-4e0a-8061-79982239c296
2026-09-24,509577255,12:40,13:17,Pouso,Macaé,NS41,PR-CGD S-92A,CHC,6058dcf4-cd78-4f8a-a245-8b1a54a68db4
2026-09-24,509577230,12:35,12:22,Pouso,São Tomé,P-31,PS-BTC AW139,Bristow,36759771-79b1-4d10-b774-bb8dd6cdf817
2026-09-24,509577240,12:30,12:23,Pouso,Vitória,CDAN,PR-OTX AW139,Omni,ed3c2d95-6db8-495e-94ac-76f88f150053
2026-09-24,509577211,12:30,12:42,Pouso,São Tomé,P-19,PR-JHI AW139,Líder,889fb04d-3dd7-432a-bb61-cabc08a823d5
2026-09-24,509577804,12:20,,Cancelado,Cabo Frio,SARU,PR-CGT AW139,CHC,b078da57-08df-4fea-ae0d-0e246341429f
2026-09-24,509577447,12:20,13:22,Pouso,Jacarepaguá,P-70,PR-CGO AW139,Omni,0d93496e-35b0-4909-a163-66b8e822be5d
2026-09-24,509577210,12:20,12:42,Pouso,São Tomé,P-18,PR-JBP S-92A,Líder,785e9aa5-d9c2-4bae-aa6e-c3ab1dbe6614
2026-09-24,509576928,12:15,14:54,Pouso,São Tomé,P-43,PS-BTC AW139,Bristow,710ba788-29d8-47ae-b5c1-305f8700398f
2026-09-24,509576601,12:10,13:19,Transferido,Jacarepaguá,FPSP,PR-OHG S-92A,Líder,3f43b2bc-87ad-4162-898b-57ae999911b9
2026-09-24,509576613,12:05,12:09,Pouso,São Tomé,UMVV / NS44,PR-CPV S-92A,CHC,4126f135-d16f-4a22-85dc-b2f95ba59f4d
2026-09-24,509575684,11:33,11:51,Pouso,Jacarepaguá,FPCR,PR-JBO S-92A,Líder,96677a26-a924-4244-9106-e162669f4490
2026-09-24,509577200,11:25,14:00,Pouso,Jacarepaguá,P-71,PR-JHC AW139,Líder,5715f766-acde-49dc-924d-36528edfe353
2026-09-24,509577069,11:20,11:36,Pouso,São Tomé,UMLI,PR-JBI S-92A,Líder,5b770a32-ce1e-4ebf-9d8e-d3c3ec5c67ee
2026-09-24,509577250,11:05,11:26,Pouso,Aracaju,PA38,PR-AIE H145,Líder,be151b70-d0a6-4049-8533-5d9db36df8c1
2026-09-24,509576925,11:05,11:12,Pouso,Jacarepaguá,FPCS,PR-OHJ AW139,Omni,2c560285-97e8-4fd9-8e62-1d27e6d7fda8
2026-09-24,509576615,11:00,12:54,Pouso,Jacarepaguá,NS45,PR-OOA AW139,Omni,764ea19f-5b1e-4bcf-bf7a-af25e13ea5c1
2026-09-24,509575685,10:55,11:21,Pouso,Jacarepaguá,FPMR,PR-JKJ S-92A,Líder,a7ee4955-2803-46e6-84c4-abcbdf0b6923
2026-09-24,509576605,10:51,10:53,Pouso,Jacarepaguá,NS61,PR-OHF S-92A,Omni,3f6bde20-b0d4-4988-bf24-5ab1e2381785
2026-09-24,509577238,10:50,11:01,Pouso,Fortaleza,PXA-01,PT-GAD EC135P2,Líder,cfb145a8-66ce-48f0-a0e6-68f1663f66e1
2026-09-24,509576732,10:50,10:45,Pouso,Jacarepaguá,NS33,PR-JAR S-92A,Líder,10111bc2-311c-4d71-8ec2-491a997f2d9a
2026-09-24,509576554,10:45,11:14,Pouso,Jacarepaguá,FPAR,PR-JBQ S-92A,Líder,54177c83-8828-4790-bdf4-df00fa74534e
2026-09-24,509576553,10:40,13:10,Pouso,Jacarepaguá,FPIB,PR-EPV S-92A,Líder,6c22da76-be23-4bb8-8e23-6637ce2323c9
2026-09-24,509575619,10:36,12:03,Pouso,Jacarepaguá,UMAR,PR-JBE S-92A,Líder,c95534fd-4fc5-4314-a839-af6f3e1147ad
2026-09-24,509576710,10:35,13:35,Pouso,Maricá,UMPT,PR-OOL S-92A,Omni,1c462bb3-a4e1-47f0-9933-39b507c33c42
2026-09-24,509577463,10:30,,Transferido,Cabo Frio,UMPA,PR-CGF S-92A,CHC,0aabcc07-2c2b-4fd7-8b04-6d91ad246eb4
2026-09-24,509577346,10:30,10:30,Pouso,Jacarepaguá,UMPA,PR-OTY AW189,Omni,41df385d-7ae9-4374-a354-2c07345a816f
2026-09-24,509577334,10:30,10:32,Pouso,Cabo Frio,SESU,PR-BGZ AW139,CHC,650b867d-f9be-48f3-9246-0f4b2d1f99a9
2026-09-24,509577260,10:30,10:50,Pouso,Fortaleza,PCR-01,PR-AEV H145,Líder,4b8a6fc5-7965-45be-989c-f438e1c21170
2026-09-24,509576659,10:25,10:48,Pouso,Maricá,NS40,PR-OHK S-92A,Omni,268b0343-b18b-48b3-a188-af2ed3f25b6a
2026-09-24,509577338,10:23,10:33,Pouso,Jacarepaguá,FPIT,PR-OOR AW189,Omni,a962aac4-cd05-4c0d-a6dc-e2e40f6078df
2026-09-24,509576822,10:20,,Cancelado,Cabo Frio,SRIO,PR-OOT AW139,Omni,3056ab23-cb21-4370-a6cc-464710a7d395
2026-09-24,509576720,10:20,10:28,Transferido,Maricá,NS62,PR-OHN AW139,Omni,27b174f2-ac96-4b3f-9018-27a1f240b487
2026-09-24,509576656,10:20,10:51,Pouso,Jacarepaguá,P-71,PR-OHR AW139,Omni,220d676a-541b-41a7-93e7-e89c4510c3dd
2026-09-24,509577270,10:15,,Transferido,Maricá,NS28,PR-CGK AW139,Omni,dcbb0afd-6de1-485c-839c-79e4a50c94bd
2026-09-24,509577261,10:13,10:52,Pouso,Maricá,UMPT,PR-OOS AW139,Omni,adfed278-05c6-427a-ac31-089a52386525
2026-09-24,509577268,10:10,10:19,Pouso,Cabo Frio,FPAD,PR-OTU AW139,Omni,9211fbe1-3026-4cf5-8f05-513f8ddae149
2026-09-24,509577229,10:10,10:13,Pouso,Vitória,UMGR,PS-BTA AW139,Bristow,90bb28e7-a3c9-4d1d-943d-4b814ec43fe6
2026-09-24,509577220,10:10,10:19,Pouso,São Tomé,UMMA,PR-OOQ H175,Omni,63797792-f731-4345-80a4-6482e71bd292
2026-09-24,509576658,10:10,11:01,Pouso,Maricá,P-79,PR-CHT S-92A,Omni,08ef2a5f-50fd-48ec-80e9-57b95ebdfcc1
2026-09-24,509577352,10:05,13:28,Pouso,São Tomé,P-62,PR-OFH H175,Omni,4032a124-8d57-4752-99e4-7500f11913a1
2026-09-24,509577344,10:05,10:56,Pouso,Jacarepaguá,FPMA,PR-OON AW189,Omni,0216cd9c-c3d0-4786-8c1d-64d6fb63c8c6
2026-09-24,509576667,10:05,10:44,Pouso,Maricá,P-79 / P-77,PR-BGB S-92A,Omni,b4cda74d-e88d-4b0c-8c21-c447bc6643be
2026-09-24,509577279,10:00,10:23,Pouso,Cabo Frio,FPGU,PR-OHA AW139,Omni,d91ab131-506a-427b-bd63-c4c402cd689b
2026-09-24,509576926,10:00,10:01,Pouso,São Tomé,UMPC,PR-OTP H175,Omni,8d5ff8cb-1362-42ec-8373-00cd46ab1a2e
2026-09-24,509576714,10:00,12:26,Pouso,Macaé,PNA2,PR-CGS AW139,CHC,9bff67bb-8ada-468b-94ac-68b649840efa
2026-09-24,509576694,10:00,10:10,Pouso,Maricá,FPAT,PR-BGT S-92A,CHC,5fb92622-7ab8-4a8f-9370-2361ea886292
2026-09-24,509576611,10:00,12:45,Pouso,Jacarepaguá,NS56,PR-OHL AW139,Omni,7a86621c-fbb9-4d88-8128-2315fd4c8738
2026-09-24,509577278,09:55,10:05,Pouso,Cabo Frio,FPPL,PS-FCB AW139,CHC,2ed32272-00b2-4332-a351-2b4f917cb1bd
2026-09-24,509577066,09:55,09:30,Pouso,São Tomé,P-25,PR-JBP S-92A,Líder,0c0d5f7a-6ecb-4298-a09b-e20f5b142887
2026-09-24,509573728,09:55,10:20,Pouso,Maricá,UMTJ / P-74,PR-CGN AW139,Omni,a52cf0e9-ff6f-4e38-bb2d-361d6cafde26
2026-09-24,509576929,09:50,09:31,Pouso,São Tomé,PRA-1,PS-BTC AW139,Bristow,24fcfe59-a09e-4b21-a5ac-36447f986835
2026-09-24,509576657,09:50,10:17,Pouso,Maricá,UMTJ,PR-OHV AW139,Omni,8f55f738-5b28-49cb-bfc1-4fc2ef74482f
2026-09-24,509576616,09:50,09:58,Pouso,Cabo Frio,FPSE,PS-CDR AW139,CHC,4b06d485-9a67-4ec0-b2ea-d3618415c516
2026-09-24,509577252,09:45,09:53,Pouso,Macaé,SS92,PR-CGS AW139,CHC,3f36add2-bb31-47de-ba36-a668f9191af3
2026-09-24,509577068,09:45,10:30,Pouso,São Tomé,P-51,PR-JKM S-92A,Líder,ba63c093-4f65-4c64-b7d7-5c57d75af95d
2026-09-24,509576666,09:45,09:58,Pouso,Maricá,P-75,PR-CGE S-92A,CHC,90815a53-cf56-4e66-a8fd-d80015bb4e8e
2026-09-24,509577219,09:40,09:41,Pouso,Aracaju,PA39,PR-AIE H145,Líder,f907f6a9-2c8e-494c-80b8-c14ce6f271c1
2026-09-24,509577215,09:40,12:45,Pouso,São Tomé,NS44,PR-OTN H175,Omni,50f2501e-5d68-4e7e-a193-c2422325673c
2026-09-24,509576717,09:40,13:02,Pouso,Cabo Frio,P-67,PR-BGU S-92A,CHC,e0d8ab58-aa50-4748-9be3-8637e2a11b1d
2026-09-24,509576711,09:40,09:40,Pouso,Macaé,PNA2,PS-BTO AW139,Bristow,60476970-1ecf-42dc-a353-3a041528fe82
2026-09-24,509576683,09:40,10:44,Pouso,Jacarepaguá,P-71,PR-JHC AW139,Líder,06d0b518-afa0-4417-b991-84fc47e493d0
2026-09-24,509577248,09:39,,Transferido,Maricá,NS59,PR-CGK AW139,CHC,6cd89f66-4295-4aa4-94fd-fc3f95589db9
2026-09-24,509577209,09:35,09:24,Pouso,São Tomé,P-38,PR-WSG AW139,Bristow,056c9960-4091-4527-857e-4b018689e000
2026-09-24,509576731,09:35,09:35,Pouso,Macaé,NS60,PS-CDT AW139,CHC,419e5384-58c1-4df6-98f0-c8167f72980e
2026-09-24,509576695,09:35,10:07,Transferido,Maricá,NS28,PR-OOC AW139,CHC,d2db1238-a702-4bdc-a254-3e88c86b5057
2026-09-24,509577254,09:30,09:49,Pouso,Macaé,PGP1,PR-CGD S-92A,CHC,2bfea68b-ad79-4f21-b046-f177a5924e58
2026-09-24,509577206,09:30,09:20,Pouso,Vitória,UMGR,PS-BTK AW139,Bristow,d23e30e3-b3b5-46f5-9894-9de36dc802e2
2026-09-24,509577243,09:20,10:22,Pouso,Macaé,NS60,PS-LSC AW139,CHC,19eebb29-48f8-4fb1-9518-252b16d52d89
2026-09-24,509576927,09:15,10:09,Pouso,São Tomé,P-19,PR-JHD AW139,Líder,a29321d2-2dac-4ad8-81f8-f7637bfd082d
2026-09-24,509577228,09:10,09:15,Pouso,Vitória,FPMQ / SS81,PR-OTX AW139,Omni,e6510da7-9b35-41aa-8b41-9c8b59f83ef9
2026-09-24,509577201,09:10,10:59,Pouso,São Tomé,P-53 / P-43,PR-JHE AW139,Líder,d71719b4-2c79-4371-bc2d-feea9bc8684b
2026-09-24,509576660,09:05,10:27,Pouso,São Tomé,UMVV,PR-OFH H175,Omni,e0086d2b-d425-45ea-8a17-12293ba14ae4
2026-09-24,509576838,09:00,09:18,Pouso,São Tomé,UMLI,PS-BTF AW139,Bristow,f18b6d31-6bf6-4308-a9b4-73fcb7b514de
2026-09-24,509577265,08:55,08:46,Pouso,São Tomé,P-48,PR-JBI S-92A,Líder,5dcd2b21-bea5-4070-a573-24daf0538f37
2026-09-24,509577354,08:50,09:01,Pouso,Oiapoque,NS42,PR-OOY AW189,Omni,4436ddde-426e-43b9-ac84-88652fecd9ad
2026-09-24,509576946,08:30,08:31,Pouso,Oiapoque,NS42,PR-OOX AW189,Omni,064f92eb-ff97-45f6-983e-9d008f35a1ff
2026-09-24,509577241,08:20,08:24,Pouso,Aracaju,PA38,PR-AIE H145,Líder,95b814f0-4cf8-4b52-8d6b-2ab3bd229e7b
2026-09-24,509577341,08:00,,Transferido,Cabo Frio,SATO,PR-CGT AW139,CHC,69d72aae-e224-4071-8fbe-6bdff9389c83
2026-09-24,509577269,08:00,08:02,Pouso,Fortaleza,PCR-01,PR-AEV H145,Líder,db0d2c05-8d61-4861-a348-05fc0a6ec996
2026-09-24,509576602,08:00,08:49,Pouso,Jacarepaguá,P-70,PR-CGO AW139,Omni,32f6d880-1e4f-4efc-b1d8-966e4b249e77
2026-09-24,509576861,07:50,07:39,Pouso,São Tomé,UMPC,PR-JHE AW139,Líder,19ed2072-26bd-400a-a7dc-4296a765c603
2026-09-24,509576600,07:50,07:50,Pouso,Jacarepaguá,P-67,PR-JBO S-92A,Líder,187fe33a-e10d-4f16-9ba9-259f41d03385
2026-09-24,509575688,07:40,07:44,Transferido,Jacarepaguá,NS55,PR-OOA AW139,Omni,f9e831fd-5db1-430f-9710-8d49767cb510
2026-09-24,509576619,07:35,07:49,Pouso,São Tomé,P-20,PR-OTP H175,Omni,be63b113-b44f-49ec-8bc6-7698b136eb48
2026-09-24,509576614,07:35,07:52,Pouso,Jacarepaguá,NS54,PR-OHF S-92A,Omni,e1e430f4-f6e3-4f0e-829c-b7ee4b9b4829
2026-09-24,509576665,07:30,07:46,Pouso,Maricá,UMAC,PR-OOS AW139,Omni,e32f908f-4832-4f39-8be9-9980f975f7cc
2026-09-24,509577343,07:25,10:18,Pouso,São Tomé,P-54,PR-OTN H175,Omni,fa7108a2-e7a4-4ca8-a843-853dcea82c12
2026-09-24,509576700,07:25,09:46,Pouso,Maricá,UMTJ / P-74,PR-OOL S-92A,Omni,13c37eba-cfd9-40bf-89fa-cf22bfc28e4c
2026-09-24,509575686,07:25,07:40,Pouso,Jacarepaguá,FPIT,PR-JKJ S-92A,Líder,c17187fe-bd15-4765-9b58-14db18de5b5a
2026-09-24,509576689,07:20,07:32,Pouso,Maricá,P-78,PR-OHK S-92A,Omni,17e804bc-ab47-4f24-a304-b351e0eb0099
2026-09-24,509576653,07:20,07:04,Pouso,São Tomé,P-18,PR-JBP S-92A,Líder,8645d8e3-9b91-45c2-8c4d-2380b3042656
2026-09-24,509575618,07:20,07:20,Pouso,Jacarepaguá,PMXL,PR-OTQ H175,Omni,15d9a9b0-844d-4d4b-b5bb-2cf874215768
2026-09-24,509576808,07:16,07:20,Pouso,Jacarepaguá,P-68,PR-JBQ S-92A,Líder,6def4a1f-ede6-4a88-aaca-768c5008ce3e
2026-09-24,509576839,07:15,07:07,Pouso,São Tomé,NS31,PS-BTC AW139,Bristow,054e6edb-1ea8-4c56-9714-222fbd0f74d7
2026-09-24,509576668,07:15,,Transferido,Maricá,NS43,PR-OOC AW139,Omni,7054971d-4932-486b-aa0f-745c5ac42ece
2026-09-24,509576551,07:13,07:30,Pouso,Jacarepaguá,FPCS,PR-OTQ H175,Omni,54e62eae-3091-4978-b67f-094f4c2eb1a6
2026-09-24,509577216,07:10,08:18,Pouso,Vitória,SS81,PS-BTL AW139,Bristow,ab15867a-17f2-454e-8dcb-bb4cc040c607
2026-09-24,509576809,07:10,07:02,Pouso,Jacarepaguá,PMLZ1,PR-OHR AW139,Omni,3723503b-2f62-4db5-857f-6ad29997c556
2026-09-24,509576806,07:10,,Transferido,Cabo Frio,SAON,PR-BGZ AW139,CHC,352b4800-422a-4de3-aa92-a739c5889840
2026-09-24,509576708,07:10,08:07,Pouso,São Tomé,P-56,PR-JKM S-92A,Líder,b6c89d2a-5efe-4792-beeb-dc8545137276
2026-09-24,509576669,07:10,09:15,Transferido,Maricá,NS38,PR-CGW AW139,Omni,87d71932-5eed-4366-9385-d5889506f98c
2026-09-24,509577223,07:05,07:03,Pouso,São Tomé,UMVV,PR-OFH H175,Omni,8b9c4737-3f5b-47f5-a77d-31e76c1e6dd2
2026-09-24,509576702,07:05,07:23,Pouso,Maricá,FPAB,PR-CGN AW139,Omni,982e41f6-744e-47b8-9e1f-46d831f6cd33
2026-09-24,509576606,07:05,07:20,Pouso,Cabo Frio,FPAD,PR-OTU AW139,Omni,47bef304-9912-4b58-8a0b-020dc4f6e78b
2026-09-24,509576556,07:05,07:18,Pouso,Jacarepaguá,UMCP,PR-OTY AW189,Omni,b7d26a15-5b1e-4760-9d5f-bdda0ee63bab
2026-09-24,509577281,07:00,07:13,Pouso,Macaé,PGP1,PS-BTO AW139,Bristow,9e3508cc-d611-4e02-9610-1ecd370c56c5
2026-09-24,509577218,07:00,06:57,Pouso,Aracaju,PA39,PR-AIE H145,Líder,991db140-178d-4fee-8bc5-5e36eb59e38b
2026-09-24,509576830,07:00,,Transferido,Cabo Frio,SECR,PR-OOT AW139,Omni,263bac66-fa9f-4f45-a2d8-318ecb995cbd
2026-09-24,509576722,07:00,08:02,Pouso,Jacarepaguá,P-67,PR-JBE S-92A,Líder,f34b8e77-ba32-44e8-9109-505139ef53d5
2026-09-24,509576688,07:00,07:27,Pouso,Maricá,P-74 / UMTJ,PR-BGB S-92A,Omni,82bf8de1-bf3d-47e4-ac21-b1abbd2492af
2026-09-24,509576647,07:00,07:18,Pouso,São Tomé,UMPC,PR-OOQ H175,Omni,329b8fcc-f088-4e24-a85c-e6e26d561c0b
2026-09-24,509577067,06:55,06:57,Pouso,São Tomé,P-31,PR-WSG AW139,Bristow,94055bac-9803-4dab-b089-36df1347a041
2026-09-24,509576860,06:55,07:20,Pouso,Maricá,P-76 / UMPT,PR-CHT S-92A,Omni,cccac489-5a55-4219-bc9c-8874e4f0895f
2026-09-24,509576716,06:55,07:05,Pouso,Jacarepaguá,P-66,PR-JAR S-92A,Líder,4f7a7d64-db89-4629-b4fe-16d9b1623368
2026-09-24,509577227,06:50,08:20,Pouso,Vitória,P-57,PR-OHB AW139,Omni,ffdf636a-4973-4d81-ad30-12e352170af6
2026-09-24,509576800,06:50,09:52,Pouso,Cabo Frio,P-67,PR-BGU S-92A,CHC,b1227b40-b21c-4370-849b-081bad20aab2
2026-09-24,509576705,06:50,06:58,Pouso,Macaé,SS83,PR-CGS AW139,CHC,7e2dd9e4-c624-4621-866d-42bcf9bd4b03
2026-09-24,509576703,06:50,,Transferido,Maricá,NS59,PR-BGT S-92A,Omni,2c8c6ffa-f3e3-4ddb-b506-ac140ec7970a
2026-09-24,509576631,06:50,07:13,Pouso,Cabo Frio,FPDC,PR-OHA AW139,Omni,c7d68415-da51-44bb-83e0-a3a7af6d312a
2026-09-24,509576617,06:50,06:48,Pouso,São Tomé,P-47,PS-BTF AW139,Bristow,262571be-b69d-4d91-8271-5766a4329d2f
2026-09-24,509576555,06:50,06:56,Pouso,Jacarepaguá,FPMA,PR-OOR AW189,Omni,1c959e8a-1043-4a6c-a6b2-b9dc8904757d
2026-09-24,509577065,06:45,06:39,Pouso,São Tomé,FSME,PR-JHD AW139,Líder,91147250-a6c9-461c-ac75-fd18b88271e0
2026-09-24,509576821,06:45,08:39,Pouso,Jacarepaguá,P-69,PR-EPV S-92A,Líder,278369d2-c83a-48ad-8521-c7631ef02ff0
2026-09-24,509576701,06:45,06:58,Pouso,Maricá,UMAC,PR-OHV AW139,Omni,2e1014d6-e6ab-4313-8f72-5c4dac7946f0
2026-09-24,509576641,06:45,06:49,Pouso,Cabo Frio,FPPL,PS-FCB AW139,CHC,581f0cc7-7615-4593-86b8-c2c23a6df24d
2026-09-24,509577357,06:40,07:30,Pouso,Vitória,SKRE / P-57,PS-BTA AW139,Bristow,db3ae1c6-e750-4248-951a-78330bd394b7
2026-09-24,509576706,06:40,06:46,Pouso,Macaé,PGP1,PS-BTP AW139,Bristow,208278f5-d1da-4d76-bc7c-5f4d0c24d07e
2026-09-24,509576687,06:40,06:44,Pouso,Maricá,P-79,PR-CGE S-92A,CHC,85676cfe-4529-41be-b4f5-e5c7606ce1a0
2026-09-24,509576639,06:40,06:40,Pouso,São Tomé,UMLI,PR-JHI AW139,Líder,d53119fe-1fbd-4bac-ae6c-6273ab950552
2026-09-24,509575683,06:40,07:09,Pouso,Jacarepaguá,NS47 / P-68,PR-OON AW189,Omni,9a6b178d-8abd-4242-a34b-113c4654f7fb
2026-09-24,509576735,06:35,06:51,Pouso,Maricá,P-78,PR-CGK AW139,CHC,5ec56df3-d6fe-42f9-bf73-d4aaf70eefcc
2026-09-24,509576733,06:35,07:55,Pouso,São Tomé,P-54,PR-OTN H175,Omni,a4ad75e8-f2fb-4fc4-9980-6025da1e6785
2026-09-24,509576640,06:35,06:41,Pouso,Cabo Frio,FPSE,PS-CDR AW139,CHC,fc9fa03a-6a40-4801-b3b3-02af1460fb62
2026-09-24,509575000,06:35,08:19,Pouso,Jacarepaguá,FPMA,PR-OHL AW139,Omni,48751155-bcc5-40cc-8903-c01798aa7d5c
2026-09-24,509577226,06:30,06:33,Pouso,Vitória,P-57,PR-OTX AW139,Omni,3c0d86c9-c805-4772-be43-2ea58ecebe82
2026-09-24,509576718,06:30,06:59,Pouso,Cabo Frio,UMCP,PR-BGU S-92A,CHC,df21c954-58ad-4e9d-9c8d-5066859fbfe9
2026-09-24,509576709,06:30,06:36,Pouso,São Tomé,P-48,PR-JBI S-92A,Líder,c33d8a36-e02e-44e5-a023-5c7ae98dc320
2026-09-24,509576698,06:30,06:53,Pouso,Macaé,SS73,PR-CGD S-92A,CHC,b73fb835-3ca2-4cc5-ab29-5780a05bc4c1
2026-09-24,509576685,06:30,07:01,Pouso,Maricá,UMPT,PR-OHN AW139,Omni,ae9d64fd-861d-4a84-a4ad-647b46b87a61
2026-09-24,509576552,06:30,08:21,Pouso,Jacarepaguá,NS56,PR-OHG S-92A,Omni,5042ca53-b82f-49cd-a124-61ec4ef8d1ab
2026-09-23,509575026,18:00,,Previsto,Eduardo Gomes (Manaus),SBUY / SBEG,PR-AKE ATR-72-600,Azul,1551c527-5c9b-4c97-8f29-6fe8282dd47a
2026-09-23,509577046,17:30,,Previsto,Macapá,SBOI / SBMQ,PR-AQR ATR-72-600,Azul,9e5f950b-10db-4982-9085-542ab0772bed
2026-09-23,509576745,16:00,15:47,Pouso,Fortaleza,PAT-03,PT-GAD EC135P2,Líder,2dcb944d-2b6e-440f-ac85-6fb0a6aeac87
2026-09-23,509576660,15:50,,Transferido,São Tomé,UMVV,PR-OTN H175,CHC,b06accee-7898-432f-86b0-7480bda1b48e
2026-09-23,509576682,15:45,15:22,Pouso,Vitória,UMGR,PR-OTX AW139,Omni,19ac20d1-cf02-41d9-aabc-e8145fa840f8
2026-09-23,509575023,15:30,,Previsto,Eduardo Gomes (Manaus),SBEG / SBUY,PR-AKE ATR-72-600,Azul,e9e4a361-b9bc-4706-bcc6-8da11e7e8b09
2026-09-23,509576861,15:25,,Transferido,São Tomé,UMPC,PR-JHD AW139,Líder,dcbc61c5-c60e-4d0b-8a1d-e07477011daf
2026-09-23,509576619,15:20,,Transferido,São Tomé,P-20 / PRA-1,PR-JBP S-92A,Omni,fbf376d0-91ad-4015-9ddf-fd06fe501a45
2026-09-23,509576681,15:10,15:10,Pouso,Vitória,MOP1,PS-BTL AW139,Bristow,dd6b2bd7-4a58-4286-8047-91f642d44a11
2026-09-23,509576639,15:10,,Transferido,São Tomé,UMLI,PR-JHI AW139,Líder,5aaaff7a-04f1-429d-81b7-6f0ca645be5b
2026-09-23,509576693,15:00,15:07,Pouso,Aracaju,PA39,PR-AIE H145,Líder,b5e307ea-aca1-401b-9555-3f629200268b
2026-09-23,509575687,15:00,,Transferido,Jacarepaguá,NS45,PR-OHF S-92A,Omni,64de2b15-2cde-43a7-92dd-dd172fb69750
2026-09-23,509576611,14:50,,Transferido,Jacarepaguá,NS56,PR-OHL AW139,Omni,393ca6b8-ccac-4037-9f32-db9f08636690
2026-09-23,509576704,14:45,,Transferido,Maricá,UMAC,PR-BGT S-92A,CHC,80d93d4c-90ba-40c4-86fe-86db2af57b3d
2026-09-23,509575686,14:45,,Transferido,Jacarepaguá,FPIT,PR-JKJ S-92A,Líder,2651345d-d16e-40c6-b7b4-f95929c6bbd2
2026-09-23,509576720,14:40,,Transferido,Maricá,NS62,PR-CGN AW139,Omni,dfbae2aa-cda1-4fca-a77c-131be0681b60
2026-09-23,509575685,14:40,,Transferido,Jacarepaguá,FPMR,PR-JBO S-92A,Líder,f825de33-81a0-4559-8c5e-d302826bba74
2026-09-23,509576659,14:35,,Transferido,Maricá,NS40,PR-OOL S-92A,Omni,7437f899-4eb5-421a-ac62-4a93c6b5a384
2026-09-23,509576603,14:35,,Transferido,Jacarepaguá,FPPA,PR-JBE S-92A,Líder,4b795801-62ae-425f-8184-7388cb836c47
2026-09-23,509576715,14:30,,Transferido,Jacarepaguá,FPSA,PR-EPV S-92A,Líder,466f4017-c9da-467b-ab8a-a0719076886c
2026-09-23,509576658,14:30,,Transferido,Maricá,P-79,PR-CGE S-92A,Omni,e96ad10b-7e68-41d2-99b1-56ec671057fb
2026-09-23,509576710,14:25,,Transferido,Maricá,UMPT,PR-OHK S-92A,Omni,7acd1a70-c5c5-4190-b3d8-d2d325d941f5
2026-09-23,509576647,14:25,,Transferido,São Tomé,P-53 / UMPC,PR-JBI S-92A,Omni,f63b2198-3a0b-41c1-bbf0-d81de82b254d
2026-09-23,509575684,14:25,,Transferido,Jacarepaguá,FPCR,PR-JAR S-92A,Líder,8a33e02f-fa66-4062-9639-6360a1747334
2026-09-23,509576922,14:20,,Cancelado,Jacarepaguá,SAJA,PR-OTQ H175,Omni,c01591d3-d8b6-423c-81f7-d3b54125d654
2026-09-23,509576822,14:20,,Transferido,Cabo Frio,SRIO,PR-BGZ AW139,Omni,5cfbbda0-d754-4524-ac5c-d6b000334714
2026-09-23,509576600,14:15,,Transferido,Jacarepaguá,UMPA,PR-OHG S-92A,Líder,ce8e2e43-91a1-442f-95db-c512b861edee
2026-09-23,509576800,14:10,,Transferido,Cabo Frio,UMPA,PR-BGU S-92A,CHC,66d29272-1d9e-4ac8-987a-7e900339b491
2026-09-23,509576657,14:10,,Transferido,Maricá,UMTJ,PR-OOS AW139,Omni,f99437ed-ae85-46d9-88f2-7c104720a4fb
2026-09-23,509576695,14:05,,Transferido,Maricá,NS28,PR-OHN AW139,CHC,779cb9f3-f107-469a-b22c-bf09b5a588e9
2026-09-23,509576728,13:50,14:01,Pouso,Oiapoque,NS42,PR-OOX AW189,Omni,3a42fa3c-a6f1-4541-bd01-3a5adeef1908
2026-09-23,509576631,13:50,,Transferido,Cabo Frio,FPDC,PS-CDR AW139,Omni,e09748aa-b59c-43a8-918e-b36585593041
2026-09-23,509576655,13:45,13:42,Pouso,Vitória,UMGR,PS-BTK AW139,Bristow,5f07f811-aa3b-4144-a3d9-0bff17dfb3ee
2026-09-23,509576616,13:45,,Transferido,Cabo Frio,FPSE,PR-OTU AW139,CHC,639a86e0-8d95-4a32-af96-14437a094e02
2026-09-23,509576807,13:30,,Transferido,Macaé,SKNT,PS-BTP AW139,CHC,528532e5-0762-4c04-9fad-c66ff18b4462
2026-09-23,509576805,13:30,13:39,Pouso,São Tomé,UMMA,PR-OOQ H175,Omni,a12a45b4-b157-4a37-9e0d-7a850a056868
2026-09-23,509577281,13:20,,Transferido,Macaé,PGP1,PR-CGS AW139,Bristow,9e1a76b4-ece7-4563-8d24-6f231ac86a18
2026-09-23,509576646,13:20,15:00,Pouso,São Tomé,NS32,PS-BTF AW139,Bristow,561d42a1-78f5-4b59-9577-b980bcc1882d
2026-09-23,509576867,13:15,13:21,Pouso,São Tomé,P-55 / NS63 / P-54,PR-OFH H175,Omni,b9f7e4a0-4803-475e-8941-bca7a0bbfc50
2026-09-23,509576556,13:15,,Transferido,Jacarepaguá,UMCP,PR-OTY AW189,Omni,af42c0d4-b17c-4144-8e0f-b3f86cec65f8
2026-09-23,509576653,13:10,,Transferido,São Tomé,P-18,PR-JKM S-92A,Líder,f2ed3125-c9e4-4cc8-afc3-6cfdef32e29d
2026-09-23,509576820,13:05,14:39,Pouso,São Tomé,P-56,PS-BTC AW139,Bristow,d5b4dd0d-34a8-4a5a-b64f-b9b616042dd5
2026-09-23,509576731,13:05,,Transferido,Macaé,NS58 / NS60,PS-BTO AW139,CHC,268f1e52-1481-45ad-a2b0-10aa18984527
2026-09-23,509576706,13:00,,Transferido,Macaé,PGP1,PS-CDT AW139,Bristow,6e875172-e18b-46d0-b85c-81e7384a4e0d
2026-09-23,509576613,13:00,,Transferido,São Tomé,UMVV / NS44,PR-CPV S-92A,CHC,529990f6-768a-4c44-8864-0bec7df393a4
2026-09-23,509576610,13:00,,Transferido,Jacarepaguá,UMAR,PR-JBQ S-92A,Líder,e79edd35-867f-45f9-a53b-ff6dda9e4b22
2026-09-23,509576714,12:50,,Transferido,Macaé,PNA2,PS-CDV AW139,Bristow,b051c464-8125-40ae-9cff-15ca33312924
2026-09-23,509576690,12:50,12:34,Pouso,Vitória,FPMQ,PS-BTA AW139,Bristow,a8a46c5e-83a0-40e7-b4ae-ad49cd92a976
2026-09-23,509576618,12:45,14:53,Pouso,São Tomé,UMPC,PR-WSG AW139,Bristow,87b316f9-1701-47e9-a2a9-88c5c71c1146
2026-09-23,509576709,12:40,12:45,Transferido,São Tomé,P-48,PR-JBP S-92A,Líder,dd28cc72-27a3-463e-b074-949344aa2908
2026-09-23,509576652,12:35,13:00,Pouso,São Tomé,P-38,PR-JHD AW139,Líder,f38745b5-06a6-4193-89ab-c744cfb718cb
2026-09-23,509576645,12:30,13:05,Pouso,São Tomé,P-31,PR-JHI AW139,Líder,0dc1b749-7f43-4cc1-8388-46d78a556271
2026-09-23,509576739,12:20,,Transferido,Jacarepaguá,SAJA,PR-OHR AW139,Omni,ee72000b-9687-4cee-af84-63a1804b377e
2026-09-23,509576725,12:20,,Transferido,Cabo Frio,UMCP / P-68,PR-BGU S-92A,CHC,acd54f5e-7e6e-43c2-9f34-8081c708b203
2026-09-23,509576638,11:20,11:54,Pouso,São Tomé,UMLI,PR-JBI S-92A,Líder,5537ed52-777c-4cef-91f1-5f2c0a04df9e
2026-09-23,509576551,11:15,,Transferido,Jacarepaguá,FPCS,PR-JHC AW139,Omni,75b595ca-1b53-4fa2-b72d-7bff1085b2ad
2026-09-23,509576680,11:10,10:50,Pouso,Vitória,P-57,PR-OTX AW139,Omni,46df2b72-21f9-4f1c-8a1f-8e0faaaa8a69
2026-09-23,509576605,10:55,,Transferido,Jacarepaguá,NS61,PR-OHF S-92A,Omni,e9282a75-9d9b-4df2-823f-90ca7cccabd5
2026-09-23,509576656,10:50,,Transferido,Jacarepaguá,P-71,PR-OHJ AW139,Omni,36609bbc-4c82-4ab0-aada-b3f94965ca0b
2026-09-23,509576602,10:45,,Transferido,Jacarepaguá,P-70,PR-JBE S-92A,Omni,669dd22a-bf65-47f2-8851-3bcc98e9836c
2026-09-23,509576732,10:40,,Transferido,Jacarepaguá,NS33,PR-EPV S-92A,Líder,f2e0126f-eaaf-4a20-9852-bfc42a671569
2026-09-23,509576669,10:40,,Transferido,Maricá,NS38,PR-OOS AW139,Omni,d1167cc6-667c-4734-86fb-83b8b361d400
2026-09-23,509576668,10:35,,Transferido,Maricá,NS43,PR-CGN AW139,Omni,89f1d0f8-9640-4828-b7d5-b0f7d29e24d8
2026-09-23,509576802,10:30,11:31,Pouso,Oiapoque,NS42,PR-OOY AW189,Omni,431426c5-087c-4f50-b769-bc514172cc3c
2026-09-23,509576727,10:30,10:35,Pouso,Fortaleza,PXA-01,PR-AEV H145,Líder,a314a4f9-c7c6-41ec-8c39-2926cb1d26e7
2026-09-23,509576667,10:30,,Transferido,Maricá,P-79 / P-77,PR-CHT S-92A,Omni,23c3294e-7a1e-4e23-8a1b-1d2a3bf989e7
2026-09-23,509576555,10:30,,Transferido,Jacarepaguá,FPMA,PR-OOR AW189,Omni,5d2c3305-7293-4476-8ab8-ff831576ff68
2026-09-23,509576860,10:25,,Transferido,Maricá,P-76 / UMPT,PR-OOL S-92A,Omni,e74c736f-fada-4a6b-b377-04654a6a554a
2026-09-23,509576615,10:25,,Transferido,Jacarepaguá,NS45,PR-OOA AW139,Omni,20efd809-497f-4acd-9051-3b49f4a19616
2026-09-23,509576832,10:20,,Transferido,Cabo Frio,SKVI,PR-OOT AW139,Omni,7e742806-0cc4-4432-ab6a-53b94b716e89
2026-09-23,509576554,10:20,,Transferido,Jacarepaguá,FPAR,PR-JKJ S-92A,Líder,e79456fd-1b14-46c3-b334-802aabce0c2f
2026-09-23,509576694,10:15,,Transferido,Maricá,FPAT,PR-BGB S-92A,CHC,3269c992-e994-43fc-a243-f7dc08a87d4d
2026-09-23,509576641,10:15,,Transferido,Cabo Frio,FPPL,PR-OHA AW139,CHC,e929b3e6-7a63-4bac-abb4-735e0bb6cf3a
2026-09-23,509576601,10:15,,Transferido,Jacarepaguá,FPSP,PR-JAR S-92A,Líder,e39285ae-8776-4fe7-b191-89e97105b7d2
2026-09-23,509576801,10:10,10:22,Pouso,Oiapoque,NS42,PR-OOX AW189,Omni,74035085-19bc-4186-a2d0-2039117d33f6
2026-09-23,509576717,10:10,,Transferido,Cabo Frio,UMPA,PR-BGU S-92A,CHC,b925b7a9-bccf-456e-bfa1-1bfbecd0b7d8
2026-09-23,509576666,10:10,,Transferido,Maricá,P-75,PR-CGE S-92A,CHC,96146ea3-893b-4588-a1c2-00ea2ba87c28
2026-09-23,509576606,10:10,,Transferido,Cabo Frio,FPAD,PS-CDR AW139,Omni,15d1808e-98a5-4be8-aeb8-fc890396f0cb
2026-09-23,509576604,10:10,10:40,Pouso,São Tomé,NS63,PR-OFH H175,Omni,40e23f49-2b89-424f-a9cd-6afd61a4eff9
2026-09-23,509576553,10:10,,Transferido,Jacarepaguá,FPIB,PR-JBQ S-92A,Líder,4a87f54b-02ea-4b5e-a952-ff7a132ec217
2026-09-23,509576806,10:05,,Transferido,Cabo Frio,SAON,PR-BGZ AW139,CHC,576d80aa-5c75-4080-ac11-8f52d5166f6d
2026-09-23,509576703,10:05,,Transferido,Maricá,NS59,PR-OHK S-92A,Omni,eae87110-9983-45b8-ab3f-9d127c1ce12c
2026-09-23,509576702,10:00,,Transferido,Maricá,FPAB,PR-OOC AW139,Omni,f1885540-f3e6-4cc5-9c0a-3414c06a39c1
2026-09-23,509576684,10:00,09:56,Pouso,Aracaju,PA39,PR-AIE H145,Líder,c9b297ce-7b91-4a85-9896-f214fbfe1d32
2026-09-23,509576637,10:00,10:27,Pouso,São Tomé,SS75,PS-BTF AW139,Bristow,1cb2969e-7b51-44d2-9c03-f411ee52cc06
2026-09-23,509575682,10:00,10:14,Pouso,Macaé,RESA,PR-CGS AW139,CHC,72b2f776-9645-4d96-abb0-ab0fdfa03f56
2026-09-23,509576730,09:55,10:18,Pouso,São Tomé,UMMA,PR-OTP H175,Omni,e4fdd6c2-5b6f-4abd-829a-78f50d78ad16
2026-09-23,509576705,09:55,,Transferido,Macaé,SS83,PS-BTP AW139,CHC,a27ce340-a956-4aa6-96c8-7e8088118908
2026-09-23,509576701,09:55,,Transferido,Maricá,UMAC,PR-CGW AW139,Omni,371df316-7853-4921-9c77-a0d9fd62414d
2026-09-23,509576729,09:50,10:03,Pouso,Vitória,P-58,PS-BTA AW139,Bristow,31a33bcb-f378-4d24-8fd9-1ef80b9b484f
2026-09-23,509576713,09:50,10:13,Pouso,Macaé,FPCG,PS-CDT AW139,CHC,b9fa741a-f76b-43ce-ba3b-469c0a786fc7
2026-09-23,509576708,09:50,09:47,Transferido,São Tomé,P-56,PR-JKM S-92A,Líder,ab3b8892-c2d0-4174-90eb-6428a6bb3675
2026-09-23,509573728,09:50,,Transferido,Maricá,UMTJ / P-74,PR-OHV AW139,Omni,2dce9303-b30e-4af3-9c0d-ca2dc7b7a956
2026-09-23,509574208,09:45,12:43,Pouso,São Tomé,NS44,PR-OTN H175,Omni,cde058cb-2f17-4836-b18e-ce44d1bea2a2
2026-09-23,509576699,09:40,10:32,Pouso,Macaé,PGP1,PS-BTO AW139,Bristow,f80a68d0-2412-4514-b9ee-06f427d3c223
2026-09-23,509576636,09:40,09:42,Pouso,São Tomé,FSME,PS-BTC AW139,Bristow,d7d00e5f-f280-4dd5-a41c-f973599eb1fb
2026-09-23,509576617,09:35,09:51,Transferido,São Tomé,P-47,PR-JHD AW139,Bristow,9c690caf-83df-4bf5-9b5d-996d58db56e7
2026-09-23,509575064,09:30,09:43,Pouso,São Tomé,P-55,PR-CPV S-92A,CHC,eb65ec07-914e-41ab-8e39-9d15277c1e76
2026-09-23,509576698,09:25,,Transferido,Macaé,SS73,PR-CGD S-92A,CHC,f974fbc9-c71b-44ff-90ef-386925c79b92
2026-09-23,509576651,09:25,09:16,Pouso,São Tomé,P-51,PR-JBP S-92A,Líder,742073b3-7afa-461c-b0f5-567c7ad58b6d
2026-09-23,509576712,09:15,09:19,Pouso,Macaé,SS92,PS-CDV AW139,,d2f2491c-34ad-4878-8571-d15a0d56b2fe
2026-09-23,509576654,09:10,08:52,Pouso,Vitória,CDAN,PS-BTL AW139,Bristow,5bd1f541-d94a-423f-a370-7012ea068965
2026-09-23,509576650,09:10,10:54,Pouso,São Tomé,NS51,PR-OOQ H175,Omni,898ea51c-8469-46c9-9098-6f251565e4f9
2026-09-23,509576609,08:55,08:54,Pouso,São Tomé,NS31,PR-JBI S-92A,Líder,cda24dd7-8e2c-4f33-aaf8-a431f05ee291
2026-09-23,509576649,08:40,08:31,Pouso,Vitória,SS81,PS-BTK AW139,Bristow,64ba9b33-f276-4dae-bf81-686d78dc123f
2026-09-23,509576664,08:35,08:41,Pouso,Aracaju,PA39,PR-AIE H145,Líder,ce18d562-b0dc-4e7d-8aae-4d9af4432969
2026-09-23,509576827,08:00,,Transferido,Jacarepaguá,P-68 / FPCR / UMCP,PR-OTY AW189,Omni,2a2de5c7-c5a3-41d9-a36d-68107c3ef10a
2026-09-23,509576744,08:00,09:14,Pouso,Fortaleza,PAT-03,PT-GAD EC135P2,Líder,3e312541-13ad-4b02-9d61-cb9d0d410a86
2026-09-23,509576726,08:00,08:05,Pouso,Fortaleza,PXA-01,PR-AEV H145,Líder,b2ee9101-d0e1-4dd2-9053-55e8a16c8057
2026-09-23,509576718,07:55,,Transferido,Cabo Frio,UMCP,PR-BGU S-92A,CHC,c4ff3fb4-6126-4a9f-8bf9-3da97a5f71ad
2026-09-23,509576552,07:50,,Transferido,Jacarepaguá,NS56,PR-OHG S-92A,Omni,c616ca2b-5bdb-45df-b8c6-ba1afe47df8b
2026-09-23,509575619,07:40,,Transferido,Jacarepaguá,UMAR,PR-JBQ S-92A,Líder,f5ee7d09-48ce-41cf-8892-4e414edeba02
2026-09-23,509574082,07:40,07:38,Pouso,Vitória,UMGR,PR-OTX AW139,Omni,ff02f207-df80-4be9-9ee7-e1288a4984f3
2026-09-23,509576635,07:30,07:46,Pouso,São Tomé,NS52,PR-OTP H175,Omni,b2668d85-1e21-4a52-8a3c-7247c1b1dabb
2026-09-23,509576724,07:25,07:49,Pouso,São Tomé,P-52,PR-OFH H175,Omni,a669063b-883b-4f1a-8434-41e8fbdb929a
2026-09-23,509576700,07:25,,Transferido,Maricá,UMTJ,PR-BGT S-92A,Omni,425d2265-df3e-4fc2-bf9d-2b88a5187e89
2026-09-23,509576683,07:25,,Transferido,Jacarepaguá,P-71,PR-OTQ H175,Omni,08cac80c-6c14-48c9-940e-c78cd0776808
2026-09-23,509576707,07:20,07:29,Pouso,São Tomé,PRA-1,PR-JHE AW139,Líder,71325f30-04d2-42b8-8022-ce5c82a2548a
2026-09-23,509576689,07:20,,Transferido,Maricá,P-78,PR-OOL S-92A,Omni,ee460bd2-bd62-4cc7-9a27-31214dd916d1
2026-09-23,509576648,07:20,07:24,Pouso,Vitória,UMGR,PS-BTA AW139,Bristow,f8a2f4f7-ce15-4d5b-8b4f-5e862fc58112
2026-09-23,509575688,07:20,,Transferido,Jacarepaguá,NS55,PR-OOA AW139,Omni,72917810-83df-48d1-bf50-8973fdf6087b
2026-09-23,509576644,07:15,07:33,Pouso,São Tomé,P-31,PS-BTF AW139,Bristow,43eeb076-6105-4171-aa72-678466585f20
2026-09-23,509575618,07:15,,Transferido,Jacarepaguá,PMXL,PR-JHC AW139,Omni,e779d11b-e26d-4e95-afc7-0d6fc55917f5
2026-09-23,509576809,07:10,,Transferido,Jacarepaguá,PMLZ1,PR-OHR AW139,Omni,3a20ffd9-bc7e-4ed3-b224-dcabfbac6c52
2026-09-23,509576688,07:10,,Transferido,Maricá,P-74,PR-CGE S-92A,Omni,4647be9f-e14b-47f7-9e49-e3f577db482c
2026-09-23,509576640,07:10,,Transferido,Cabo Frio,FPSE,PR-OHA AW139,CHC,2bedc023-46e1-4faf-b3ac-4d11bb4f3550
2026-09-23,509576634,07:10,08:45,Pouso,São Tomé,UMLI,PS-BTC AW139,Bristow,c13efac5-c48c-4f25-af3e-940ae4d72624
2026-09-23,509576687,07:05,,Transferido,Maricá,P-79,PR-BGB S-92A,CHC,ad79df83-17f1-4744-8580-78b3bac0deb6
2026-09-23,509576633,07:05,07:36,Pouso,São Tomé,FPAN / P-47,PR-JKM S-92A,Líder,d760a6e8-6f8c-4a89-8905-25e99bd77e7a
2026-09-23,509575683,07:05,,Transferido,Jacarepaguá,NS47,PR-OHL AW139,Omni,d3457588-5e96-40ec-ace0-1972f63e6a7d
2026-09-23,509576733,07:00,07:12,Transferido,São Tomé,P-54,PR-CPV S-92A,CHC,3544942a-0d88-4556-8c7e-c7b62b58afd3
2026-09-23,509576711,07:00,07:28,Transferido,Macaé,PNA2,PS-BTP AW139,Bristow,ac1f7562-ecc2-4388-a9d7-8aa31b085c3b
2026-09-23,509576663,07:00,07:44,Pouso,Aracaju,PA38,PR-AIE H145,Líder,37b64ed2-5f15-41bd-9ecb-5932de132647
2026-09-23,509576614,07:00,,Transferido,Jacarepaguá,NS54,PR-OHF S-92A,Omni,56ad69ba-f840-48d9-8985-f3ca791bb364
2026-09-23,509575689,07:00,07:49,Pouso,Cabo Frio,FPGU,PS-FCB AW139,CHC,4fa7f9ec-9f70-456a-aaf2-4391d76cf94d
2026-09-23,509576735,06:55,,Transferido,Maricá,P-78,PR-OOC AW139,CHC,5233d47a-039c-4a92-85bf-35b09283c5ce
2026-09-23,509576643,06:55,07:09,Pouso,São Tomé,P-25,PR-JHD AW139,Líder,bf1ed56a-da6c-40f3-98cd-a1f3f80d2812
2026-09-23,509576921,06:50,,Cancelado,Cabo Frio,WAVE,PR-CGT AW139,CHC,9c6fd210-d1df-4b8f-be63-425136d34e85
2026-09-23,509576808,06:50,,Transferido,Jacarepaguá,P-68,PR-JKJ S-92A,Líder,186f2a5e-5d2c-464d-a0bb-ff1aa940f825
2026-09-23,509576697,06:50,07:25,Pouso,Macaé,NS41,PS-CDT AW139,CHC,43c90672-1a17-4559-a2fe-2207d2a0a6d2
2026-09-23,509576665,06:50,,Transferido,Maricá,UMAC,PR-OHN AW139,Omni,cdeb9619-54ed-4316-8f08-e1d2331e61ee
2026-09-23,509576608,06:50,08:10,Pouso,São Tomé,UMLI,PR-OOQ H175,Omni,188ba26e-aa0f-49d6-bcb2-a64c1fc7e51e
2026-09-23,509576716,06:45,,Transferido,Jacarepaguá,P-66,PR-JBE S-92A,Líder,8b5fcac9-9b64-4803-9f37-9f6c81b29170
2026-09-23,509576696,06:45,07:12,Pouso,Macaé,P-09,PS-BTO AW139,Bristow,f1d9f3d3-4e8f-4c14-8185-aaa2153d000b
2026-09-23,509576685,06:45,,Transferido,Maricá,UMPT,PR-OHV AW139,Omni,5e30bce6-bc07-4934-8282-8d36b8b1d3ec
2026-09-23,509576642,06:45,08:34,Pouso,São Tomé,P-19,PR-WSG AW139,Bristow,70d55625-6d64-483d-a497-d65340c0f9e0
2026-09-23,509576830,06:40,,Transferido,Cabo Frio,SECR,PR-OOT AW139,Omni,6c00b6ca-504f-4630-a6a1-aba7ea6fa912
2026-09-23,509576821,06:40,,Transferido,Jacarepaguá,P-69,PR-EPV S-92A,Líder,d4161d8a-65b6-4448-9a85-b45e04b0153f
2026-09-23,509576723,06:40,09:40,Pouso,São Tomé,P-62,PR-OTN H175,Omni,d24d27cb-33c5-4f29-b9b6-f3a0695d5717
2026-09-23,509574993,06:40,07:24,Pouso,São Tomé,P-53,PR-JBP S-92A,Líder,a45658f0-7477-45e2-95e2-4dfcbe076ccf
2026-09-23,509576722,06:35,,Transferido,Jacarepaguá,P-67,PR-JAR S-92A,Líder,11439466-5da8-4b28-a729-d00c42dff329
2026-09-23,509576607,06:35,07:51,Pouso,São Tomé,FPAG,PR-JHI AW139,Líder,174648e4-7aa7-4a24-81bf-039cb64efb88
2026-09-23,509575142,06:35,06:53,Pouso,Cabo Frio,UMPA,PR-BGU S-92A,CHC,b1b54f51-b3ca-40d9-8de5-94ef2e43d92f
2026-09-23,509576826,06:30,06:54,Pouso,Vitória,SKRE / P-57,PR-OHB AW139,Omni,e84c67ab-a038-41d8-9a68-de9559800d69
2026-09-23,509576824,06:30,,Cancelado,Cabo Frio,SESU,PR-BGZ AW139,CHC,1459f008-2106-4108-b4f2-42a1cb0020b5
2026-09-23,509576721,06:30,09:10,Pouso,Macaé,NS58,PR-CGD S-92A,CHC,d6aa76f9-c4da-4b2c-96d1-ce4e80f7bc3f
2026-09-23,509576632,06:30,06:35,Pouso,São Tomé,P-43,PR-JBI S-92A,Líder,62dadb1c-f6a2-47c8-9fcb-e2aa74321a85
2026-09-23,509575000,06:30,,Transferido,Jacarepaguá,FPMA,PR-OON AW189,Omni,40fd8ddb-cfbd-4153-bbb6-b1f6840af418
2026-09-23,509576661,06:20,06:26,Pouso,Vitória,MOP1,PS-BTK AW139,Bristow,dd541390-196e-4dd0-a9dc-f4d1fa8a1ed6
2026-09-22,509574974,15:50,15:38,Pouso,São Tomé,UMLI,PR-JHD AW139,Líder,961ef60c-e042-47d6-a4ac-4df13538656b
2026-09-22,509575060,15:45,15:33,Pouso,Vitória,UMGR,PS-BTA AW139,Bristow,9c290615-b955-434e-a1e7-3ac91639fe5d
2026-09-22,509575054,15:45,15:23,Pouso,Macaé,NS60,PR-CGD S-92A,CHC,ae48fe21-47c7-4235-9c1d-5aa694688a45
2026-09-22,509575028,15:45,15:36,Pouso,São Tomé,UMMA,PR-JKM S-92A,Líder,f8f7fbd0-7559-4bfd-8954-518f3b985702
2026-09-22,509575045,15:40,15:28,Pouso,Macaé,PGP1,PS-CDV AW139,,255d7ec9-1279-4f6c-ba57-36b804f9bf98
2026-09-22,509574205,15:40,15:20,Pouso,São Tomé,NS52,PR-OTP H175,Omni,4ec35aab-6f1d-4850-9959-de6910ebaaac
2026-09-22,509574995,15:35,15:21,Pouso,São Tomé,UMVV / P-54,PR-OFH H175,Omni,7e8bcb5c-3c5e-4096-b1c4-ff5ba3dc73d8
2026-09-22,509574204,15:30,15:16,Pouso,São Tomé,FPAN / PRA-1,PR-JHI AW139,Líder,b4b40c5d-f6a6-4524-9d42-1679dd20afce
2026-09-22,509575011,15:20,14:49,Pouso,São Tomé,P-25,PS-BTC AW139,Bristow,61522403-64c4-4b92-acfe-55c06be92acc
2026-09-22,509574982,15:15,14:46,Pouso,São Tomé,UMPC,PR-WSG AW139,Bristow,4d148990-bbba-4dba-91b8-1d8f54657df2
2026-09-22,509575041,15:10,14:45,Pouso,Vitória,MOP1,PS-BTK AW139,Bristow,ac331619-5d50-49d5-8f56-5dd6b716f7b7
2026-09-22,509575010,15:10,15:06,Pouso,São Tomé,UMVV / P-54,PR-CPV S-92A,CHC,81e40210-241f-488e-8456-5d1f0662899f
2026-09-22,509575666,15:00,14:54,Pouso,Cabo Frio,SADI,PR-BGZ AW139,CHC,9f4408e6-e5aa-403e-9273-67935b634634
2026-09-22,509575206,14:55,15:14,Pouso,Jacarepaguá,NS61,PR-OOA AW139,Omni,88286b88-84a3-45d9-a741-32bc7249d192
2026-09-22,509575127,14:45,14:43,Pouso,Maricá,UMPT,PR-OOL S-92A,Omni,fe6de7f7-d722-43f9-a003-3936b1dd2f3a
2026-09-22,509574898,14:45,14:46,Pouso,Jacarepaguá,FPCS,PR-OHR AW139,Omni,d7c3ec9c-2bb4-4acd-b7d8-1863d372e9fe
2026-09-22,509575126,14:40,14:52,Pouso,Maricá,P-75 / UMAC,PR-BGB S-92A,Omni,22ec4711-023e-4382-9419-6f9120b0385c
2026-09-22,509574981,14:35,14:37,Pouso,Jacarepaguá,NS56,PR-JAR S-92A,Líder,a90695a5-ed51-4038-9931-907e88c4147f
2026-09-22,509575049,14:30,14:06,Pouso,Maricá,UMTJ,PR-BGT S-92A,CHC,9c60ab2b-24f1-4c09-887e-5ee23d0ae2b9
2026-09-22,509574992,14:30,14:40,Pouso,Jacarepaguá,FPAR,PR-JBE S-92A,Líder,35fbadf6-0c6c-460e-b56e-17abd2830e69
2026-09-22,509575048,14:25,14:25,Pouso,Maricá,NS43,PR-OHK S-92A,Omni,7453bfb1-5045-4dbc-8764-679535d2a065
2026-09-22,509575024,14:25,14:23,Pouso,Jacarepaguá,FPIB,PR-OHG S-92A,Omni,e0f7abcd-296d-44ab-9954-98e2e796b8ab
2026-09-22,509574433,14:25,13:25,Pouso,São Tomé,P-47,PR-JBI S-92A,Líder,a4281e1b-0579-44bf-9e85-735cdf658f9b
2026-09-22,509575186,14:20,14:08,Pouso,Cabo Frio,WAVE,PR-OOT AW139,Omni,5937d49b-dd24-4f42-9350-97839e45a9b2
2026-09-22,509575001,14:20,14:02,Pouso,Jacarepaguá,P-66,PR-OON AW189,Omni,2d6cfc6b-602c-469d-9e89-aec718b997b0
2026-09-22,509575637,14:15,,Cancelado,Jacarepaguá,SKBU,PR-JHC AW139,Líder,6f428a08-342a-4438-b82c-04b113f21a2d
2026-09-22,509575047,14:15,15:16,Pouso,Maricá,P-78,PR-CGE S-92A,CHC,52ae7d86-749e-4b79-bc29-9f121e067ac3
2026-09-22,509575075,14:10,14:19,Pouso,Maricá,P-76,PR-OOC AW139,Omni,a3a1197f-4d90-4fbc-bc7d-e4cb9fd32dd8
2026-09-22,509575125,14:05,14:12,Pouso,Maricá,FPAB,PR-OOS AW139,Omni,97a08330-00e9-4c1e-8ff1-42d4b4ee319e
2026-09-22,509575059,14:00,13:58,Pouso,Maricá,NS38 / DEBL,PR-OHN AW139,Omni,81b79ffa-42da-4e84-baa4-fbb993116c56
2026-09-22,509575142,13:55,,Transferido,Cabo Frio,UMPA,PR-CCG S-92A,CHC,87fd83cd-69b2-4398-acc1-b0065578053c
2026-09-22,509575052,13:50,14:07,Pouso,Vitória,UMGR,PR-OHB AW139,Omni,13f9a5d4-f463-499c-b6ec-d086e0378265
2026-09-22,509575019,13:50,13:47,Pouso,Cabo Frio,FPSE,PS-FCB AW139,CHC,ca180211-d3f2-4517-a338-b16b0c0b0da4
2026-09-22,509575046,13:45,15:13,Pouso,Cabo Frio,FPGU,PR-OHA AW139,Omni,397f1f2e-a3e5-4f0f-8e4a-cef5f3012509
2026-09-22,509576452,13:35,14:45,Pouso,Jacarepaguá,SARU,PR-OTQ H175,Omni,f56ca766-24b1-4f5f-8ee2-516be57ad80f
2026-09-22,509575015,13:30,13:23,Pouso,Vitória,SS81,PR-OTX AW139,Omni,f2f3188b-0115-4fe0-9ed5-9e5543b9b40e
2026-09-22,509574991,13:30,13:36,Pouso,Jacarepaguá,FPSA,PR-JBQ S-92A,Líder,6bd34e92-d372-47b4-bfc8-d2143f7fc6bf
2026-09-22,509575027,13:25,13:03,Pouso,São Tomé,UMMA,PR-OTP H175,Omni,d9b33cac-a1e6-4a05-b1b0-48883cdd8f91
2026-09-22,509575073,13:15,13:16,Pouso,Macaé,PNA2,PS-BTO AW139,Bristow,5cc60a7a-1995-446b-a783-3c480d18f49e
2026-09-22,509575051,13:10,13:09,Pouso,Vitória,CDAN,PS-BTA AW139,Bristow,b79fd26e-daf0-4724-88c0-3f4925de7da3
2026-09-22,509575012,13:10,13:10,Pouso,São Tomé,UMLI / P-38,PS-BTF AW139,Bristow,da6b974e-7b96-4f4b-a580-10e39961e155
2026-09-22,509575203,13:05,12:56,Pouso,Macaé,SKNT,PS-CDT AW139,CHC,4e1d21c9-0521-4495-a412-6eaff081bfcb
2026-09-22,509575004,13:05,12:59,Pouso,São Tomé,P-19,PR-JHI AW139,Líder,3f5fc6a3-be8c-4a2c-8d79-596ebe4e5d16
2026-09-22,509575018,13:00,12:50,Pouso,Macaé,FPCG / P-09,PR-CGS AW139,CHC,0de03603-46ea-447a-8450-aaf758ef2566
2026-09-22,509574973,13:00,13:10,Pouso,Jacarepaguá,UMAR,PR-JKJ S-92A,Líder,fe60c4b6-26d5-42eb-b534-49c20cdfbe77
2026-09-22,509574409,13:00,14:03,Pouso,São Tomé,P-53,PR-JBP S-92A,Líder,94cf8cf8-dcc2-4fed-840a-33bc3e0b4b82
2026-09-22,509574979,12:55,12:45,Pouso,São Tomé,NS44,PR-OFH H175,Omni,ff802d5b-dafa-4c0a-92ce-5a04daa33a16
2026-09-22,509575072,12:50,12:49,Pouso,Macaé,NS58,PR-CGD S-92A,CHC,0b39b293-239f-42b4-a3eb-fb53a8b5a5cb
2026-09-22,509575050,12:50,12:36,Pouso,Vitória,UMGR,PS-BTL AW139,Bristow,f01ebe5f-6d1d-4356-ba5c-129a25c29b94
2026-09-22,509575003,12:50,12:33,Pouso,São Tomé,FPAG,PR-WSG AW139,Bristow,f2429af1-bda2-4e77-bf56-d01042924b10
2026-09-22,509573725,12:40,12:39,Pouso,São Tomé,P-51,PR-JKM S-92A,Líder,e97346dd-eae2-47ca-871d-5491694b5573
2026-09-22,509575013,12:35,12:30,Pouso,São Tomé,NS63,PR-CPV S-92A,CHC,d7d0248a-bc37-4a52-a8d5-8b442be3c7d2
2026-09-22,509575184,12:30,12:24,Pouso,São Tomé,P-56,PS-BTC AW139,Bristow,f8e046c9-582e-4abc-97d9-a4b5177c879b
2026-09-22,509575056,12:30,12:17,Pouso,Cabo Frio,FPSE,PR-OHA AW139,Omni,e9d92f19-f20f-45f2-ab13-eb2f055b7ed8
2026-09-22,509575002,11:20,11:03,Pouso,São Tomé,UMPC,PR-JBI S-92A,Líder,487e780d-8165-4663-b41d-f8898a20160a
2026-09-22,509574818,11:05,11:27,Pouso,Jacarepaguá,P-71,PR-OHR AW139,Omni,36d88387-e234-43ae-b569-895ca7ad344c
2026-09-22,509575117,10:50,10:58,Pouso,Maricá,NS28,PR-OOL S-92A,Omni,ce25684d-2aef-438f-9525-32b4046730f7
2026-09-22,509574970,10:50,12:41,Pouso,Jacarepaguá,FPCS,PR-OHJ AW139,Omni,7ddf5874-a479-4256-aab1-f95af42d5cbc
2026-09-22,509574839,10:40,11:11,Pouso,Jacarepaguá,PMXL,PR-OTQ H175,Omni,45c1d25f-1b26-40bb-85f9-f12c1d16f66f
2026-09-22,509575580,10:35,12:27,Pouso,Jacarepaguá,NS45,PR-OHF S-92A,Omni,47e76620-751b-4023-b090-d3cc847ba2f5
2026-09-22,509575146,10:35,10:37,Pouso,Maricá,UMPT,PR-CHT S-92A,Omni,286dc36b-40d4-4d60-a7d0-e7ace07cda5e
2026-09-22,509575193,10:30,10:32,Pouso,Fortaleza,PAT-03,PR-AEV H145,Líder,80f9fc50-0232-459c-8e1b-4f43cd621d01
2026-09-22,509575144,10:30,10:17,Pouso,Maricá,P-74,PR-BGT S-92A,CHC,5daf795d-641a-4da5-b04d-6bf5fe5a6f62
2026-09-22,509575124,10:25,10:22,Pouso,Maricá,FPAT,PR-OHK S-92A,Omni,e3a715ce-eef5-4aaa-b6fc-4656915d3b92
2026-09-22,509575007,10:25,13:52,Pouso,Jacarepaguá,FPSP,PR-EPV S-92A,Líder,4e22cf83-775b-47ef-8871-7665abf35c63
2026-09-22,509574972,10:25,11:17,Pouso,Jacarepaguá,NS33,PR-OOR AW189,Omni,1f1787e7-ba91-48ef-8e6e-bdcdf6a049c4
2026-09-22,509575585,10:20,09:53,Pouso,Cabo Frio,SATO,PR-OOT AW139,Omni,e44f27ec-369a-4a78-b2cf-cc884ef52622
2026-09-22,509574859,10:20,10:26,Pouso,Jacarepaguá,NS47,PR-JAR S-92A,Líder,8174ece7-f253-405a-8b71-b88104b044d7
2026-09-22,509575149,10:15,10:03,Pouso,Cabo Frio,SKVI / WAVE,PR-CGT AW139,CHC,fa161b85-a518-48f5-a590-b18b07de56f2
2026-09-22,509575000,10:15,10:15,Transferido,Jacarepaguá,FPMA,PR-OON AW189,Omni,5c886573-237b-4615-bf6f-42802a4a7fc6
2026-09-22,509574994,10:15,10:13,Pouso,São Tomé,UMVV,PR-OTN H175,Omni,24e53051-76a4-49ea-8039-79081e21c04e
2026-09-22,509575598,10:10,10:08,Pouso,Vitória,SKRE,PR-OTX AW139,Omni,241b4905-9412-46db-a1c9-7b43f96f59dc
2026-09-22,509575143,10:10,10:09,Pouso,Maricá,UMAC / NS43,PR-BGB S-92A,Omni,a0b8921d-6ab8-4f2b-8a33-42029fe57e95
2026-09-22,509575057,10:10,09:59,Pouso,Cabo Frio,FPDC,PS-FCB AW139,CHC,f3557240-c434-457c-9897-e6866321b6f9
2026-09-22,509575029,10:10,10:08,Pouso,São Tomé,UMMA,PR-OTP H175,Omni,946d804c-4f86-40f2-9e7c-cdfbca6d4f3f
2026-09-22,509574990,10:10,11:02,Pouso,Jacarepaguá,FPCR,PR-JBE S-92A,Líder,19e73e6b-b09e-475b-bb7b-10a1ff1d7e44
2026-09-22,509575205,10:05,10:57,Pouso,Jacarepaguá,NS54,PR-OOA AW139,Omni,2e33328e-e3bb-48b2-8493-f09d61a6ab95
2026-09-22,509575058,10:00,09:55,Pouso,Maricá,NS40,PR-OOC AW139,Omni,b3ec7e82-2ce7-49c8-b241-d2d01f8c2647
2026-09-22,509575141,09:55,10:05,Pouso,Maricá,NS38,PR-OOS AW139,Omni,d16a572a-e7d2-4dcd-bce4-146375e2194e
2026-09-22,509574987,09:55,10:09,Pouso,São Tomé,SS75,PR-JHI AW139,Líder,563c0f05-a2b2-41c9-88e2-5780894644dd
2026-09-22,509575180,09:50,10:07,Pouso,Maricá,P-75,PR-CGN AW139,Omni,a1f588c4-6dc6-4711-a678-6dfec72923e1
2026-09-22,509574999,09:50,11:44,Pouso,Vitória,P-57,PS-BTK AW139,Bristow,42ebab5d-4529-48c9-8ead-156108f6b137
2026-09-22,509574978,09:50,09:46,Pouso,São Tomé,P-31,PS-BTF AW139,Bristow,ab149932-1ce8-48f4-83fe-d437e72a0c63
2026-09-22,509574798,09:50,09:57,Pouso,Cabo Frio,SEME,PR-OTU AW139,Omni,9905f996-a0f1-4406-acfb-1d3f793c4dd6
2026-09-22,509575071,09:45,09:42,Pouso,Macaé,P-09,PS-CDV AW139,,1fd9fa57-322f-4635-ad22-33d02518b25e
2026-09-22,509574993,09:45,,Transferido,São Tomé,P-53,PR-JBP S-92A,Líder,fb740799-6278-44f6-9966-cfb6f42c000b
2026-09-22,509575129,09:40,09:36,Pouso,São Tomé,P-52,PR-OFH H175,Omni,19ff32b2-9906-4f2b-b85b-05c5fc12b1e7
2026-09-22,509575044,09:40,09:40,Pouso,Macaé,SS73,PS-BTP AW139,Bristow,fc16375d-39b7-476b-a92e-74bce8b29f09
2026-09-22,509575020,09:40,09:40,Pouso,Cabo Frio,UMPA,PR-BGU S-92A,CHC,fd9d3dc8-074f-4104-91ef-a55e13a65e88
2026-09-22,509575595,09:30,09:28,Pouso,Cabo Frio,SATO,PR-BGZ AW139,CHC,c3145ad0-6043-41bd-b4bd-8a11aaaf7e09
2026-09-22,509575202,09:30,09:33,Pouso,Vitória,P-58,PS-BTL AW139,Bristow,5f618059-66a1-4b71-82a3-b56b9f173d60
2026-09-22,509575077,09:30,09:16,Pouso,São Tomé,P-48,PR-JKM S-92A,Líder,6cd679ab-fee0-46bc-a839-858f3c5d81dd
2026-09-22,509575128,09:25,09:04,Pouso,São Tomé,P-62,PR-CPV S-92A,CHC,4babf238-a08b-4fe1-87bc-dcd66a0187e5
2026-09-22,509575017,09:25,09:02,Pouso,Macaé,NS41,PR-CGD S-92A,CHC,3c2c03f9-ba96-4ebc-b914-66d23bebc0e5
2026-09-22,509575043,09:20,09:51,Pouso,Aracaju,PA38,PR-AIE H145,Líder,6de837fa-f307-4b2f-b8fc-f7ad98ecbc67
2026-09-22,509574977,09:20,09:11,Pouso,São Tomé,NS31 / P-48,PS-BTC AW139,Bristow,57c3600b-38bd-4192-9a91-29b513be8b39
2026-09-22,509575076,09:15,09:24,Pouso,São Tomé,P-38,PR-JHD AW139,Líder,287613a0-2c92-4996-9675-db23c7cf9a40
2026-09-22,509575191,09:10,09:30,Pouso,São Tomé,P-56,PR-OOQ H175,Omni,38bbb625-386d-425e-a216-75c675c02347
2026-09-22,509575185,09:10,09:16,Pouso,Vitória,P-58,PS-BTK AW139,Bristow,e089e565-771a-42e4-b52c-aabb53a911a4
2026-09-22,509574206,09:00,08:55,Pouso,Cabo Frio,FPAD,PR-OHA AW139,Omni,51fa001a-eda2-4769-b581-aca46eb748be
2026-09-22,509575005,08:55,08:52,Pouso,São Tomé,P-20,PR-JBI S-92A,Líder,884f64bb-0733-46fe-b5fb-07853b04ff55
2026-09-22,509575190,08:50,09:10,Pouso,Oiapoque,NS42,PR-OOY AW189,Omni,1ee2245e-c475-4f6b-8c1e-9d85f03676dc
2026-09-22,509575040,08:40,08:29,Pouso,Vitória,FPMQ,PS-BTA AW139,Bristow,bb0c4b21-4a27-421b-b6f6-24e6a8deada3
2026-09-22,509575009,08:40,08:26,Pouso,Aracaju,PA39,PR-AIE H145,Líder,fd46f289-fbaf-4a24-9c8f-c7a822c994c6
2026-09-22,509575183,08:30,09:04,Pouso,Oiapoque,NS42,PR-OOX AW189,Omni,8fcf3542-e9c2-443a-9782-4b5edb20d2bf
2026-09-22,509575148,08:00,08:02,Pouso,Fortaleza,PAT-03,PR-AEV H145,Líder,068d94ab-5550-4a67-ac0b-ec85b78c92e1
2026-09-22,509574899,07:50,08:32,Pouso,Jacarepaguá,UMCP,PR-OTY AW189,Omni,74ec83f5-f323-4ddd-8ceb-72ee68d7d021
2026-09-22,509575181,07:45,08:09,Pouso,Maricá,P-75,PR-OHV AW139,Omni,7ff7ba76-e514-475b-be16-f8138ef1b38a
2026-09-22,509574980,07:40,07:24,Pouso,Jacarepaguá,UMAR,PR-JAR S-92A,Líder,5eb91da8-29cb-4e9f-8087-c78f5ed6c711
2026-09-22,509574081,07:40,07:43,Pouso,Vitória,P-58,PR-OTX AW139,Omni,7c3b93c9-2d7f-425f-b164-9cb76f1bea5a
2026-09-22,509574985,07:35,07:41,Pouso,São Tomé,NS32,PR-JHI AW139,Líder,a6aace20-b402-4fce-b6ed-6a00d6f31c3d
2026-09-22,509575008,07:30,07:17,Pouso,Aracaju,PA39,PR-AIE H145,Líder,53d0c3c4-14a3-4cbf-94f1-760f636deb46
2026-09-22,509575196,07:25,07:40,Pouso,Jacarepaguá,NS55,PR-OHF S-92A,Omni,6856ebf7-85e4-4d35-8fd1-ce636aad5359
2026-09-22,509575123,07:25,07:34,Pouso,Maricá,UMTJ,PR-CHT S-92A,Omni,a85e24cb-8d6e-473a-88b0-57c65eec0c9f
2026-09-22,509575182,07:20,07:19,Pouso,Maricá,UMAC,PR-OHN AW139,Omni,7b13828d-457c-4cf3-801f-f5fddf19fc02
2026-09-22,509574897,07:20,07:52,Pouso,Jacarepaguá,P-71,PR-OTQ H175,Omni,19bdeff3-eb22-4b9d-8443-f2b9b08b0649
2026-09-22,509575074,07:15,07:10,Pouso,Maricá,NS62,PR-BGT S-92A,CHC,22610a74-d812-42b2-827b-7ae5217d52cd
2026-09-22,509574986,07:15,06:54,Pouso,São Tomé,NS51,PS-BTF AW139,Bristow,b0507f1f-6713-40c3-8eb5-3a63c64ed8c2
2026-09-22,509575610,07:10,06:58,Pouso,Macaé,NS58,PR-CGS AW139,CHC,7a7cd089-e579-42e5-8947-c32b5cd1550e
2026-09-22,509575078,07:10,07:14,Pouso,Maricá,P-77,PR-OHK S-92A,Omni,c8927b92-a33d-45df-9a46-4d3b67a2b0b0
2026-09-22,509574467,07:10,07:44,Pouso,Jacarepaguá,SAJA,PR-OHR AW139,Omni,e408a96b-dca1-4f6d-a787-3a9c18ece2ba
2026-09-22,509575122,07:05,07:00,Pouso,Maricá,P-76,PR-OOC AW139,Omni,11a8b845-6e26-46d4-981d-fe728c8373e3
2026-09-22,509574976,07:05,07:12,Pouso,São Tomé,UMLI,PR-JBP S-92A,Líder,203a7880-0f48-4e21-868f-c6f1c0a7c13c
2026-09-22,509574814,07:05,07:30,Pouso,Jacarepaguá,NS55,PR-OOA AW139,Omni,ea0cfbec-7252-4c4f-9456-dada912db9a4
2026-09-22,509575197,07:00,07:48,Pouso,Jacarepaguá,P-69,PR-JBO S-92A,Líder,bdd292c3-351a-4527-ab70-473b877f7409
2026-09-22,509575145,07:00,06:48,Pouso,São Tomé,P-54,PR-OFH H175,Omni,e062ff5a-d7a9-473a-a003-58f6322ea0ea
2026-09-22,509575121,07:00,07:38,Pouso,Maricá,P-75 / P-79 / P-78,PR-OOL S-92A,Omni,bd86716c-f905-4aee-a929-c57565ec902e
2026-09-22,509575070,07:00,07:14,Pouso,Macaé,UMPC,PS-BTO AW139,Bristow,254b7dff-028c-4df2-a345-4b574a724421
2026-09-22,509575055,07:00,06:52,Pouso,Cabo Frio,FPPL,PS-FCB AW139,CHC,05823750-3db5-4516-a024-d8e5c5891281
2026-09-22,509575042,07:00,07:17,Pouso,Aracaju,PA38,PR-AIE H145,Líder,ae62e3eb-f9f2-4804-bee1-96bea953eaa7
2026-09-22,509574989,06:55,06:38,Pouso,Cabo Frio,UMCP,PR-BGU S-92A,CHC,184251e1-02d3-44f9-a628-2c72291b78df
2026-09-22,509574975,06:55,06:42,Pouso,São Tomé,P-25,PR-OOQ H175,Omni,95a17b28-6ab7-41af-a8aa-cba63c01dfe8
2026-09-22,509574783,06:55,07:36,Pouso,Jacarepaguá,PMLZ1,PR-OHJ AW139,Omni,6bf1233b-41f5-49e3-84c2-2e16e89cb480
2026-09-22,509575586,06:50,06:36,Pouso,Cabo Frio,SAON,PR-OOT AW139,Omni,b754dbe6-4bd5-4355-8425-1e4731792eb0
2026-09-22,509575140,06:50,07:02,Pouso,Maricá,NS59,PR-OOS AW139,Omni,6c44dfc8-b6ff-4ff6-a15b-4b37beaf5260
2026-09-22,509575016,06:50,06:46,Pouso,Macaé,SS92 / P-09,PS-CDT AW139,CHC,ff4f5d20-3150-4f7f-9853-3067e0f684d8
2026-09-22,509574984,06:50,06:51,Pouso,São Tomé,UMLI,PR-JKM S-92A,Líder,ef35e334-a64b-44c8-b733-ce2d8eae1a46
2026-09-22,509574819,06:50,07:05,Pouso,Jacarepaguá,P-70,PR-JBQ S-92A,Líder,9237056c-5c1a-4b51-8db1-fe34ae6e5502
2026-09-22,509575615,06:45,06:49,Pouso,São Tomé,UMMA,PS-BTC AW139,Bristow,7268eb8a-5ea2-486c-88b6-f3ebbf987679
2026-09-22,509575120,06:45,06:50,Pouso,Maricá,NS40,PR-CGN AW139,Omni,cd46ce23-0327-42cf-b1ce-a2192ca51531
2026-09-22,509575053,06:45,06:50,Pouso,Macaé,SS83,PS-BTP AW139,Bristow,0fddad88-a074-41ed-93d9-22b17bb9288e
2026-09-22,509574858,06:45,07:36,Pouso,Jacarepaguá,FPIT,PR-JBE S-92A,Líder,9462d87d-dab2-4cf2-b94d-c6687ba00e3a
2026-09-22,509575590,06:40,06:44,Pouso,Cabo Frio,SADI,PR-CGT AW139,CHC,f659b617-4d75-437e-87f5-d2534a393607
2026-09-22,509575198,06:40,10:11,Pouso,Jacarepaguá,P-67,PR-JBQ S-92A,Líder,791ea438-e264-4c61-a6f0-cf9639d594de
2026-09-22,509575021,06:40,06:19,Pouso,São Tomé,P-55,PR-CPV S-92A,CHC,e8b1bd5c-0491-46ca-b10e-37ebe9ff15fb
2026-09-22,509574794,06:40,08:06,Pouso,Maricá,P-77,PR-CGE S-92A,CHC,10acd926-78e9-47e7-a050-52affe8e371d
2026-09-22,509575187,06:35,08:18,Pouso,Jacarepaguá,P-68,PR-EPV S-92A,Líder,39634c51-7ae0-4024-8d46-2f570f51dba9
2026-09-22,509575006,06:35,06:40,Pouso,São Tomé,P-31,PR-WSG AW139,Bristow,0201485f-d7f9-462c-8337-3833a04f2586
2026-09-22,509574983,06:30,06:38,Pouso,São Tomé,P-43,PR-JBI S-92A,Líder,c044b610-7cfc-446a-a38e-f6c4383a9c26
2026-09-22,509574971,06:30,06:48,Pouso,Jacarepaguá,FPAR,PR-OOR AW189,Omni,a291b642-6b3d-4313-8343-cdf553644915
2026-09-22,509574799,06:30,06:35,Pouso,Cabo Frio,FPDC,PR-OTU AW139,Omni,7b9d1647-cc1d-4c88-ba5d-094a1502c6dd
2026-09-22,509575014,06:20,06:30,Pouso,Vitória,MOP1,PS-BTA AW139,Bristow,f8f258f3-631e-4b9b-83c1-9d2ce1658cf0
