data,numero,programado,decolagem,status,origem,destinos,aeronave,empresa,id
2026-10-01,509581766,06:30,07:41,Pouso,Jacarepaguá,P-67,PR-OHG S-92A,Omni,362d84ed-3542-415d-81b2-ef01dbada491
2026-10-01,509581863,06:30,06:30,Pouso,Cabo Frio,SRIO / SESU,PR-BGZ AW139,Omni,caf31d0c-62d5-4f37-b0bb-49f03f032c93
2026-10-01,509581865,06:30,06:56,Pouso,Maricá,UMAC / UMTJ,PR-CHT S-92A,Omni,91a08944-a31b-4f5c-aaf7-b38609fbb24d
2026-10-01,509581868,06:30,06:23,Pouso,Cabo Frio,UMCP,PR-BGU S-92A,CHC,9dae8b0a-70cb-4e44-a0e8-e622812bd466
2026-10-01,509582439,06:30,07:34,Pouso,Vitória,P-57,PR-OTX AW139,Omni,91db2acf-6ae3-4c3e-9a0b-ac46a609ec1e
2026-10-01,509582453,06:30,06:23,Pouso,Macaé,SS92,PR-CGD S-92A,CHC,a0220181-c313-496b-a241-a82b116b3357
2026-10-01,509582515,06:30,06:38,Pouso,São Tomé,P-48,PR-JBP S-92A,Líder,fdb254a8-3706-47e1-80ca-4289f6b7f89f
2026-10-01,509582791,06:32,06:56,Pouso,Jacarepaguá,FPMA,PR-CGO AW139,Omni,7068826e-1803-4758-a3a9-0d70ea06b1b0
2026-10-01,509581866,06:35,07:05,Pouso,Maricá,NS28,PR-CGN AW139,Omni,c6e3ca24-39dc-48ac-afc4-f321bd47982c
2026-10-01,509581886,06:35,09:32,Pouso,Cabo Frio,UMPA,PR-CGF S-92A,CHC,a1f28f97-9b1d-449c-b23f-41e8c1dac4df
2026-10-01,509582435,06:35,06:43,Pouso,Macaé,NS60,PS-CDT AW139,CHC,e6e7e965-7b46-4cee-8649-bf00fc79d8c0
2026-10-01,509582516,06:35,06:44,Pouso,São Tomé,UMLI,PS-BTC AW139,Bristow,d11c36df-239b-4e40-a542-dfe70ea9f8df
2026-10-01,509582484,06:38,07:22,Pouso,Jacarepaguá,P-70,PR-JBE S-92A,Líder,53020a7c-c3ae-4e20-827e-fcce5f38a7dc
2026-10-01,509580884,06:40,09:40,Pouso,Maricá,FPAT,PR-BGB S-92A,Omni,3218a90a-a10c-40e7-836a-d666ce3426a5
2026-10-01,509582542,06:40,06:23,Pouso,São Tomé,P-54,PR-CCG S-92A,CHC,28bb8f79-2701-4ff7-b402-a652c9238c06
2026-10-01,509582552,06:42,06:43,Pouso,Jacarepaguá,P-67,PR-JKJ S-92A,Líder,2fe301b5-2847-45bc-bb2c-42127d72713d
2026-10-01,509581708,06:45,07:06,Pouso,Jacarepaguá,UMCP,PR-OON AW189,Omni,2cb6c2f5-0f53-4233-9e24-b170133a45b7
2026-10-01,509582427,06:45,06:59,Pouso,Macaé,NS58,PS-BTP AW139,Bristow,8d444b21-ba0d-407a-b686-4d033b2e059e
2026-10-01,509582532,06:45,06:54,Pouso,São Tomé,FSME,PR-JHD AW139,Líder,68871029-3b3c-457e-95ad-21413be6e042
2026-10-01,509582562,06:45,07:10,Pouso,Maricá,NS28,PR-OOC AW139,Omni,c198c476-e79a-422f-91e0-5160b66850b2
2026-10-01,509581945,06:50,06:53,Pouso,Cabo Frio,FPAD,PR-OHA AW139,Omni,86cd4233-52dc-4f79-bb30-649be677add3
2026-10-01,509581949,06:50,07:07,Transferido,Maricá,UMPT,PR-OHV AW139,CHC,971b2085-bdee-4510-83f6-8d08d3fbdd83
2026-10-01,509582457,06:50,06:55,Pouso,Vitória,SS81,PS-BTK AW139,Bristow,33120a48-de6f-4fef-bfc7-657630b1ce0a
2026-10-01,509582496,06:50,07:10,Pouso,São Tomé,P-25,PR-JKM S-92A,Líder,6cb3b7a1-d49e-4a43-af3c-ca9e26c0e317
2026-10-01,509582630,06:50,07:15,Pouso,Jacarepaguá,P-66,PR-JBO S-92A,Líder,6eaf414a-54b0-43d8-87e2-825563a735d2
2026-10-01,509581851,06:55,07:19,Pouso,Jacarepaguá,FPMA,PR-OOR AW189,Omni,94cc11be-97cc-497b-bb32-da42a165fa54
2026-10-01,509581879,06:55,07:37,Pouso,São Tomé,P-31,PS-BTF AW139,Bristow,eed7f365-0fd9-488a-8635-4eff9260feab
2026-10-01,509582248,06:55,07:02,Pouso,Maricá,FPAB,PR-CGW AW139,CHC,33ec4d4e-ee09-40ac-a626-dd1d34f3379c
2026-10-01,509581622,07:00,07:23,Pouso,Maricá,NS40,PR-OOL S-92A,Omni,e17a5642-20bb-4386-aa9f-252e8852c9bd
2026-10-01,509582336,07:00,07:02,Pouso,Aracaju,PA39,PR-AIE H145,Líder,9364a11f-e1e3-457f-9859-91a46b500555
2026-10-01,509582379,07:00,07:14,Pouso,Macaé,FPCG,PS-BTO AW139,Bristow,147d1ede-351c-493e-94ee-f4d0cb71f59c
2026-10-01,509582411,07:00,07:04,Pouso,Cabo Frio,FPPL,PS-CDR AW139,CHC,506ba1cd-ff17-41c1-ad25-8fd89116d498
2026-10-01,509582556,07:00,07:55,Pouso,Jacarepaguá,P-68,PR-EPV S-92A,Líder,92d8abdd-e73b-41c5-aaec-ae2388a052d7
2026-10-01,509582560,07:00,07:14,Pouso,São Tomé,UMVV,PR-OFH H175,Omni,b9a3a94b-0a36-46fb-89b4-b4e02f5f099b
2026-10-01,509581860,07:05,07:33,Pouso,Jacarepaguá,NS56,PR-OHL AW139,Omni,285f8451-62b1-47f2-80a5-e126291d1cfd
2026-10-01,509582504,07:05,07:26,Pouso,São Tomé,P-51,PR-JBI S-92A,Líder,a997c5bc-4d94-4808-b03f-a43a3744587d
2026-10-01,509582373,07:08,07:36,Pouso,Jacarepaguá,PMLZ1,PR-JHC AW139,Líder,70137672-9062-4a0b-8de9-505bf669150c
2026-10-01,509582375,07:10,07:05,Transferido,Maricá,UMTJ,PR-CGK AW139,Omni,bd581d42-e923-4e2a-a46e-3dbb18c4643f
2026-10-01,509582490,07:10,07:54,Pouso,Vitória,P-57,PR-OHB AW139,Omni,c2c3ac22-b7bf-42ef-bdd5-35b120cc19ce
2026-10-01,509582517,07:15,07:16,Pouso,São Tomé,NS31,PR-JHI AW139,Líder,bd2338cf-f46e-469a-8e44-d2213df8d207
2026-10-01,509582247,07:20,07:35,Pouso,Jacarepaguá,P-71,PR-OHR AW139,Omni,e4c1ec41-f612-48d9-95d4-1f49077560b9
2026-10-01,509582410,07:20,07:17,Pouso,Cabo Frio,FPGU,PR-CGU AW139,CHC,edd602b6-1587-4d72-a3c6-391fb15ac936
2026-10-01,509582505,07:20,09:02,Pouso,São Tomé,UMPC,PR-JHD AW139,Líder,55733cbf-fa03-4408-8977-efb3f0d0b637
2026-10-01,509580875,07:25,08:55,Pouso,Jacarepaguá,FPCS,PR-OOS AW139,Omni,60d3be8c-9ae0-4222-b62c-c32dd2a87405
2026-10-01,509580897,07:25,07:19,Pouso,São Tomé,NS63,PR-CPV S-92A,CHC,2ccc2d28-f134-4e85-a18d-9c5b48644ca5
2026-10-01,509582429,07:30,07:41,Pouso,Vitória,UMGR,PS-BTA AW139,Bristow,7681c05f-ab69-4d02-a5e2-69e8ac045f5a
2026-10-01,509582558,07:30,08:02,Pouso,Jacarepaguá,NS54,PR-OTU AW139,Omni,33ac4a5a-ba6e-433c-a976-a97821383302
2026-10-01,509582772,07:30,07:32,Pouso,Maricá,UMTJ,PR-OHN AW139,Omni,c56d127e-ec39-4f27-a86f-69e7b7cbb8ed
2026-10-01,509582240,07:35,08:18,Pouso,Jacarepaguá,NS45,PR-OHF S-92A,Omni,21fbc489-0d6d-4caf-a22d-630af30508a6
2026-10-01,509582485,07:40,07:38,Pouso,Jacarepaguá,UMAR,PR-JAR S-92A,Líder,cf0cf1bc-d83e-404e-a22c-f6ae7a4ff530
2026-10-01,509582547,07:40,07:35,Pouso,Maricá,P-74,PR-BGT S-92A,CHC,0883463a-29e9-43da-b295-c2907c384f1e
2026-10-01,509582776,07:45,,Cancelado,Jacarepaguá,SADI,PR-OOA AW139,Omni,be2e7d17-672f-4b5e-a5ba-8138fc866669
2026-10-01,509582571,08:00,07:56,Pouso,Fortaleza,PCR-01,PR-AEV H145,Líder,f230b9ed-04d5-479a-8ec3-351d20ba3737
2026-10-01,509581887,08:10,08:20,Pouso,Cabo Frio,UMCP,PR-BGU S-92A,CHC,07395706-b36e-431b-bb4c-d46bb0dd4eec
2026-10-01,509582337,08:20,08:20,Pouso,Aracaju,PA38,PR-AIE H145,Líder,640347c9-fbb0-4e49-b763-528e4363b9fe
2026-10-01,509582454,08:30,08:40,Pouso,Oiapoque,NS42,PR-OOX AW189,Omni,f50db747-a553-44d7-9e8e-7d020e4fd39b
2026-10-01,509582482,08:50,09:10,Pouso,Oiapoque,NS42,PR-OOY AW189,Omni,72166abb-b863-430d-90f6-ad6833bc98b2
2026-10-01,509582497,08:55,09:17,Pouso,São Tomé,UMLI,PR-JBP S-92A,Líder,f3610eeb-5bcd-47fb-81f6-bc1e10d2427f
2026-10-01,509580878,09:10,08:52,Pouso,Vitória,FPMQ,PS-BTL AW139,Bristow,dd32dc96-fb2d-4c8e-a5fe-2df26733ebd3
2026-10-01,509582506,09:10,09:14,Pouso,São Tomé,PRA-1,PR-OTP H175,Omni,781d2791-117e-473c-81e9-ebceb8989d4f
2026-10-01,509582507,09:15,09:37,Pouso,São Tomé,P-19,PR-JHI AW139,Líder,e229e6c9-fe17-4d14-94ed-8588e7f49653
2026-10-01,509580898,09:25,09:04,Pouso,São Tomé,P-55,PR-CCG S-92A,CHC,1b0fd4ed-196d-4e6e-a534-947597a9a531
2026-10-01,509582436,09:25,09:01,Pouso,Macaé,PGP1,PR-CGD S-92A,CHC,8db1d97d-ae6a-49ca-9d34-3d388d77220b
2026-10-01,509582491,09:30,09:40,Pouso,Vitória,UMGR,PS-BTK AW139,Bristow,4b766e54-3c56-4493-82ff-9120663a3004
2026-10-01,509582508,09:30,09:40,Pouso,São Tomé,P-18,PR-JKM S-92A,Líder,05a829ad-a825-44ba-9197-6f75b26228b9
2026-10-01,509582518,09:35,09:28,Pouso,São Tomé,P-38 / UMLI,PS-BTC AW139,Bristow,a3dea5fc-5de5-44c4-bdb2-578100aa78c6
2026-10-01,509580895,09:40,09:49,Pouso,Jacarepaguá,FPSA / FPPA,PR-OON AW189,Omni,3d3b4d72-ddcb-486a-b4b5-867d3ecd3829
2026-10-01,509582338,09:40,09:43,Pouso,Aracaju,PA39,PR-AIE H145,Líder,383ba7bd-c49b-48ff-bd35-e0f0a0a5933f
2026-10-01,509582480,09:40,09:41,Pouso,Macaé,UMPC,PS-BTP AW139,Bristow,37445294-c940-4da7-8533-b058c56fb3b2
2026-10-01,509582551,09:40,09:47,Pouso,São Tomé,NS44,PR-OFH H175,Omni,36deff24-54a9-45d7-85c9-3b7c4aa5c012
2026-10-01,509582420,09:45,10:16,Pouso,Maricá,NS38,PR-CHT S-92A,Omni,2c0ff728-b8dc-48cf-9ae3-d5635d3445c6
2026-10-01,509582498,09:45,09:53,Pouso,São Tomé,P-43,PR-JBI S-92A,Líder,098556e3-4ccb-4734-b4d2-0825de0e12a2
2026-10-01,509582545,09:50,10:31,Pouso,Maricá,NS59,PR-OOC AW139,Omni,69742675-742a-4304-8855-7fa6adbca25e
2026-10-01,509582564,09:50,10:19,Pouso,São Tomé,PRA-1,PR-OTS H175,Omni,784754bd-3e69-4987-a2c8-42e796f1b593
2026-10-01,509581946,09:55,09:44,Pouso,Cabo Frio,FPGU,PR-OHA AW139,Omni,9a2fa169-a72f-49dc-868f-cbf36be1b790
2026-10-01,509582544,10:00,10:13,Pouso,Maricá,P-76,PR-OHV AW139,Omni,6438913c-4f2e-4fa4-a8fe-41ec2e7435c7
2026-10-01,509582513,10:05,13:05,Pouso,Jacarepaguá,UMPA,PR-CGO AW139,Omni,bc1c69bc-e239-453b-8452-e3caa8950b57
2026-10-01,509582541,10:05,09:56,Pouso,São Tomé,P-62,PR-CPV S-92A,CHC,3d1d858f-cee8-4473-8590-3abeb19bfe8e
2026-10-01,509582631,10:05,09:40,Pouso,Cabo Frio,SKVI,PR-OOT AW139,Omni,0a47de4b-6f1d-4c9c-aa19-7f9287e3154e
2026-10-01,509582371,10:10,12:11,Pouso,Cabo Frio,UMPA,PR-BGU S-92A,CHC,edbb6b49-7433-48c1-94a3-e5798450574d
2026-10-01,509582412,10:10,10:43,Pouso,Cabo Frio,SEOC,PS-CDR AW139,CHC,42169390-bf0f-4d6a-aa76-c8b862ca726e
2026-10-01,509582415,10:10,10:47,Pouso,Maricá,FPAT,PR-OHN AW139,Omni,d4e9c440-a47f-4690-aa84-a1761837fcf3
2026-10-01,509582458,10:10,10:11,Pouso,Vitória,UMGR,PS-BTA AW139,Bristow,3b279300-8d0f-4fb5-b99a-c9dc4c82d4a3
2026-10-01,509582533,10:10,10:05,Pouso,Macaé,P-43,PR-CGS AW139,CHC,03afdcf2-ef1e-466d-8c2f-f329e00a8966
2026-10-01,509582538,10:10,13:01,Pouso,Maricá,UMTJ / P-74,PR-CGN AW139,Omni,5543abcd-0d28-4919-9de2-6075ad00ccba
2026-10-01,509582561,10:10,10:16,Pouso,São Tomé,UMMA,PR-OOQ H175,Omni,5b5f02be-81d3-4817-89ef-24a5b6b49dc9
2026-10-01,509582568,10:10,,Transferido,Jacarepaguá,FPSP,PR-OHG S-92A,Líder,0aee1367-0272-4680-a55c-f6e097441448
2026-10-01,509582512,10:15,10:47,Pouso,Cabo Frio,FPDC,PR-CGU AW139,CHC,1c07e497-5779-45c9-a85b-56f810077ff7
2026-10-01,509582535,10:15,10:44,Pouso,Maricá,P-75 / UMPT / P-76,PR-OOL S-92A,Omni,3f37aa0b-78fc-4546-85df-200b163f9314
2026-10-01,509581948,10:18,12:48,Pouso,Jacarepaguá,SKAU,PR-OHR AW139,Omni,7dc7af34-7e35-4e11-aafa-df098cb57e92
2026-10-01,509582557,10:20,10:50,Pouso,Maricá,P-75,PR-BGT S-92A,CHC,44e4ee83-e797-47b8-939e-ff3610bc1602
2026-10-01,509582646,10:24,10:57,Pouso,Jacarepaguá,FPIB,PR-EPV S-92A,Líder,7d8ced42-a466-4e1b-bd0a-35601395ff66
2026-10-01,509582245,10:25,10:07,Pouso,Cabo Frio,UMCP,PR-BGU S-92A,CHC,338445d8-ba44-4bed-8330-cfdcf0769a43
2026-10-01,509582249,10:25,10:34,Pouso,Maricá,UMAC,PR-CGW AW139,CHC,97964620-640a-4a4e-933b-c55237cea659
2026-10-01,509582486,10:25,10:42,Pouso,Jacarepaguá,FPAR,PR-JBE S-92A,Líder,8b542b81-6b8f-47c6-a032-014d77d2992f
2026-10-01,509582493,10:30,10:37,Pouso,Jacarepaguá,FPMR,PR-JKJ S-92A,Líder,339d7268-1aef-4273-8533-170aa4ae6df6
2026-10-01,509582572,10:30,10:32,Pouso,Fortaleza,PCR-01,PR-AEV H145,Líder,594ee337-aec9-4234-b807-de83b503516c
2026-10-01,509582775,10:30,14:01,Pouso,Maricá,FPAT,PR-OHV AW139,Omni,fb9aab9e-f836-417a-b551-de888337711d
2026-10-01,509582413,10:35,14:11,Pouso,Cabo Frio,FPGU,PR-CGU AW139,CHC,dbbc95e0-8e20-4fdc-8f4e-822a515802d3
2026-10-01,509582536,10:40,,Transferido,Maricá,P-78 / FPAD,PR-CGE S-92A,Omni,5d840d29-c48b-4688-ad1b-d50abb4aef78
2026-10-01,509582554,10:40,,Transferido,Cabo Frio,SRIO,PR-CGT AW139,CHC,aee994b1-a4ac-4530-92ea-6058f551130d
2026-10-01,509582487,10:45,11:04,Pouso,Jacarepaguá,UMAR,PR-OOR AW189,Omni,0470cb52-6d7e-4968-8a26-a27dc0feba00
2026-10-01,509582750,10:55,11:27,Pouso,Jacarepaguá,NS54,PR-OTU AW139,Omni,9ea78bc3-089a-4998-a881-00f8736df382
2026-10-01,509582549,11:00,11:44,Pouso,Jacarepaguá,NS55,PR-OHF S-92A,Omni,7ac9adc9-98bc-489a-9017-21669025898d
2026-10-01,509582339,11:10,09:43,Pouso,Aracaju,PA38,PR-AIE H145,Líder,28b6f1a4-76a5-4e54-b44f-3f4a0ad6be63
2026-10-01,509582414,11:15,11:31,Pouso,Jacarepaguá,PMXL,PR-JHC AW139,Líder,a1b86ca3-7b9a-4cb1-a94f-b3f4a972e7ce
2026-10-01,509582519,11:20,11:25,Pouso,São Tomé,UMPC,PR-JBP S-92A,Líder,f4e0a683-cbe9-4377-99fd-a11597917685
2026-10-01,509582459,12:30,12:33,Pouso,Vitória,P-58 / CDAN,PR-OHB AW139,Omni,40c3533c-a173-4245-bbb3-0b2c636d142a
2026-10-01,509582540,12:30,12:40,Pouso,São Tomé,P-19 / WAYF,PS-BTF AW139,Bristow,cf1f9d23-7c42-42bd-a40c-72f0fcf171b7
2026-10-01,509583098,12:30,12:31,Pouso,São Tomé,P-53,PR-OTP H175,Omni,68196dfd-ec62-4faa-b8ac-f1a327797e92
2026-10-01,509582509,12:35,12:13,Pouso,São Tomé,P-31,PR-JHD AW139,Líder,6cd73eea-1275-4b5e-9d04-ecc076aacadc
2026-10-01,509582437,12:40,12:35,Pouso,Macaé,NS41,PR-CGD S-92A,CHC,50d685b3-bf7b-410c-82c7-588ba014d265
2026-10-01,509582534,12:40,12:55,Pouso,São Tomé,P-53,PR-JKM S-92A,Líder,f60de915-323e-40f2-b4ba-91e26a1133e2
2026-10-01,509582495,12:45,12:53,Pouso,São Tomé,FPAG,PS-BTC AW139,Bristow,91983912-df1a-4d42-828f-b88b53c47528
2026-10-01,509582543,12:50,12:35,Pouso,São Tomé,UMVV,PR-CCG S-92A,CHC,0c405831-411b-44b3-99d5-cc690122ae6e
2026-10-01,509582553,12:50,12:47,Pouso,Vitória,P-58,PS-BTK AW139,Bristow,cc806be4-9efc-4fcc-be48-8f80ac25d410
2026-10-01,509582501,13:00,14:00,Transferido,Jacarepaguá,UMAR,PR-OHL AW139,Omni,ad089e25-23de-49c9-8657-304fd3a82d72
2026-10-01,509580896,13:05,13:01,Pouso,São Tomé,P-54 / P-52,PR-CPV S-92A,CHC,2ff89002-d1cb-4943-9556-3515154f982a
2026-10-01,509582481,13:05,13:08,Pouso,Macaé,SS73,PS-CDT AW139,CHC,5fe1db59-89d1-474b-b56a-ae4c3fdae091
2026-10-01,509582438,13:10,13:11,Pouso,Macaé,SKOL,PS-BTO AW139,Bristow,af1c3bd8-f8b1-4ca5-8205-180a537e4fb6
2026-10-01,509582503,13:10,13:26,Pouso,São Tomé,UMLI / FPAN,PR-JHE AW139,Líder,9542d614-d91c-42aa-a363-2dde8df3b7eb
2026-10-01,509582548,13:10,13:17,Pouso,Fortaleza,PXA-01,PR-AEV H145,Líder,79427ecc-e61a-4bdd-a309-1715bb91e6e0
2026-10-01,509582499,13:15,13:04,Pouso,São Tomé,SS75,PR-JHI AW139,Líder,63a64b5e-926c-451d-bd9a-77f7ea355e85
2026-10-01,509582456,13:20,13:15,Pouso,Macaé,SECR,PS-LSC AW139,CHC,787c57c1-e096-4a46-ab9c-61f4425b8f3b
2026-10-01,509582483,13:30,13:16,Pouso,Vitória,UMGR,PS-BTA AW139,Bristow,95fcf38e-2790-4cf7-968e-ea9dc6aa5776
2026-10-01,509582794,13:30,14:05,Pouso,Maricá,UMAC / UMPT / P-77,PR-OOC AW139,Omni,8ba60a93-8c1a-4c02-bf83-bdf921564e2c
2026-10-01,509582550,13:35,13:37,Pouso,São Tomé,NS32,PR-OOQ H175,Omni,1b994c16-4c70-46ab-bf66-e749b338a731
2026-10-01,509582324,13:40,,Transferido,Jacarepaguá,FPCR / NS33,PR-OTY AW189,Omni,58eea50f-7c15-4bb0-ae3f-faad1d367649
2026-10-01,509582632,13:45,13:36,Pouso,Cabo Frio,FPAD,PR-OHA AW139,Omni,b39f5cc8-da49-40bf-825b-f257b4df8672
2026-10-01,509581947,13:50,,Transferido,Cabo Frio,FPSE,PS-CDR AW139,Omni,cb7f2b26-f6ff-4f15-a69f-a4075574c49a
2026-10-01,509582372,13:55,13:56,Pouso,Cabo Frio,UMPA,PR-CGF S-92A,CHC,bed85253-d188-4e9e-9814-bca4dc9b9ea0
2026-10-01,509582374,14:00,13:57,Pouso,Jacarepaguá,SAES,PR-OOS AW139,Omni,d4b26197-fa1e-40fd-a1b9-2cb73ced3328
2026-10-01,509582492,14:00,14:15,Pouso,Jacarepaguá,FPIT,PR-OON AW189,Omni,dc06fafa-436a-4bde-9564-c4b3f0c473e9
2026-10-01,509582703,14:00,14:01,Pouso,Aracaju,PA39,PR-AIE H145,Líder,4c29fab6-beb3-440f-951d-838c22de21fc
2026-10-01,509582488,14:05,,Transferido,Jacarepaguá,FPPA,PR-EPV S-92A,Líder,4ac680ba-272f-4250-ac5d-e3966b288e78
2026-10-01,509582424,14:10,14:25,Pouso,Maricá,NS40,PR-CGW AW139,CHC,274ab524-c3dd-45b3-a712-3494f5d3fa53
2026-10-01,509582425,14:15,14:28,Pouso,Maricá,NS43,PR-OOL S-92A,Omni,86a00f17-3413-40ee-97dd-81b78568598b
2026-10-01,509582494,14:15,,Transferido,Jacarepaguá,NS56,PR-JKJ S-92A,Líder,ae76433b-88e1-4401-9c7b-e6065f074bd5
2026-10-01,509582426,14:20,14:23,Pouso,Maricá,UMAC,PR-CGE S-92A,CHC,bd1dfad9-e026-4f6b-b733-2411a65b7174
2026-10-01,509582555,14:20,,Transferido,Cabo Frio,SATO / SRIO,PR-BGZ AW139,CHC,d3cd519f-8624-4a14-8a53-434d488b643c
2026-10-01,509582792,14:20,,Transferido,Jacarepaguá,SKAU,PR-JHC AW139,Omni,efd00b62-7632-49f7-926b-374126b197f7
2026-10-01,509582417,14:25,14:31,Pouso,Maricá,FPAB,PR-BGB S-92A,Omni,ebf98ae6-9d27-4d37-8d42-c2249cc24d77
2026-10-01,509582489,14:25,15:42,Pouso,Jacarepaguá,FPCR,PR-EPV S-92A,Líder,9dd16d8b-f54f-43c0-b0ad-83baefa2e8ae
2026-10-01,509582530,14:25,14:31,Pouso,São Tomé,UMLI,PR-JBP S-92A,Líder,a3e99090-abf9-4b43-9d73-317132c844f8
2026-10-01,509582539,14:30,,Transferido,Jacarepaguá,P-69,PR-JBE S-92A,Omni,00f3c40e-a59a-4ba2-adca-12707c681207
2026-10-01,509582640,14:30,14:16,Pouso,Maricá,NS62,PR-CHT S-92A,Omni,43b7c490-a1c8-4f5b-bddb-e648753550d0
2026-10-01,509582378,14:35,14:43,Transferido,Maricá,UMTJ,PR-OHN AW139,CHC,e38d4c74-7d05-4165-baed-3ed578258854
2026-10-01,509582563,14:40,14:40,Pouso,Maricá,NS28,PR-CGK AW139,CHC,bd87e330-0fcc-4cf6-902a-86b6f372ada0
2026-10-01,509582820,14:42,,Cancelado,Jacarepaguá,P-69,PR-OOR AW189,Omni,59b25d71-fb91-4b8f-8afa-1ca4632fcae0
2026-10-01,509582502,14:45,14:51,Pouso,Jacarepaguá,NS47,PR-JAR S-92A,Líder,316986fc-26ce-4586-bc42-b3638bc29a6b
2026-10-01,509582642,14:50,,Transferido,Jacarepaguá,NS45,PR-OHF S-92A,Omni,13831fcb-187f-417a-a5c7-cfff8a0f8c56
2026-10-01,509582802,15:00,14:58,Pouso,Maricá,P-79,PR-BGT S-92A,CHC,7e4079fc-ac56-4d9c-b184-e5f1f3b2b95c
2026-10-01,509582559,15:05,15:40,Pouso,Jacarepaguá,NS61,PR-OTU AW139,Omni,c1844b9f-4fd8-49cc-9213-a42b080a0655
2026-10-01,509582531,15:15,14:55,Pouso,São Tomé,NS51,PR-JHD AW139,Líder,d817de6f-937c-4f7c-82c1-0932eab273bf
2026-10-01,509582510,15:20,15:13,Pouso,Vitória,SKRE / FPMQ,PR-OTX AW139,Omni,50b4066a-0c46-4851-b4df-d202d786f92c
2026-10-01,509582500,15:30,15:31,Pouso,Vitória,NS52,PS-BTK AW139,Bristow,a71bfd99-ca58-40fa-905b-4eacb9eb2b9e
2026-10-01,509582514,15:30,15:31,Pouso,São Tomé,UMMA,PR-JKM S-92A,Líder,187ceab8-f160-4baa-9b85-0b40938ea329
2026-10-01,509582537,15:30,15:26,Pouso,Macaé,SKNT,PS-BTP AW139,Bristow,c4b10ad1-9364-41fd-befe-73a09e971aec
2026-10-01,509582428,15:35,,Transferido,Macaé,SS83,PR-CGD S-92A,CHC,e87e5384-9cbe-4cc4-b0d6-0a831a9c780c
2026-10-01,509582577,16:00,16:00,Pouso,Salvador,PMNT1,PR-OFE H145,Omni,d5cc9152-1133-4cf0-9749-9687db2d35f4
2026-10-02,509582960,06:20,06:28,Pouso,Vitória,MOP1,PS-BTA AW139,Bristow,13e39b9c-1f14-497b-b441-b61c89f5cd11
2026-10-02,509582375,06:30,06:49,Pouso,Maricá,UMTJ,PR-CGN AW139,Omni,d075403c-dd30-4823-a787-b89139101f5e
2026-10-02,509582428,06:30,06:36,Pouso,Macaé,SS83,PR-CGD S-92A,CHC,9c351273-0fa6-4222-bebe-f664e73489d2
2026-10-02,509583045,06:30,06:44,Pouso,Cabo Frio,WAVE,PR-OOT AW139,Omni,46c8d03e-4dbe-4724-bfa9-0e58be8180d9
2026-10-02,509583073,06:30,07:20,Pouso,São Tomé,P-48,PR-JKM S-92A,Líder,5eec92c9-9af1-4a60-8337-9818d6a7b9ac
2026-10-02,509583144,06:30,07:14,Transferido,Jacarepaguá,P-68,PR-CGO AW139,Omni,a01039a8-7f29-438a-b926-d44868d89412
2026-10-02,509582501,06:33,07:50,Pouso,Jacarepaguá,UMAR,PR-OHL AW139,Omni,5178e67d-f3de-4e84-be57-3bb2a45f50cf
2026-10-02,509582568,06:35,07:46,Pouso,Jacarepaguá,FPSP,PR-JBO S-92A,Líder,4c72a361-7013-4119-aa4a-abd82892ceb2
2026-10-02,509582795,06:35,07:07,Pouso,Maricá,NS28,PR-CGE S-92A,CHC,60ca6d96-6d38-4f63-9c45-5b2a686fc290
2026-10-02,509582993,06:35,06:44,Pouso,São Tomé,PRA-1,PR-OTP H175,Omni,ba53b63b-783b-48a6-b11a-6991cacff911
2026-10-02,509582422,06:40,07:26,Pouso,Maricá,P-77 / P-74,PR-BGB S-92A,Omni,73feb9a1-2ace-4ba5-9e33-93e623fccc2f
2026-10-02,509582494,06:40,07:11,Pouso,Jacarepaguá,NS56,PR-JKJ S-92A,Líder,92f503c0-99bd-42a0-8de1-ff87289f2739
2026-10-02,509582998,06:40,06:46,Pouso,São Tomé,NS63,PR-CPV S-92A,CHC,169e6863-e7c6-414f-bdfc-e2c2cded3d1b
2026-10-02,509582945,06:45,06:55,Pouso,Macaé,NS41,PS-BTP AW139,Bristow,57deab48-def9-4316-bc60-2fa6a993b02b
2026-10-02,509582958,06:45,06:56,Pouso,São Tomé,FPAG,PR-JHI AW139,Líder,b8b47479-90be-45f4-abf2-f8a0c69310de
2026-10-02,509583170,06:45,07:45,Pouso,Jacarepaguá,FPMR,PR-EPV S-92A,Líder,c90c8be0-7fee-460e-9b1c-9367d900e69d
2026-10-02,509583325,06:45,07:10,Pouso,Salvador,PMNT1,PR-OFE H145,Omni,29faa6fd-c05a-44fa-b69f-2ee28e6b28dc
2026-10-02,509581947,06:50,06:47,Pouso,Cabo Frio,FPSE,PR-OHA AW139,Omni,486fbff4-03a2-44da-9fa9-75523ac3cc7a
2026-10-02,509582488,06:50,07:01,Pouso,Jacarepaguá,FPPA,PR-JAR S-92A,Líder,f5be5ae1-44b1-4f47-9b77-92be3aa4bdc6
2026-10-02,509582569,06:50,07:05,Pouso,Maricá,P-76,PR-OHN AW139,Omni,1e2484d3-1bef-428e-87df-a99db217e310
2026-10-02,509582737,06:50,06:56,Pouso,Macaé,SS83,PS-CDT AW139,CHC,9b0b4bce-0c6a-4f2b-a6d2-cc5ee4cd4bf8
2026-10-02,509582968,06:50,06:58,Pouso,São Tomé,P-51,PR-JBI S-92A,Líder,453eea84-275e-43f8-ba60-78a6e9ccf83b
2026-10-02,509583081,06:50,06:48,Pouso,Vitória,UMGR,PR-OTX AW139,Omni,502761bf-bac4-4b62-a3b0-b4e2513d590c
2026-10-02,509582430,06:55,06:52,Pouso,Maricá,UMPT,PR-OOC AW139,Omni,c0e825af-1670-4f02-8d7b-de2db84bf710
2026-10-02,509582974,06:55,07:41,Pouso,Jacarepaguá,FPCR,PR-OOR AW189,Omni,4b5e88a4-c34d-422a-afdf-d326e5883df5
2026-10-02,509582977,06:55,06:48,Pouso,São Tomé,UMMA,PR-OOQ H175,Omni,c1a91ae7-8de4-4952-9818-935ddc14f6a7
2026-10-02,509582378,07:00,07:10,Pouso,Maricá,UMTJ,PR-CGW AW139,CHC,dcbeaa5f-ab20-4263-a991-2d8835b0b088
2026-10-02,509582642,07:00,07:16,Pouso,Jacarepaguá,NS45,PR-OHF S-92A,Omni,f6268e8f-3df5-4b08-8ad1-86dd2a96008d
2026-10-02,509582807,07:00,07:23,Pouso,Cabo Frio,FPPL,PR-CGU AW139,CHC,bb43033a-00cf-4084-bbf8-d6eed898edfb
2026-10-02,509583044,07:00,07:01,Pouso,Aracaju,PCM-9,PR-AIE H145,Líder,03e8e664-476f-4967-bb5d-4c27a76bbfb2
2026-10-02,509583058,07:00,06:59,Pouso,São Tomé,P-52,PR-CCG S-92A,CHC,41eea11d-8136-48d4-adae-afbd4603456a
2026-10-02,509582975,07:03,07:38,Pouso,Jacarepaguá,NS56,PR-OHG S-92A,Omni,dfa9a400-20e6-4cb7-a2ce-dce718e864be
2026-10-02,509577544,07:05,07:50,Pouso,São Tomé,P-56,PR-OTS H175,Omni,7facb1b5-3454-43a6-aea8-47ae1d0d5128
2026-10-02,509582806,07:05,07:24,Pouso,Maricá,P-74,PR-OHV AW139,Omni,bc763bd3-03db-44dd-a8bd-5f1754cb0039
2026-10-02,509583213,07:05,07:57,Pouso,Jacarepaguá,SATO,PR-OHR AW139,Omni,e8c481e7-50ce-49d3-85be-6765f8b6ede3
2026-10-02,509582555,07:10,08:07,Pouso,Cabo Frio,SATO,PR-CGT AW139,CHC,4426d19e-605a-4da4-be93-84360a79d373
2026-10-02,509582796,07:10,07:21,Pouso,Maricá,P-77,PR-OOL S-92A,Omni,529294dc-0202-49a0-b1f1-279e43c25ea5
2026-10-02,509582826,07:10,07:19,Pouso,Vitória,FPMQ,PS-BTK AW139,Bristow,255c3c92-bcf5-4d2c-a2fd-9bb3cd8efb72
2026-10-02,509582969,07:10,07:10,Pouso,São Tomé,P-31 / P-48,PR-JHD AW139,Líder,f203e707-252c-49f5-bdd6-8aa73d442e16
2026-10-02,509583147,07:10,07:35,Pouso,Jacarepaguá,NS55,PR-OTU AW139,Omni,6d60a644-9cfa-4790-9c9a-9ffe914de9a4
2026-10-02,509583103,07:15,07:21,Pouso,Jacarepaguá,SADI,PR-JHC AW139,Líder,d0c08e6e-2582-45c5-9e55-87c3e26ca264
2026-10-02,509583105,07:15,07:11,Pouso,Cabo Frio,FPDC,PS-CDR AW139,CHC,db050a86-3e40-435a-923a-f116f21ff66b
2026-10-02,509582324,07:18,07:43,Pouso,Jacarepaguá,FPCR / NS33,PR-OTY AW189,Omni,0d954c98-607b-4577-8219-e6cda59fe060
2026-10-02,509582539,07:20,08:09,Pouso,Jacarepaguá,P-69,PR-OON AW189,Omni,605230f8-8b55-46ee-a533-7a68d317cf09
2026-10-02,509582967,07:20,07:19,Pouso,Maricá,P-76 / UMPT,PR-BGT S-92A,CHC,4c41560c-fe41-492b-a3d0-5a54a13507fd
2026-10-02,509582777,07:25,07:27,Pouso,Maricá,FPAT,PR-CHT S-92A,Omni,250aa5ae-e602-4e9f-853e-234663e7d808
2026-10-02,509582792,07:25,08:19,Pouso,Jacarepaguá,SKAU,PR-OOS AW139,Omni,90765218-a23b-44b8-b7da-9523c4c419e7
2026-10-02,509583056,07:25,07:29,Pouso,São Tomé,NS44,PR-OTN H175,Omni,346a2ddd-a76f-4d0f-9671-b131c0acbd1d
2026-10-02,509582827,07:30,07:34,Pouso,Vitória,P-57,PR-OHB AW139,Omni,bf8ace9f-fe6e-41fb-b0f8-2029a53201a7
2026-10-02,509582940,07:30,,Transferido,Cabo Frio,UMPA,PR-CGF S-92A,CHC,7dc0ad55-b3d9-48dd-a57e-abe0d5475956
2026-10-02,509582828,07:40,07:35,Pouso,Vitória,UMGR,PS-BTL AW139,Bristow,5a2e518a-bde4-4cd2-acdc-a8574dbf249e
2026-10-02,509581949,08:00,08:41,Pouso,Maricá,UMPT,PR-CGK AW139,CHC,609cd524-0992-4328-b637-6445283e57a7
2026-10-02,509582990,08:20,08:21,Pouso,Aracaju,PA38,PR-AIE H145,Líder,174533ed-c694-46cb-8492-0d1e865dcba1
2026-10-02,509577351,08:30,08:26,Pouso,Macaé,P-56,PR-CGS AW139,CHC,1a63c3ee-f1ae-406a-a85a-dce2a6f394de
2026-10-02,509582959,08:55,09:07,Pouso,São Tomé,P-47,PR-JBP S-92A,Líder,2a7c5d55-16eb-42bb-9f59-e5721b8a9997
2026-10-02,509583142,09:00,09:04,Pouso,Jacarepaguá,PMLZ1,PR-OHJ AW139,Omni,ed16e8c0-651b-46f1-9a38-8f019c4f7d18
2026-10-02,509582961,09:10,08:53,Pouso,Vitória,CDAN,PS-BTA AW139,Bristow,529d7f5e-228a-4ff2-ab0d-a418d7bea454
2026-10-02,509583030,09:10,09:23,Pouso,São Tomé,P-56 / P-38,PR-OTP H175,Omni,9f75d5ad-4bba-4916-ac05-90c90d140b04
2026-10-02,509582944,09:20,09:16,Pouso,Macaé,UMPC,PR-CGD S-92A,CHC,98c2e316-7262-4ac5-bb31-dcc6685a9cea
2026-10-02,509583040,09:20,09:20,Pouso,São Tomé,P-19,PR-JHI AW139,Líder,6518dd41-e4ff-418f-b931-00caa349ca80
2026-10-02,509583035,09:25,09:08,Pouso,São Tomé,P-62,PR-CPV S-92A,CHC,41e7b89b-da3c-4919-b53e-f1ad32e27c7b
2026-10-02,509582738,09:30,10:01,Pouso,Macaé,NS58,PS-LSC AW139,CHC,8d50ebe1-23a3-4e20-9e9a-1070db59dba8
2026-10-02,509582809,09:30,09:36,Pouso,Vitória,NS52,PR-OTX AW139,Omni,59b64d6c-f682-4885-8d87-3278d65dc94c
2026-10-02,509582978,09:30,09:18,Pouso,São Tomé,P-53,PR-JBI S-92A,Líder,ecc011f4-671d-40fc-bc78-d579b7e5be8f
2026-10-02,509583074,09:35,09:26,Pouso,São Tomé,P-18,PR-WSG AW139,Bristow,90e43627-4134-426b-97f4-69e3a826f5a4
2026-10-02,509582991,09:40,09:44,Pouso,Aracaju,PA39,PR-AIE H145,Líder,eb55dc83-d7bc-4464-98de-d871a5aa8999
2026-10-02,509582821,09:50,09:58,Pouso,Maricá,NS40,PR-CGN AW139,Omni,f10448b0-634e-4a6e-a6e7-f90b8071b293
2026-10-02,509582962,09:50,09:57,Pouso,Vitória,SS81,PS-BTK AW139,Bristow,3c283ca2-c305-42ee-926f-f3ac73c494ea
2026-10-02,509582971,09:50,09:54,Pouso,Macaé,PNA2,PS-BTO AW139,Bristow,22b27e8f-c98b-4bee-87fd-c8499f9efc1b
2026-10-02,509583057,09:50,09:20,Pouso,São Tomé,UMVV,PR-CCG S-92A,CHC,7bc5ca66-f38f-4303-9625-093a7f209f53
2026-10-02,509582797,09:55,09:47,Pouso,Cabo Frio,FPAD,PR-OHA AW139,Omni,a2aad56a-be93-4b76-8380-446390073c37
2026-10-02,509583031,09:55,09:47,Pouso,São Tomé,UMLI,PR-JKM S-92A,Líder,c5ef0d56-85bd-48d9-8274-3f02ed32ab25
2026-10-02,509583200,09:55,10:01,Pouso,Maricá,NS62,PR-OHN AW139,Omni,b9b9d9f4-4689-4599-844d-317e1ded98a5
2026-10-02,509582979,10:00,10:01,Pouso,São Tomé,NS51,PR-JHE AW139,Líder,4bfc8a74-daba-4343-afbc-dd8a23cd3241
2026-10-02,509582980,10:00,10:29,Transferido,Jacarepaguá,FPPA,PR-CGO AW139,Omni,9e53cfcf-95bc-4c70-b885-a0c84d999c9f
2026-10-02,509582994,10:05,10:08,Pouso,São Tomé,UMPC,PR-JHD AW139,Líder,097fe42a-9944-415a-b32a-edcf37d0ca28
2026-10-02,509577085,10:10,10:10,Pouso,Macaé,,PS-CDT AW139,CHC,bb5b0f8d-81b9-4d31-b0e9-65922e337ec1
2026-10-02,509580899,10:10,10:15,Pouso,Maricá,UMTJ,PR-CGW AW139,CHC,efbc81ff-02de-48d0-acbb-598d1f179428
2026-10-02,509582708,10:10,10:32,Pouso,Cabo Frio,FPSE,PR-CGU AW139,CHC,db5dbf86-8e80-458c-8d26-392cd92bfb19
2026-10-02,509582829,10:10,10:22,Pouso,Oiapoque,NS42,PR-OOX AW189,Omni,5607a38a-6327-4a10-9a09-63e9ce55faf4
2026-10-02,509582951,10:10,10:13,Pouso,Vitória,UMGR,PR-OHB AW139,Omni,96105f61-126e-41c1-b6f9-8417a893d790
2026-10-02,509583033,10:10,10:23,Pouso,São Tomé,UMVV,PR-OTN H175,Omni,a74c2874-9d41-4603-b284-5115ef6dc58c
2026-10-02,509583107,10:10,10:40,Pouso,Jacarepaguá,NS61,PR-OHF S-92A,Omni,9ee17ba8-ed84-428c-9ea0-1da9fbc91dd1
2026-10-02,509583116,10:12,12:23,Pouso,Cabo Frio,SKVI,PR-CGT AW139,CHC,63fe7cd8-196d-4cd4-ab9f-45ff38c48fbb
2026-10-02,509582798,10:15,10:20,Pouso,Maricá,NS43,PR-OOL S-92A,Omni,4ce181fc-33b5-4a09-8bf7-079b38d40ccb
2026-10-02,509582995,10:15,11:01,Pouso,São Tomé,NS32 / SS75,PR-OTS H175,Omni,c57fa50e-421c-4a9f-95f5-cf8f4dcf98cc
2026-10-02,509582976,10:20,10:25,Pouso,Maricá,UMTJ / P-74,PR-CGE S-92A,CHC,aab30c5d-ae2e-4a12-a540-349afc5c5b53
2026-10-02,509583104,10:20,,Transferido,Jacarepaguá,P-66,PR-OHL AW139,Líder,0c7837ad-0e34-4f8f-b4df-a3e4ea0a1101
2026-10-02,509583145,10:20,10:25,Pouso,Cabo Frio,FPGU,PS-CDR AW139,CHC,248ce3f1-2554-4ed4-a4b3-27ab74b383c3
2026-10-02,509583172,10:20,10:23,Pouso,Vitória,P-57,PS-BTL AW139,Bristow,23e62605-3dd0-4e84-8d6f-89f5a479a174
2026-10-02,509582799,10:25,10:55,Transferido,Cabo Frio,UMCP,PR-CGF S-92A,CHC,b6de44cd-db26-4434-99f4-cad9c3252bda
2026-10-02,509582957,10:25,12:23,Cancelado,Maricá,UMPT,PR-CGK AW139,CHC,bae6b691-bc91-4d80-b62f-9f84da038ce9
2026-10-02,509583082,10:27,10:46,Pouso,Maricá,P-75,PR-BGB S-92A,Omni,7ef133ab-15ff-4823-a9bb-906efcd0999e
2026-10-02,509582536,10:30,10:24,Pouso,Maricá,P-78 / FPAD,PR-CHT S-92A,Omni,f6e0c3e8-5427-4405-aa19-8405e0070816
2026-10-02,509582554,10:30,10:53,Pouso,Cabo Frio,SRIO,PR-OOT AW139,Omni,609f5a8e-d35b-40cc-83f7-0f2a33d340b6
2026-10-02,509582970,10:30,10:40,Pouso,Oiapoque,NS42,PR-OOY AW189,Omni,2a7196f5-d81d-41fc-b009-bad83233ba8c
2026-10-02,509583042,10:33,10:31,Pouso,Maricá,UMAC,PR-OHV AW139,Omni,a2fde8ec-d577-41e8-833a-2fedca630be1
2026-10-02,509582709,10:35,11:18,Pouso,Jacarepaguá,NS33,PR-EPV S-92A,Líder,2890e83a-d0bf-41a5-b2dd-2d762a119ad9
2026-10-02,509582822,10:35,10:37,Pouso,Maricá,DEBL / NS38,PR-OOC AW139,Omni,73682d4c-9960-48ba-9a07-fa9f61ef67cd
2026-10-02,509582989,10:35,,Transferido,Maricá,UMPT,PR-OHK S-92A,CHC,e7077600-e88c-43aa-b7ea-8338a1a10ff3
2026-10-02,509582948,10:37,10:30,Pouso,Jacarepaguá,UMAR,PR-JAR S-92A,Líder,80ed5026-c645-45fd-9d6f-0f5384e452af
2026-10-02,509583171,10:40,,Transferido,Jacarepaguá,P-66,PR-JBO S-92A,Líder,43abef53-96c9-499b-a0f2-9902aeb07da7
2026-10-02,509582947,10:42,,Transferido,Jacarepaguá,NS47,PR-JBQ S-92A,Líder,a2215ba4-56f4-4480-8081-2003050f7b47
2026-10-02,509582973,10:48,11:14,Pouso,Jacarepaguá,FPSA,PR-JKJ S-92A,Líder,43de88af-3013-4868-bcf7-4518f417e6ae
2026-10-02,509583108,10:50,11:23,Pouso,Jacarepaguá,NS61,PR-OTU AW139,Omni,8e71cb8c-d356-49f5-876f-6bf893147579
2026-10-02,509582972,10:55,,Transferido,Jacarepaguá,FPCS,PR-OHR AW139,Omni,90e7770c-1d47-40ad-92a3-debd33c30010
2026-10-02,509583041,11:20,11:25,Pouso,São Tomé,UMPC,PR-JBP S-92A,Líder,212e49ed-4ea2-4431-86a1-cced66c99a4c
2026-10-02,509582950,12:30,12:13,Transferido,Cabo Frio,UMCP,PR-BGU S-92A,CHC,0d203df7-69a3-480f-8fd8-bbb251ffd671
2026-10-02,509583050,12:30,12:32,Pouso,São Tomé,FPAN,PS-BTC AW139,Bristow,2aa06cd3-c2fe-406f-871e-360cf07890ed
2026-10-02,509582981,12:35,12:40,Pouso,São Tomé,UMLI,PR-JHI AW139,Líder,725e9b15-34e3-4615-8eef-5521f3651990
2026-10-02,509583059,12:40,12:29,Pouso,São Tomé,P-54,PR-CPV S-92A,CHC,fcd577c7-42a4-401b-b6b1-77fb64cdd872
2026-10-02,509582946,12:45,12:27,Pouso,Macaé,SS73,PR-CGD S-92A,CHC,0d059c3d-f77c-49f1-9f17-850266aeb15d
2026-10-02,509583101,12:45,12:41,Pouso,São Tomé,P-53,PR-JBI S-92A,Líder,3af0991c-ab27-44ab-bb44-9944643e0ba0
2026-10-02,509582996,12:50,12:41,Pouso,São Tomé,FSME / FPAN,PR-WSG AW139,Bristow,9832f22a-f0c3-42d0-bf33-9b48d88ee9da
2026-10-02,509583051,12:55,13:01,Pouso,São Tomé,P-20,PR-JKM S-92A,Líder,62d09cac-5b18-4485-abb4-f13341c667a8
2026-10-02,509582964,13:00,,Transferido,Macaé,FPCG,PR-CGD S-92A,CHC,d2751895-e1ca-40f9-bbab-5bfe185da431
2026-10-02,509582953,13:05,13:08,Pouso,Macaé,P-09,PS-LSC AW139,CHC,8d5c5ae3-904f-40a2-b660-d0a5a7e0321d
2026-10-02,509582941,13:10,13:32,Pouso,Vitória,UMGR,PS-BTK AW139,Bristow,e3aa3aa6-267e-4a89-a262-34ca3d58f659
2026-10-02,509583034,13:10,12:46,Pouso,São Tomé,UMVV,PR-CCG S-92A,CHC,51c5113a-9433-436e-b570-c80bd064708e
2026-10-02,509583052,13:20,13:11,Pouso,São Tomé,NS31,PR-JHD AW139,Líder,27a0adbd-53a7-44b1-b767-cef38d5c07e9
2026-10-02,509583102,13:20,13:14,Pouso,Macaé,SKNT,PS-CDT AW139,CHC,d0c1bf73-0e57-4e72-ac19-5b2992fc7a9a
2026-10-02,509582966,13:30,13:55,Pouso,Maricá,FPAB,PR-OHN AW139,Omni,923ea8c9-88d0-4b04-8bda-cfff52081324
2026-10-02,509583032,13:30,13:41,Pouso,São Tomé,UMMA,PR-OTP H175,Omni,c68a4662-d945-4e51-9b81-007ddd2dabf9
2026-10-02,509583140,13:30,13:26,Pouso,Macaé,SKOL / SS92,PR-CGS AW139,CHC,8fddc4b8-1b03-4ab0-8fb8-eaaf6d7e4947
2026-10-02,509583391,13:30,15:01,Pouso,Oiapoque,NS42,PR-OOY AW189,Omni,a6cdc23c-014b-4d17-b664-70c811d61f4e
2026-10-02,509583215,13:40,,Cancelado,Jacarepaguá,P-69 / UMPA,PR-OTY AW189,Omni,e489d64d-9006-401b-a0d0-027c17cf9e00
2026-10-02,509583083,13:45,13:37,Pouso,Cabo Frio,FPAD,PR-OHA AW139,Omni,0fc62b35-6a69-4933-b99e-cba63936fa26
2026-10-02,509583085,13:50,13:47,Pouso,Cabo Frio,SEOC,PR-CGU AW139,CHC,0a631b8b-e209-4d21-9c5a-c1b9f039d0fe
2026-10-02,509583216,13:50,,Cancelado,Jacarepaguá,SADI / SAES,PR-OHJ AW139,Omni,edb83083-3084-4eb3-9ab3-c114371d3d36
2026-10-02,509582825,13:55,13:59,Transferido,Cabo Frio,P-67,PR-CGF S-92A,CHC,7c32b556-b963-469c-8d84-7b0cf8dd57ef
2026-10-02,509582954,14:00,,Transferido,Jacarepaguá,P-71,PR-OHJ AW139,Omni,d821c53e-5d6a-45d8-a634-149bb6e54ab3
2026-10-02,509582992,14:00,13:53,Pouso,Maricá,P-79 / P-78 / P-75,PR-OOL S-92A,Omni,521dea02-69a3-434b-85d6-75a1a762c6af
2026-10-02,509583046,14:05,,Transferido,Maricá,P-74 / UMTJ,PR-OHV AW139,Omni,f085eaeb-7123-45a4-a116-c90865b42fd8
2026-10-02,509583146,14:05,13:50,Pouso,Cabo Frio,FPAD,PS-CDR AW139,CHC,aa5d46bf-ce7d-4dd3-98d8-8a06dcdd046b
2026-10-02,509583350,14:05,,Cancelado,Jacarepaguá,P-68,PR-CGO AW139,Omni,72a4b95d-e869-47b1-8df3-1c8f085a433a
2026-10-02,509582955,14:10,,Transferido,Jacarepaguá,PMXL,PR-JHC AW139,Omni,a227b222-d212-40ea-ae9b-3ce45defa810
2026-10-02,509583209,14:10,,Transferido,Maricá,UMAC / UMPT / P-75,PR-OOC AW139,Omni,f7596d62-2fbb-47c9-9270-c69d886b8afe
2026-10-02,509582778,14:20,14:30,Transferido,Maricá,P-79,PR-BGT S-92A,CHC,3dbf1b0d-7cd8-4b17-a51c-efe928bebb3f
2026-10-02,509583049,14:20,,Transferido,Jacarepaguá,FPIB,PR-OON AW189,Omni,f73080d3-45ca-4b92-8fa2-aa548636a01b
2026-10-02,509583143,14:20,14:23,Transferido,Cabo Frio,SESU,PS-GBN AW139,CHC,fda571cc-f3af-46bb-8fda-1876d32d39fe
2026-10-02,509582823,14:25,14:04,Pouso,Maricá,UMPT,PR-CHT S-92A,Omni,38f1e919-4a03-4c6d-a62f-d3bbf3a5467d
2026-10-02,509583053,14:25,14:23,Pouso,São Tomé,P-43 / P-54,PR-JBP S-92A,Líder,8220dc03-7afa-4a3a-aa1d-a5a7049bf270
2026-10-02,509582779,14:30,,Transferido,Maricá,NS59,PR-BGB S-92A,Omni,df953bcf-9f36-44f1-a7f2-71762e8596c8
2026-10-02,509583047,14:30,,Transferido,Jacarepaguá,NS54,PR-OTU AW139,Omni,0fb1e7df-d299-4101-b2df-1b0277082886
2026-10-02,509583210,14:33,,Transferido,Jacarepaguá,FPSP,PR-JBO S-92A,Omni,52ebab72-9d45-446a-b043-cbe7ae2d9998
2026-10-02,509582808,14:35,,Transferido,Maricá,P-78,PR-CGE S-92A,Omni,59a6fc6b-7051-4264-8793-dfd8d39bb41f
2026-10-02,509582965,14:35,,Transferido,Jacarepaguá,FPIT,PR-JBQ S-92A,Líder,af84e6f8-9386-4001-80e4-66e10412565a
2026-10-02,509583212,14:35,14:14,Pouso,Cabo Frio,SESU,PR-OOT AW139,Omni,81ba9554-f5cc-4ec6-8941-619c277244eb
2026-10-02,509582949,14:38,,Transferido,Jacarepaguá,UMAR,PR-OHG S-92A,Líder,1bf28e15-3875-41f2-a482-ca514ac1355e
2026-10-02,509582824,14:40,,Transferido,Maricá,UMTJ,PR-CGN AW139,Omni,6080fadd-2863-4b89-b720-4133dc6d02fb
2026-10-02,509583048,14:40,,Transferido,Jacarepaguá,P-69,PR-OOR AW189,Líder,7cd47582-c46c-4d70-94ba-3d90d759493e
2026-10-02,509583084,14:40,,Transferido,Jacarepaguá,NS45,PR-OHF S-92A,Omni,37fb8595-d7ca-400e-b28e-3cf5cc38b397
2026-10-02,509583080,14:45,,Transferido,Jacarepaguá,P-67,PR-EPV S-92A,Líder,36099571-d19a-4051-9091-215bbd50853b
2026-10-02,509583149,14:50,,Transferido,Jacarepaguá,P-70,PR-JKJ S-92A,Líder,bdf9dd26-f8ba-44b4-9375-5dc5601e5871
2026-10-02,509582956,14:55,,Transferido,Jacarepaguá,FPMA,PR-JAR S-92A,Omni,6c3880a0-e7d2-406f-882e-c94eb91dad17
2026-10-02,509582942,15:10,15:00,Pouso,Vitória,MOP1,PS-BTA AW139,Bristow,d8112e95-afd6-4315-bff6-4d7bd3fc6636
2026-10-02,509583054,15:10,15:32,Pouso,São Tomé,P-25,PR-JHE AW139,Líder,a07b7c3d-9766-4f64-9993-67ed1e6323e5
2026-10-02,509583055,15:15,15:05,Pouso,São Tomé,SS75,PR-JHI AW139,Líder,595285eb-1c7e-43fc-8a7b-14d52cd46984
2026-10-02,509582952,15:20,,Transferido,Macaé,NS60,PS-CDT AW139,CHC,11e1f770-d6a5-4102-aea5-9e54111f114e
2026-10-02,509583043,15:30,15:16,Pouso,Vitória,SKRE / P-58,PR-OTX AW139,Omni,e075eff2-e25c-4930-a603-f512a152c7af
2026-10-02,509582997,15:35,15:28,Pouso,São Tomé,UMLI,PR-JKM S-92A,Líder,b4d8b2b1-56bb-4b86-8161-fc1381769186
2026-10-02,509582943,15:40,15:22,Pouso,Vitória,SS81,PR-OHB AW139,Omni,bbcce21d-9beb-4d5c-9f37-43339c2c4242
2026-10-02,509583176,15:40,,Cancelado,Macaé,SRIO,PS-BTO AW139,Bristow,b3dd4d00-7f21-4bed-b2fb-4f1f03206d21
2026-10-02,509583141,15:45,,Transferido,Macaé,SECR,PS-LSC AW139,CHC,3aaf105e-99b9-4102-b09f-279b19924ba9
2026-10-02,509582963,15:50,15:49,Pouso,Vitória,UMGR,PS-BTK AW139,Bristow,639c5260-1c50-4c99-98e0-9cede6b3d585
2026-10-02,509583029,17:30,,Previsto,Macapá,SBOI / SBMQ,PR-AKF ATR-72-600,Azul,c6be6645-d767-4340-acb9-5729024b0b55
2026-10-02,509583715,18:10,,Previsto,Vitória,P-58,PS-BTK AW139,Bristow,91a0635d-8df0-4556-9369-2695cd386375
2026-10-03,509582779,06:30,,Transferido,Maricá,NS59,PR-BGB S-92A,Omni,a8767736-59d9-4fd8-a9a5-3ed5137ab077
2026-10-03,509582940,06:30,,Transferido,Cabo Frio,P-67,PR-CGF S-92A,CHC,d64636ed-0cca-4403-91bc-5d93b5a438af
2026-10-03,509582947,06:30,,Transferido,Jacarepaguá,NS47,PR-JBO S-92A,Líder,29be81fb-e4e8-42b2-8ed2-736213d82476
2026-10-03,509583422,06:30,07:32,Pouso,São Tomé,P-47,PR-OOQ H175,Omni,bcd225e0-ee54-4251-96cc-01581372fe2d
2026-10-03,509583450,06:30,08:49,Pouso,Macaé,NS41,PR-CGD S-92A,CHC,f21b4809-d034-4248-8035-0ca4165ce876
2026-10-03,509583143,06:33,,Transferido,Cabo Frio,SESU,PR-CGT AW139,CHC,66ff259b-d6df-4bf0-aa53-efcc617f3c5d
2026-10-03,509582778,06:35,,Transferido,Maricá,P-79,PR-BGT S-92A,CHC,2489129d-aaca-4cd0-967d-670a2c17547c
2026-10-03,509582799,06:35,,Transferido,Cabo Frio,UMCP,PR-BGU S-92A,CHC,d6dd26ed-4da3-49a8-88f8-a8e9d9296450
2026-10-03,509582952,06:35,08:05,Pouso,Macaé,NS60,PS-CDT AW139,CHC,e47343f7-74e7-4971-95ee-7336c9f35187
2026-10-03,509583144,06:35,,Transferido,Jacarepaguá,P-68,PR-OTY AW189,Omni,0666c585-e91f-4a33-b085-e6d42801ecb5
2026-10-03,509583700,06:35,06:56,Pouso,São Tomé,UMLI,PS-BTF AW139,Bristow,ac8bda23-3ce0-4ac8-aba8-6ea6fda0101c
2026-10-03,509582964,06:40,08:14,Transferido,Macaé,FPCG,PR-CGS AW139,CHC,505791d3-18a4-4d64-a701-386ab9ff3424
2026-10-03,509582989,06:40,,Transferido,Maricá,UMPT,PR-OOL S-92A,CHC,16627222-2a54-4b0a-9c4b-a3d3b5d9cb6a
2026-10-03,509583049,06:40,,Transferido,Jacarepaguá,FPIB,PR-OON AW189,Omni,29f00845-0ac0-4e10-816f-d9b8f9a2644a
2026-10-03,509583218,06:40,,Transferido,Vitória,UMGR,PR-OTX AW139,Omni,830356d2-4106-4a0f-8175-040c56c3df03
2026-10-03,509583466,06:40,06:46,Pouso,São Tomé,UMVV,PR-CCG S-92A,CHC,1a1e36bd-4646-46e0-b821-e5714fd2096a
2026-10-03,509583578,06:40,,Transferido,Cabo Frio,SATO,PS-GBN AW139,CHC,16581916-bbfb-4e79-b85e-73171193a273
2026-10-03,509582808,06:45,,Transferido,Maricá,P-78,PR-CGE S-92A,Omni,fbfec810-0bdd-4230-b9cc-a5c80552b6d4
2026-10-03,509582980,06:45,,Transferido,Jacarepaguá,FPPA,PR-CGO AW139,Omni,d438341d-76b5-403c-993e-6d56635278d7
2026-10-03,509583451,06:45,08:20,Pouso,Macaé,SS83,PS-BTP AW139,Bristow,9b465e79-8057-473e-8266-9668c957a7b7
2026-10-03,509583459,06:45,06:47,Pouso,São Tomé,UMPC,PR-JHE AW139,Líder,f9f896a7-4b1b-42bc-b09d-380eb5d01060
2026-10-03,509583598,06:45,,Transferido,Jacarepaguá,P-66,PR-BGN S-92A,Líder,2db02589-1e5c-4ef5-aee1-a28bbb0a6a46
2026-10-03,509582824,06:50,,Transferido,Maricá,UMTJ,PR-CGN AW139,Omni,33a10aee-cef0-4c4b-a3e5-d4d155544c16
2026-10-03,509583048,06:50,,Transferido,Jacarepaguá,P-69,PR-OOR AW189,Líder,00766992-6d4e-4374-baac-37fb92f278c8
2026-10-03,509583481,06:50,06:59,Pouso,São Tomé,P-51,PR-JBP S-92A,Líder,c04321df-85bb-411b-90f3-531dc64fd640
2026-10-03,509583046,06:55,,Transferido,Maricá,P-74 / UMTJ,PR-CHT S-92A,Omni,4feab2fc-1891-4859-b442-25249ccdf7ce
2026-10-03,509583141,06:55,08:38,Pouso,Macaé,SECR,PS-LSC AW139,CHC,97f9ef80-115e-4341-945b-d1de00c54fa2
2026-10-03,509583482,06:55,07:28,Pouso,São Tomé,NS51,PR-WSG AW139,Bristow,4554140e-deaa-4a69-80bf-c1b8b4ca6742
2026-10-03,509582956,07:00,,Transferido,Jacarepaguá,FPMA,PR-OHG S-92A,Omni,cbe6e9e0-74b1-45b6-abbf-0238eb9183f0
2026-10-03,509583522,07:00,07:35,Pouso,São Tomé,NS44,PR-OTN H175,Omni,d12c9e7c-9d29-4992-a004-3e5b60b44b79
2026-10-03,509583667,07:00,06:58,Pouso,Aracaju,PA39,PR-AIE H145,Líder,799e9757-f5ee-44a2-86db-b05b4acf2d0d
2026-10-03,509583104,07:05,,Transferido,Jacarepaguá,P-66,PR-OHL AW139,Omni,6c1aef1c-b1d1-4ff4-9a03-c6547f558eca
2026-10-03,509583462,07:05,07:07,Pouso,São Tomé,SS75,PR-JKM S-92A,Líder,c6259228-b85d-4056-b561-a0c97fcc470a
2026-10-03,509583537,07:05,,Transferido,Maricá,P-77,PR-CGK AW139,Omni,00935b05-4ac1-4639-836b-b28dc5bf70a7
2026-10-03,509583483,07:10,07:14,Pouso,São Tomé,P-19,PR-JHI AW139,Líder,0c289055-b464-452f-8796-ec66632cb70a
2026-10-03,509583536,07:10,,Transferido,Maricá,FPAB,PR-OHV AW139,CHC,ddcb6558-c144-4259-abac-894af56465cc
2026-10-03,509583591,07:10,,Transferido,Cabo Frio,FPSE,PR-OHA AW139,CHC,5b8a4621-6428-4db3-acf9-d2b7f7099753
2026-10-03,509583663,07:15,07:34,Pouso,São Tomé,P-56,PR-OTS H175,Omni,544e16d9-486c-4c2e-a241-6b00b1ddd103
2026-10-03,509583357,07:20,,Transferido,Vitória,NS52,PR-OHB AW139,Bristow,78044f94-123f-42d9-b1f3-82bf8f3da240
2026-10-03,509583546,07:20,,Transferido,Jacarepaguá,SKAU,PR-OOA AW139,Líder,e3880ddf-44c5-4be8-b436-ccbadd706f5d
2026-10-03,509583593,07:20,,Transferido,Cabo Frio,FPGU,PR-CGU AW139,Omni,e96186c6-fb17-45cd-96a4-e15160ca520d
2026-10-03,509582972,07:24,,Transferido,Jacarepaguá,FPCS,PR-JHC AW139,Omni,c710accd-307c-41f3-bd01-4943f96b146c
2026-10-03,509583676,07:25,07:05,Pouso,São Tomé,P-54,PR-CPV S-92A,CHC,6838f6e8-efe3-4e32-b200-54cea53a5125
2026-10-03,509583538,07:30,,Transferido,Maricá,P-79,PR-OHN AW139,Omni,1c0bffeb-67f9-4cdb-9503-6d0dd039cda5
2026-10-03,509583530,07:40,,Transferido,Jacarepaguá,PMLZ1,PR-OHR AW139,Omni,e5f5923f-a7c9-4ce8-8f3c-193828438b36
2026-10-03,509583171,07:55,,Transferido,Jacarepaguá,P-66,PR-EPV S-92A,Líder,f20644dc-82e1-464b-933a-a78b4bef3012
2026-10-03,509582965,08:00,,Transferido,Jacarepaguá,FPIT,PR-JKJ S-92A,Líder,a86b9cdc-9e28-41ae-82b4-96a3e660ef48
2026-10-03,509583210,08:05,,Transferido,Jacarepaguá,FPSP,PR-JAR S-92A,Omni,d307bb50-c463-42d2-89be-3040f5e05e70
2026-10-03,509583047,08:10,,Transferido,Jacarepaguá,NS54,PR-OTU AW139,Omni,c5fbcb76-2e32-4e9b-9c77-2d4207b43821
2026-10-03,509583084,08:20,,Transferido,Jacarepaguá,NS45,PR-OHF S-92A,Omni,e19448cb-949e-4432-833c-1ec429ae7170
2026-10-03,509583470,08:20,08:18,Pouso,Aracaju,PA38,PR-AIE H145,Líder,3c2bed15-1f59-4c44-826d-0bf15862874b
2026-10-03,509582954,08:30,,Transferido,Jacarepaguá,P-71,PR-OHJ AW139,Omni,2ea53a0d-3a9c-4b29-a7e2-c4ec9bd77577
2026-10-03,509583358,08:40,,Transferido,Vitória,P-57,PS-BTA AW139,Bristow,b49b5d3a-f9f9-4a32-8fd8-7ccb79ab50e7
2026-10-03,509583471,08:55,09:35,Pouso,São Tomé,P-43,PR-JBI S-92A,Líder,3985adac-f0f7-4e17-b561-ce5657467333
2026-10-03,509583455,09:10,,Transferido,Vitória,P-58,PS-BTL AW139,Bristow,106f4028-839e-4d05-8532-cd9d6226e5b6
2026-10-03,509583673,09:10,09:38,Pouso,São Tomé,FPAG,PR-OTP H175,Omni,1dda2687-c96f-4f86-bc45-84b29cad501e
2026-10-03,509583355,09:20,10:55,Pouso,Macaé,FPCG,PR-CGS AW139,CHC,afa285eb-d9cf-440c-aaff-d65fb4ed58d8
2026-10-03,509583500,09:20,09:29,Pouso,São Tomé,UMMA,PS-BTF AW139,Bristow,f8556b6c-f69a-430d-a36d-25cf6c522b69
2026-10-03,509583453,09:25,12:43,Pouso,Macaé,SS73,PR-CGD S-92A,CHC,058036ad-ed4e-4ad6-81d6-1fb63fc63bb9
2026-10-03,509583463,09:25,09:29,Pouso,São Tomé,P-31,PR-JHE AW139,Líder,0670604d-c812-4747-b0b1-e118a3e15f34
2026-10-03,509583219,09:30,,Transferido,Vitória,SS81,PS-BTK AW139,Bristow,4a7785ce-dd6a-4b56-82e0-a43b11b301c3
2026-10-03,509583511,09:30,09:37,Pouso,São Tomé,P-54,PR-CCG S-92A,CHC,ae829034-4ecd-49e3-9770-e3244dd7e783
2026-10-03,509583589,09:30,10:51,Pouso,Macaé,NS60,PS-CDT AW139,CHC,5ee91e51-ada7-4ced-9006-5f9a0960e200
2026-10-03,509583664,09:35,09:41,Pouso,São Tomé,P-56,PR-JBP S-92A,Líder,558d1d6a-5f62-4d0e-bb24-8fd3ecf34239
2026-10-03,509583454,09:40,10:47,Pouso,Macaé,UMPC,PS-BTP AW139,Bristow,c34d9383-e8d1-459c-bcb8-aa5d35d13098
2026-10-03,509583480,09:40,09:40,Pouso,Aracaju,PA38,PR-AIE H145,Líder,8f61f5e4-8462-44ee-92c3-792f7bca7e7a
2026-10-03,509583543,09:40,,Transferido,Maricá,P-79,PR-BGB S-92A,Omni,2fb48a07-7a47-46e3-9881-af6eec72e511
2026-10-03,509583704,09:40,10:02,Pouso,São Tomé,P-52,PR-OTN H175,Omni,ee57e4a5-887a-4ef4-ab4d-ac3e3066dff5
2026-10-03,509583452,09:45,12:38,Pouso,Macaé,PNA2,PS-LSC AW139,CHC,94bd4ce7-10d3-4eb4-b1c9-5f87466e9343
2026-10-03,509583510,09:45,09:44,Pouso,São Tomé,P-53,PR-JKM S-92A,Líder,7321f394-38b4-47f7-b4fe-3189148cfb29
2026-10-03,509582825,09:50,,Transferido,Cabo Frio,P-67,PR-BGU S-92A,CHC,aa2a884b-1745-49d5-8679-6cf7fa6bf14c
2026-10-03,509583662,09:50,,Transferido,Vitória,P-58,PR-OHB AW139,Omni,89cc3eb4-b639-4551-9b11-fbd3a79861d4
2026-10-03,509583464,09:55,10:05,Pouso,São Tomé,NS31,PR-JHI AW139,Líder,2c7a77c1-bb94-4997-a6c1-5971c8f58f85
2026-10-03,509583529,09:55,,Transferido,Maricá,NS43,PR-CGN AW139,Omni,6fc79b33-0654-45a4-97e8-7123cac96e2b
2026-10-03,509583549,09:55,,Transferido,Cabo Frio,FPGU,PS-CDR AW139,Omni,8b8cb2f0-9e28-4551-8af1-82d7317105e2
2026-10-03,509583149,10:00,,Transferido,Jacarepaguá,P-70,PR-JBO S-92A,Líder,0feea287-1f60-40f2-8f1a-8cdb5a1d28a8
2026-10-03,509583479,10:00,,Transferido,Maricá,FPAB / P-75,PR-OOL S-92A,Omni,73398ebc-7be1-493d-9d5b-3fb3a4503937
2026-10-03,509583573,10:00,,Transferido,Cabo Frio,UMCP,PR-CGF S-92A,CHC,8b41026a-b335-4e43-a831-7cbadbcfeb7e
2026-10-03,509583666,10:00,09:56,Pouso,São Tomé,NS63 / NS44 / P-54,PR-CPV S-92A,CHC,eeea02c1-18df-4640-a7ea-0fa371345cd4
2026-10-03,509582986,10:05,,Transferido,Maricá,UMAC,PR-OHV AW139,CHC,b18cc330-17eb-4389-8920-a59830cde380
2026-10-03,509583458,10:05,09:50,Pouso,São Tomé,FPAG,PR-WSG AW139,Bristow,6285d3eb-4e9c-4956-8cc0-de7c326e7f83
2026-10-03,509582955,10:10,,Transferido,Jacarepaguá,PMXL,PR-JHC AW139,Omni,cf5acfd3-a2ef-4b10-aeb4-ed0881f8928a
2026-10-03,509583544,10:10,,Transferido,Maricá,UMTJ,PR-CHT S-92A,Omni,545bda2f-7328-4be3-b957-ae51882e5306
2026-10-03,509583670,10:10,,Transferido,Cabo Frio,FPAD,PR-OHA AW139,CHC,3c05f8bc-bbb8-4466-b08c-cad6b84e4832
2026-10-03,509583484,10:15,10:05,Pouso,São Tomé,NS32,PR-OTS H175,Omni,9e6b188f-5e21-43fb-be76-02b886260685
2026-10-03,509583570,10:15,,Transferido,Maricá,P-75 / NS38,PR-CGE S-92A,CHC,7577e986-ee9f-4a9f-9ce7-278ec2b7e01a
2026-10-03,509583579,10:15,,Transferido,Cabo Frio,WAVE,PS-GBN AW139,CHC,1679ef2e-c8e6-48a2-bbd4-67fccc203343
2026-10-03,509583505,10:20,,Transferido,Maricá,P-78,PR-BGT S-92A,CHC,53a3ec72-eb3d-4cd5-ae74-281629080f8a
2026-10-03,509582985,10:30,,Transferido,Maricá,P-75 / NS28,PR-OHN AW139,Omni,b85290e7-00f9-4795-8f87-1867f9569e0a
2026-10-03,509583527,10:30,,Transferido,Jacarepaguá,P-70,PR-CGO AW139,Omni,422eaa22-4774-473e-b82a-4d578ce7ec53
2026-10-03,509583582,10:35,,Transferido,Cabo Frio,FPGU,PR-CGU AW139,CHC,d8b338d6-6bae-494c-aae3-decfa50116f0
2026-10-03,509583217,11:10,,Transferido,Vitória,CDAN,PS-BTA AW139,Omni,083e8b51-79c8-4270-aeb2-921ed93af2c4
2026-10-03,509583472,11:20,12:32,Pouso,São Tomé,UMLI,PR-JBP S-92A,Líder,35b814cb-0dd3-44ae-b99d-ef672a9797fd
2026-10-03,509583423,11:40,,Transferido,Jacarepaguá,PMXL,PR-OOA AW139,Omni,4733867d-e9b0-4b3e-8921-b8b0efd5fb13
2026-10-03,509583705,12:20,,Cancelado,Cabo Frio,WAVE,PR-CGT AW139,CHC,0b52fc34-70e0-45ed-88f0-b35e2fad1fa2
2026-10-03,509583359,12:30,,Transferido,Vitória,CDAN,PS-BTK AW139,Bristow,feeb1d3e-ab5b-4e6e-8ce2-00bc46ad55e9
2026-10-03,509583674,12:30,12:41,Pouso,São Tomé,FPAG,PR-OOQ H175,Omni,a386434e-3997-46e2-814f-82870cf440da
2026-10-03,509583520,12:35,12:32,Pouso,São Tomé,P-18,PR-JHE AW139,Líder,12a7bc05-94f9-4431-a08b-0fb693648c7d
2026-10-03,509583485,12:40,12:38,Pouso,São Tomé,P-19,PR-WSG AW139,Bristow,44633d4c-5183-4f82-a70b-28cae49b0bee
2026-10-03,509583502,12:40,,Transferido,Jacarepaguá,PMLZ1,PR-OHR AW139,Omni,a7df0073-4798-40a7-b5ee-f120c5435c8b
2026-10-03,509583525,12:40,,Transferido,Jacarepaguá,FPIT,PR-OON AW189,Omni,563eda17-49fe-4854-9242-a267be629f80
2026-10-03,509583671,12:40,13:26,Pouso,Macaé,SS92 / UMPC,PS-CDT AW139,CHC,6d71423c-0114-4ee8-9330-dd52bb45ce10
2026-10-03,509583531,12:45,12:44,Pouso,São Tomé,NS63,PR-CCG S-92A,CHC,dd446cd1-a276-4351-ba3f-5969b0f4103a
2026-10-03,509583486,12:50,12:49,Pouso,São Tomé,P-53,PR-JHI AW139,Líder,5d64614a-b08e-421f-b319-be252a89026c
2026-10-03,509583526,12:50,,Transferido,Jacarepaguá,NS47,PR-OTY AW189,Líder,abd29e20-0dc2-4e01-949a-89d5477f5b03
2026-10-03,509583356,12:55,13:30,Pouso,Macaé,PNA2,PS-BTP AW139,Bristow,4dd1054c-52ed-4695-ad29-a401c812dcc6
2026-10-03,509583523,12:55,13:02,Pouso,São Tomé,P-54,PR-OTN H175,Omni,e502d765-9a60-479a-9364-d531f4512331
2026-10-03,509583460,13:00,,Transferido,Macaé,PGP1,PR-CGD S-92A,Bristow,d93efa35-365a-4df8-b387-722adc103b5c
2026-10-03,509583475,13:00,,Transferido,Jacarepaguá,NS45,PR-OTU AW139,Omni,2bba57e5-6ac1-4720-a497-9c40ad7e8b57
2026-10-03,509583521,13:00,13:08,Pouso,São Tomé,P-48,PR-JKM S-92A,Líder,26fdb94d-bec0-4b1b-b0e4-efa32d17182c
2026-10-03,509583545,13:00,,Transferido,Maricá,NS62 / NS43,PR-BGB S-92A,Omni,f26e7da4-74b9-4944-928a-da8c804a9355
2026-10-03,509583532,13:05,,Transferido,Jacarepaguá,NS56,PR-OOR AW189,Omni,0c4cee59-304e-4b97-b25a-c5bf6da21879
2026-10-03,509582983,13:10,,Transferido,Vitória,FPMQ,PR-OHB AW139,Bristow,964ea98a-f4a4-4430-9674-5e14e270f21f
2026-10-03,509583501,13:10,13:23,Pouso,São Tomé,NS31,PR-OTP H175,Omni,2f6fa646-8ab9-49ad-8f80-db6c8ed4025f
2026-10-03,509583528,13:10,,Transferido,Jacarepaguá,NS61,PR-OHF S-92A,Omni,cd4525b3-5a26-4248-8dd0-10f1658eaaaf
2026-10-03,509583585,13:10,15:02,Pouso,Macaé,SECR,PS-LSC AW139,CHC,0ef4a8ac-03ed-4b81-a754-821616d5041d
2026-10-03,509583675,13:15,13:16,Pouso,São Tomé,UMPC,PR-OTS H175,Omni,06f979c2-edcd-4343-868b-747524c6e853
2026-10-03,509582984,13:20,14:44,Pouso,São Tomé,P-31,PR-JHE AW139,Líder,20aebb5a-2cff-493b-a934-5814b4aa418c
2026-10-03,509583596,13:20,14:04,Pouso,Macaé,SAON,PR-CGS AW139,CHC,758a2194-6dbe-4023-a067-bf34097805c5
2026-10-03,509583665,13:25,13:17,Pouso,São Tomé,P-62,PR-CPV S-92A,CHC,5b9e2eb8-6c9d-4425-8538-267b86b27c96
2026-10-03,509583421,13:30,,Transferido,Vitória,SS81,PS-BTL AW139,Bristow,1d50a369-f5dc-4721-981a-d7b6582b7713
2026-10-03,509583487,13:35,13:26,Pouso,São Tomé,FSME,PS-BTF AW139,Bristow,150882ac-9f7d-4f97-9d19-6eb8a0b794ca
2026-10-03,509583080,13:40,,Transferido,Jacarepaguá,P-67,PR-OHG S-92A,Líder,4482931c-ae7c-4ca4-99bb-cb558f974c73
2026-10-03,509583599,13:45,,Transferido,Jacarepaguá,P-69,PR-JBO S-92A,Líder,0f2f4d17-7649-4476-9725-1d38b043b143
2026-10-03,509583678,13:45,,Transferido,Cabo Frio,FPDC / SEOC,PR-OHA AW139,Omni,5840ff90-15e4-4ea6-88df-11168c3a5cee
2026-10-03,509583775,13:45,,Transferido,Vitória,SARU,PR-OHB AW139,Omni,05f09b66-e727-4124-87df-75cd3b540d73
2026-10-03,509583592,13:48,,Transferido,Cabo Frio,FPPL,PS-CDR AW139,CHC,beefee06-e68b-463c-b115-19aa4748583c
2026-10-03,509582949,13:50,,Transferido,Jacarepaguá,UMAR,PR-EPV S-92A,Líder,7c811f9c-bb76-429e-b766-22a07213a69f
2026-10-03,509583581,13:50,,Transferido,Cabo Frio,P-67,PR-CGF S-92A,CHC,259b903a-4c56-4e7f-a791-dc256dd3ac64
2026-10-03,509583474,13:55,,Transferido,Jacarepaguá,FPAR,PR-JKJ S-92A,Líder,09d034bd-1b9e-4253-bee5-318892efb4f1
2026-10-03,509583574,13:55,,Transferido,Cabo Frio,P-67,PR-BGU S-92A,CHC,d4d5571c-d862-4ac8-b3e9-4477b891150a
2026-10-03,509583489,14:00,,Transferido,Jacarepaguá,P-71,PR-OHJ AW139,Omni,34dc3e02-5dd9-40d4-955b-e5925d15aa21
2026-10-03,509583539,14:00,,Transferido,Maricá,NS40,PR-CGN AW139,Omni,8fa9cfcb-7a41-40c0-982c-005390cec670
2026-10-03,509583571,14:05,,Transferido,Maricá,P-77 / P-78 / P-76,PR-OOC AW139,Omni,2ddc8c6a-54b4-4fb2-960c-1b79e68d259a
2026-10-03,509583575,14:05,,Transferido,Cabo Frio,SEOC,PR-OHA AW139,CHC,3864fdbf-ce11-442a-b458-a0d5e7a9c6cf
2026-10-03,509583542,14:10,,Transferido,Maricá,UMPT,PR-OOL S-92A,Omni,44f0cd28-00ec-4073-8b44-a45e17d4c3dd
2026-10-03,509583577,14:10,,Transferido,Jacarepaguá,SADI,PR-JHC AW139,Omni,50a3110e-8e65-46a9-8cbd-aa40c69c418e
2026-10-03,509583580,14:10,,Transferido,Maricá,P-79,PR-CGK AW139,Omni,dc01f105-dde7-47af-a4ac-237d5abe2f2c
2026-10-03,509583677,14:10,,Cancelado,Cabo Frio,SESU,PS-GBN AW139,CHC,c458ce87-3e15-4b0d-a6e7-12a1d2391e53
2026-10-03,509583594,14:15,,Transferido,Jacarepaguá,P-67,PR-JAR S-92A,Omni,0ffa56c8-4c3e-4f2a-99fb-a3d8739a49e8
2026-10-03,509583424,14:20,,Transferido,Maricá,UMTJ,PR-BGT S-92A,Omni,7e3f4e5f-909d-4b3b-b154-a81e870c5eba
2026-10-03,509583661,14:20,,Transferido,Cabo Frio,SKVI,PR-BGZ AW139,CHC,2174a8db-c50b-439e-b586-497600d0a7fd
2026-10-03,509582987,14:25,,Transferido,Maricá,NS59,PR-CGE S-92A,CHC,c0e93905-73ec-440d-8f78-9dbee24e0087
2026-10-03,509583473,14:25,14:26,Pouso,São Tomé,UMLI,PR-JBI S-92A,Líder,15c9e293-6f37-472b-ad29-0ca62cdd007d
2026-10-03,509583590,14:30,,Transferido,Cabo Frio,FPGU,PR-CGU AW139,CHC,57d27feb-a71a-4f9f-aabc-b66e4a6aadf5
2026-10-03,509583572,14:35,,Transferido,Maricá,UMPT,PR-CHT S-92A,Omni,80d79c61-002d-450c-b0f9-c14d5704be1e
2026-10-03,509583469,15:00,,Transferido,Jacarepaguá,NS33,PR-CGO AW139,Omni,f9ba9dd3-6f20-4ba0-9e8c-d8e9973d0e98
2026-10-03,509583503,15:05,,Transferido,Jacarepaguá,FPCS,PR-OOA AW139,Líder,bd8915e7-4f37-4279-9abb-13e8edbc6776
2026-10-03,509583710,15:10,15:11,Pouso,São Tomé,UMPC,PR-WSG AW139,Bristow,ddee5e60-47ae-4a4a-8e05-34f859e8acac
2026-10-03,509583576,15:15,15:16,Pouso,São Tomé,P-38,PR-JHI AW139,Líder,e259e133-dc9b-4048-aacf-f88301eb7978
2026-10-03,509583456,15:25,,Transferido,Vitória,P-58,PS-BTK AW139,Bristow,d9d9e86f-c84d-4243-96ad-c1870c71a832
2026-10-03,509583524,15:30,,Transferido,São Tomé,P-55,PR-CCG S-92A,CHC,e76b32cc-2a81-4480-b9da-6d7ce9150889
2026-10-03,509583702,15:30,15:26,Pouso,São Tomé,PRA-1,PR-JBP S-92A,Líder,67b3a227-445b-4470-91bb-b275efc70a43
2026-10-03,509583461,15:35,,Transferido,Macaé,NS58,PR-CGD S-92A,CHC,dc5fda5f-9560-4818-a0b2-719fc4a37982
2026-10-03,509583488,15:35,15:28,Pouso,São Tomé,P-25,PR-OTS H175,Omni,65f7ba62-2f55-46e8-97bf-627c743a5cbb
2026-10-03,509583541,15:40,15:32,Pouso,São Tomé,UMMA,PR-JKM S-92A,Líder,20405976-3d92-4da4-abfb-be27fca3a50e
2026-10-03,509583672,15:40,,Transferido,Macaé,SKNT,PR-CGS AW139,Bristow,13a42fd5-7492-424d-bc04-e78108fb5967
2026-10-03,509583457,15:50,,Transferido,Vitória,P-58,PS-BTA AW139,Bristow,0df74a33-ad68-4c96-9800-ce8771f98930
2026-10-04,509583953,06:20,08:46,Pouso,Vitória,MOP1,PR-OTX AW139,Omni,4a014321-70f6-43e3-9ead-5ebc331ac11a
2026-10-04,509582808,06:30,06:53,Pouso,Maricá,P-78,PR-BGB S-92A,Omni,e2e679a4-582c-4010-b026-590e6be2cb4f
2026-10-04,509582940,06:30,,Transferido,Cabo Frio,UMPA,PR-BGU S-92A,CHC,70399fdb-2866-443f-9687-12670cc3fe6d
2026-10-04,509582947,06:30,07:36,Pouso,Jacarepaguá,NS47,PR-JBO S-92A,Líder,4869f8b3-b380-4d11-b202-d1ee9c129434
2026-10-04,509583218,06:30,08:28,Pouso,Vitória,UMGR,PR-OHB AW139,Omni,d2d86d5f-d4e2-4e23-865d-ee6fa3f0f34a
2026-10-04,509583461,06:30,06:19,Pouso,Macaé,NS58,PR-CGD S-92A,CHC,c6793df5-0a8b-4ebf-b1d3-c5b2ceefeccc
2026-10-04,509583524,06:30,06:25,Pouso,São Tomé,P-55,PR-CPV S-92A,CHC,3d070f0b-2541-4f50-8d44-1c29c006108d
2026-10-04,509582799,06:35,06:58,Pouso,Cabo Frio,UMCP,PR-CGF S-92A,CHC,036a43a0-aa2b-4efa-a098-053a3cd35cc7
2026-10-04,509582989,06:35,07:05,Pouso,Maricá,UMPT,PR-BGT S-92A,CHC,e38d54ee-98fb-495b-a948-2ddc2fc13bf1
2026-10-04,509583144,06:35,06:55,Pouso,Jacarepaguá,P-68,PR-OTY AW189,Omni,7d06bf00-5750-4f7c-9951-3c9ecc1f2c42
2026-10-04,509583822,06:35,06:37,Pouso,São Tomé,P-20,PR-JBP S-92A,Líder,52c697a7-e858-4c85-a5f6-ac40e8f06ff2
2026-10-04,509582964,06:40,07:04,Pouso,Macaé,FPCG,PR-CGS AW139,CHC,3b8b72b3-d1d2-44e3-817f-e6723c5649d0
2026-10-04,509583046,06:40,07:18,Pouso,Maricá,P-74 / UMTJ,PR-CHT S-92A,Omni,21547193-b1cb-46d8-8c26-142106c7c4de
2026-10-04,509583049,06:40,06:57,Pouso,Jacarepaguá,FPIB,PR-OON AW189,Omni,c76501dc-57d3-4909-8e6f-9b63a7578b94
2026-10-04,509583143,06:40,07:23,Pouso,Cabo Frio,SESU,PR-BGZ AW139,CHC,6c6c8485-89bf-4453-ac70-8e569face2cd
2026-10-04,509583358,06:40,08:23,Pouso,Vitória,P-57,PS-BTA AW139,Bristow,83d18444-334e-4dc9-969c-c0c1a2e99316
2026-10-04,509584043,06:40,07:37,Pouso,São Tomé,P-31,PR-JHI AW139,Líder,b6240c63-6586-44e8-913b-8c107acafe34
2026-10-04,509582778,06:45,06:47,Pouso,Maricá,UMAC,PR-CGE S-92A,CHC,09663907-89a5-484c-b55f-09b06a8dbe6a
2026-10-04,509583546,06:45,06:53,Pouso,Jacarepaguá,SKAU,PR-JHC AW139,Líder,0c1fdbed-892b-45a0-b39c-2f23e09964cc
2026-10-04,509583708,06:45,07:13,Pouso,São Tomé,P-18,PR-OTP H175,Omni,5493dd88-3f49-469a-b257-d6ebffd4258f
2026-10-04,509583943,06:45,07:09,Pouso,Macaé,NS58,PS-LSC AW139,CHC,c7c2564c-3ef7-4e81-a997-d89bcfb34e18
2026-10-04,509582779,06:50,06:55,Pouso,Maricá,NS59,PR-OHK S-92A,Omni,356fe85c-74ee-4e12-890c-f9474a39218e
2026-10-04,509582980,06:50,07:15,Pouso,Jacarepaguá,FPPA,PR-CGO AW139,Omni,21356097-df25-4118-a7d0-7f18c25230d3
2026-10-04,509583455,06:50,08:38,Pouso,Vitória,P-58,PS-BTK AW139,Bristow,cebbe961-09b0-4c3a-9f9a-162f2ddc9bb4
2026-10-04,509583514,06:50,06:58,Pouso,Macaé,NS60,PS-CDT AW139,CHC,224730c2-730b-41b4-9382-64cf6d863ce1
2026-10-04,509583579,06:50,07:34,Pouso,Cabo Frio,WAVE,PS-GBN AW139,CHC,377b0aa1-3459-4a70-9d73-308a3b778dbb
2026-10-04,509583679,06:50,06:55,Pouso,São Tomé,P-51,PR-JBI S-92A,Líder,14404dd3-6a09-42bc-ae33-e43581e42eb0
2026-10-04,509582824,06:55,07:02,Pouso,Maricá,UMTJ,PR-CGN AW139,Omni,2a53bf8d-9dcf-4d32-ac0b-b82fca1230a9
2026-10-04,509583210,06:55,07:21,Transferido,Jacarepaguá,FPSP,PR-OOR AW189,Omni,3314fc51-039a-412c-b9b7-67b471baee51
2026-10-04,509583460,06:55,07:00,Pouso,Macaé,PGP1,PS-BTO AW139,Bristow,c3f7b466-37ef-4370-b186-fcf976c1f9ca
2026-10-04,509583591,06:55,07:05,Pouso,Cabo Frio,FPSE,PR-CGU AW139,CHC,1bdd95bd-c60a-46ad-ad6f-25c75d9cfca1
2026-10-04,509583823,06:55,07:05,Pouso,São Tomé,UMPC,PR-JHE AW139,Líder,8f4fe4cf-c225-4230-8bb6-22b2cb731363
2026-10-04,509582956,07:00,07:22,Pouso,Jacarepaguá,FPMA,PR-OHG S-92A,Omni,25ec16ff-e717-40a7-b1a8-74fcb22e0c02
2026-10-04,509583219,07:00,08:14,Pouso,Vitória,SS81,PS-BTL AW139,Bristow,f4d0b9a1-da46-4133-b93a-282747d4bc81
2026-10-04,509583536,07:00,07:10,Pouso,Maricá,FPAB,PR-CGK AW139,CHC,b99781b7-a6e5-4296-b394-d7b393fe6338
2026-10-04,509583593,07:00,06:50,Pouso,Cabo Frio,FPGU,PR-OHA AW139,Omni,e17c060c-f36f-4373-8220-288035151c88
2026-10-04,509583735,07:00,06:50,Pouso,São Tomé,UMVV,PR-CCG S-92A,CHC,ff72cc8d-48a6-4538-bf6f-f12295a8ebc6
2026-10-04,509584076,07:00,07:02,Pouso,Aracaju,PA39 / PA38,PR-AIE H145,Líder,9d3b0176-2a29-4b8f-9da4-79e7ca9c99a3
2026-10-04,509582985,07:05,08:27,Pouso,Maricá,P-75 / NS28,PR-OOC AW139,Omni,19d02cee-c4f9-4a91-9703-f74ca4b188e2
2026-10-04,509583660,07:05,07:05,Pouso,Jacarepaguá,FPIB,PR-JBQ S-92A,Líder,388fe96b-514d-4ea6-87c1-eae750644442
2026-10-04,509583670,07:05,07:17,Pouso,Cabo Frio,FPAD,PS-CDR AW139,CHC,225635dc-3edf-466b-aacc-32dbfd59a07e
2026-10-04,509583824,07:05,07:11,Pouso,São Tomé,UMMA,PR-JKM S-92A,Líder,8df29c12-4771-436e-88c0-de73b4044d51
2026-10-04,509583467,07:10,07:31,Pouso,Jacarepaguá,FPSA,PR-EPV S-92A,Líder,81a81b6b-655b-4882-8493-37cbce89ce03
2026-10-04,509583537,07:10,07:38,Pouso,Maricá,P-77,PR-OHV AW139,Omni,8aec534d-cd80-4bef-a2cd-50086ce740b7
2026-10-04,509583549,07:10,07:19,Pouso,Cabo Frio,FPGU,PR-OOT AW139,Omni,38dbbd7c-b421-4983-b324-018798352056
2026-10-04,509583825,07:10,07:09,Pouso,São Tomé,SS75,PR-WSG AW139,Bristow,0122fa6a-0611-4077-be23-c8babe47170d
2026-10-04,509582972,07:15,07:46,Pouso,Jacarepaguá,FPCS,PR-OOA AW139,Omni,2f6b1032-381a-4e5e-a93f-ea6ad641d5ed
2026-10-04,509583543,07:15,07:47,Pouso,Maricá,UMAC,PR-OOL S-92A,Omni,3cd1b6aa-e25f-452b-90e7-91bfd9e1e9c3
2026-10-04,509583779,07:15,07:29,Pouso,São Tomé,P-55 / P-54,PR-OFH H175,Omni,b0a93dd9-8971-4465-a6ff-b52f641e7de6
2026-10-04,509583104,07:20,,Transferido,Jacarepaguá,P-66,PR-OHL AW139,Líder,d06a4bef-94b6-4170-a978-7000c2ae502c
2026-10-04,509584065,07:25,07:32,Pouso,São Tomé,P-62 / P-52,PR-OTN H175,Omni,e18a8e98-4e4f-4b7f-a717-d182a6183c8a
2026-10-04,509583538,07:30,09:11,Pouso,Maricá,UMAC,PR-OHN AW139,Omni,0d3bb358-8c16-4a07-9d6f-fa73afce8006
2026-10-04,509583661,07:30,07:59,Pouso,Cabo Frio,SKVI,PR-CGT AW139,CHC,3557d14c-6eab-48d6-8184-045bf18f6c3d
2026-10-04,509583668,07:30,07:26,Pouso,São Tomé,NS32 / UMMA,PR-OOQ H175,Omni,038bdbd6-b2c4-4fb8-94af-bc43bb971fad
2026-10-04,509583171,07:35,07:47,Pouso,Jacarepaguá,P-66,PR-JBE S-92A,Líder,4635c55d-4c48-467f-a0b0-ad039f05810c
2026-10-04,509582955,07:40,07:49,Pouso,Jacarepaguá,PMXL,PR-OOS AW139,Omni,2db885a5-0969-4729-8b4f-02f39fce1967
2026-10-04,509582965,07:45,07:55,Pouso,Jacarepaguá,FPIT,PR-JKJ S-92A,Líder,ca50e457-af9b-4d10-b727-09237e9e80ad
2026-10-04,509583048,07:55,08:20,Pouso,Jacarepaguá,P-69,PR-JAR S-92A,Líder,3e939e48-2f43-4a56-b4b8-8b9f2a8f8f35
2026-10-04,509583047,08:00,10:44,Pouso,Jacarepaguá,NS54,PR-OTU AW139,Omni,3ad58bdb-dcd3-4515-845b-f4c06e75657d
2026-10-04,509583569,08:00,08:05,Pouso,Jacarepaguá,FPAD,PR-OHR AW139,Omni,24700195-2335-49d5-936b-4458a22db9a7
2026-10-04,509583084,08:10,10:23,Pouso,Jacarepaguá,NS45,PR-OHF S-92A,Omni,1f9d1f89-3b65-4c7d-8ced-22b961aec9f3
2026-10-04,509583217,08:40,11:02,Pouso,Vitória,CDAN,PR-OTX AW139,Omni,7dd9ca8d-08f6-4baa-9517-eed3b8a878e7
2026-10-04,509583709,08:55,10:01,Pouso,São Tomé,P-25,PR-OOQ H175,Omni,26648c3f-b49f-41ea-8ec3-fb68eba03444
2026-10-04,509583662,09:00,11:13,Pouso,Vitória,P-58,PR-OHB AW139,Omni,9156d719-ce2e-44cb-b873-c35a125a2241
2026-10-04,509583359,09:10,08:23,Pouso,Vitória,CDAN,PS-BTA AW139,Bristow,e5bc69d5-9816-40c7-b162-061003db188c
2026-10-04,509584082,09:15,09:19,Pouso,São Tomé,UMPC,PR-JHE AW139,Líder,159a5938-4241-4328-b41c-d05ec6b298c5
2026-10-04,509583967,09:20,09:43,Pouso,Macaé,NS60,PR-CGS AW139,CHC,910f3c30-1742-412f-a66c-75c187f06d8a
2026-10-04,509584102,09:20,09:10,Pouso,São Tomé,P-31 / P-47,PR-OTS H175,Omni,c19dc5d9-86fc-4849-8512-d50d996dcc5b
2026-10-04,509583940,09:25,09:58,Pouso,São Tomé,FPAN,PR-OTP H175,Omni,a9c90ce7-c979-42dd-9e75-764f0c400ea3
2026-10-04,509583421,09:30,10:58,Pouso,Vitória,SS81,PS-BTK AW139,Bristow,02d50381-dd8a-4af0-9b8c-0f3afa31cd92
2026-10-04,509583647,09:30,09:07,Pouso,São Tomé,P-52,PR-CPV S-92A,CHC,0e645f50-492a-4e42-9d96-44739a18b347
2026-10-04,509583963,09:30,09:11,Pouso,Macaé,NS41,PR-CGD S-92A,CHC,8712db7a-7875-4415-9ba3-898d86ebeaab
2026-10-04,509583826,09:35,09:36,Pouso,São Tomé,P-48,PR-JBI S-92A,Líder,f7eadb5a-873b-4dee-8609-a02788fdf2f4
2026-10-04,509583777,09:40,09:52,Pouso,Macaé,PNA2,PS-LSC AW139,CHC,8b9f1867-020c-40e7-99b9-1fe2c38c9d25
2026-10-04,509584100,09:40,09:28,Pouso,São Tomé,P-53 / P-38,PR-WSG AW139,Bristow,ed87ec7b-1225-4940-a8be-d84ebae88d77
2026-10-04,509583513,09:45,11:31,Pouso,São Tomé,UMLI,PR-OTS H175,Omni,49c82451-f1fc-44c9-a0ab-d16b1de70422
2026-10-04,509583544,09:45,09:57,Transferido,Maricá,UMTJ,PR-BGB S-92A,Omni,27cb9628-bd22-4d50-ad8d-fadf02e2fdbd
2026-10-04,509583990,09:45,10:05,Pouso,Macaé,SS73,PS-CDT AW139,CHC,911db204-0e95-4049-bf89-f868c9ea5b5b
2026-10-04,509582825,09:50,10:19,Pouso,Cabo Frio,UMPA,PR-CGF S-92A,CHC,4d8ecdee-57b8-4dee-9ac2-efc7904ccad0
2026-10-04,509582983,09:50,10:25,Pouso,Vitória,FPMQ,PS-BTL AW139,Bristow,8bb22924-eafa-459e-b535-e6ef3f63f64f
2026-10-04,509583502,09:50,12:55,Pouso,Jacarepaguá,PMLZ1,PR-OHJ AW139,Omni,3a56e213-a4f4-4de9-b305-416dc5ff02c1
2026-10-04,509583570,09:50,13:07,Pouso,Maricá,P-75 / NS38,PR-BGT S-92A,CHC,8f494aa5-ed21-4fd2-a641-16fb34e451e9
2026-10-04,509583968,09:50,09:38,Pouso,São Tomé,NS63,PR-CCG S-92A,CHC,1590aeb7-9a73-47e7-b279-ed842d9dcbfa
2026-10-04,509584066,09:50,10:13,Pouso,Macaé,PGP1,PS-BTP AW139,Bristow,8c41f60c-fe53-49fd-b3fe-81c4fd63b822
2026-10-04,509583479,09:55,10:29,Pouso,Maricá,FPAB / P-75,PR-CHT S-92A,Omni,bf8a7681-23b0-45f2-a74c-b12bfa000c03
2026-10-04,509583827,09:55,09:55,Pouso,São Tomé,UMMA,PR-JHI AW139,Líder,cd31f5e0-013b-4209-b137-162f19367640
2026-10-04,509582954,10:00,10:58,Pouso,Jacarepaguá,P-71,PR-OOA AW139,Omni,4b12ce15-6fc3-4563-8302-1f56cdd5c0cc
2026-10-04,509583505,10:00,09:55,Pouso,Maricá,P-78,PR-CGE S-92A,CHC,4c058298-083d-499e-ab78-dbabb4a4412f
2026-10-04,509583573,10:00,,Transferido,Cabo Frio,UMCP,PR-BGU S-92A,CHC,06739ee9-0faa-42fd-8fae-cc7e5a19d040
2026-10-04,509584019,10:00,10:08,Pouso,São Tomé,P-55 / P-52,PR-OTN H175,Omni,d193b0b0-210b-4c9d-9eba-a6f0a01a09fa
2026-10-04,509582986,10:05,10:15,Pouso,Maricá,UMAC,PR-CGK AW139,CHC,b24267d9-62bb-40af-9d97-0c376dd81426
2026-10-04,509583582,10:05,10:56,Pouso,Cabo Frio,FPGU,PR-CGU AW139,CHC,b4622d7b-8cd5-42eb-9350-a4b3a44c2319
2026-10-04,509583597,10:05,10:27,Pouso,Jacarepaguá,FPPA,PR-OTY AW189,Omni,33238e26-9902-4f37-af95-0d61f2712612
2026-10-04,509583149,10:10,11:26,Pouso,Jacarepaguá,P-70,PR-JBO S-92A,Líder,ff10d03e-106a-4e29-ad7e-70a90ee1b380
2026-10-04,509583545,10:10,10:10,Pouso,Maricá,NS62 / NS43,PR-OHK S-92A,Omni,73c1dc73-0ce3-4785-b12a-d8f4b0f9b0ac
2026-10-04,509583678,10:10,09:53,Pouso,Cabo Frio,FPDC / SEOC,PR-OHA AW139,Omni,78769e0b-a658-420c-a170-8bee9ce3aa97
2026-10-04,509583969,10:10,10:14,Pouso,São Tomé,UMVV,PR-OFH H175,Omni,09cad2b0-4459-4027-ab40-d47fa20f4a05
2026-10-04,509583529,10:15,10:16,Pouso,Maricá,NS43,PR-CGN AW139,Omni,6d549a79-b08b-48bf-81cb-49e461f10507
2026-10-04,509583592,10:15,13:25,Pouso,Cabo Frio,FPPL,PS-CDR AW139,CHC,a2772edd-8bfd-45db-bbf5-3c691c1d18ee
2026-10-04,509583578,10:18,10:26,Transferido,Cabo Frio,SATO,PR-BGZ AW139,CHC,555a6d46-e02b-499b-b556-36b3243e713d
2026-10-04,509583539,10:20,10:26,Pouso,Maricá,NS40,PR-OHV AW139,Omni,265c2c5b-c84f-46ca-9455-26eb4b78a5bc
2026-10-04,509583575,10:20,10:16,Transferido,Cabo Frio,SEOC,PR-OOT AW139,CHC,1ee7831d-8588-4d85-9372-741fb2fc52cb
2026-10-04,509583571,10:24,12:51,Pouso,Maricá,P-77 / P-78 / P-76,PR-CGW AW139,CHC,f4de8ee7-9050-4e9a-9b47-081ad50a9fa3
2026-10-04,509583542,10:25,10:44,Pouso,Maricá,UMPT,PR-OOL S-92A,Omni,8c79ff4c-4e75-410b-9039-7e5f0324a50e
2026-10-04,509583525,10:30,11:11,Pouso,Jacarepaguá,FPIT,PR-OON AW189,Omni,8f5c6009-044f-4772-b413-bb7cb7478fc9
2026-10-04,509583580,10:30,12:45,Pouso,Maricá,UMAC,PR-OOC AW139,Omni,fbdea4e1-3bef-4587-b878-5378080c0747
2026-10-04,509583548,10:35,12:43,Pouso,Jacarepaguá,FPMA,PR-OHG S-92A,Omni,8ec35d25-bb00-4992-b53c-6d2062dfe6a1
2026-10-04,509583503,10:40,10:47,Pouso,Jacarepaguá,FPCS,PR-JHC AW139,Líder,6ca25382-9043-409a-a479-c54baaf2eeff
2026-10-04,509583527,10:45,12:36,Pouso,Jacarepaguá,P-70,PR-CGO AW139,Omni,c5ad3ef9-5e06-4eb0-881e-c097b6eedebc
2026-10-04,509583423,10:50,11:22,Pouso,Jacarepaguá,PMXL,PR-OOS AW139,Omni,905b2aa7-662f-4d34-80df-098e2bf0168c
2026-10-04,509583468,11:00,11:05,Pouso,Jacarepaguá,FPMR,PR-JBQ S-92A,Líder,6c437481-40e2-424e-98f0-a02ff61bf339
2026-10-04,509583583,11:05,11:29,Pouso,Jacarepaguá,FPSP,PR-EPV S-92A,Líder,629fc01f-1e02-4ae5-bf7d-db1361ff4baa
2026-10-04,509582949,11:20,11:41,Pouso,Jacarepaguá,UMAR,PR-JKJ S-92A,Líder,a0bce445-9730-4036-ac05-c015329c2e35
2026-10-04,509583941,11:25,12:07,Pouso,São Tomé,UMLI,PR-JBI S-92A,Líder,a36ca0fd-3421-4bab-83e6-078d66322ae0
2026-10-04,509583080,11:30,11:34,Pouso,Jacarepaguá,P-67,PR-JBE S-92A,Líder,414b2ac0-af87-4760-99ee-f0242ccf1a85
2026-10-04,509583526,12:00,12:06,Pouso,Jacarepaguá,NS47,PR-JAR S-92A,Líder,0d48e447-8e29-4bc6-9863-adae738dacb2
2026-10-04,509583533,12:10,12:50,Pouso,Jacarepaguá,UMAR,PR-OOR AW189,Omni,940e2c96-2871-43c9-915a-d151a09a2c05
2026-10-04,509583775,12:10,13:45,Pouso,Vitória,SARU,PR-OHB AW139,Omni,2435cc6f-7198-4aaf-9a00-6d8d8814535e
2026-10-04,509583456,12:20,13:16,Pouso,Vitória,P-58,PS-BTA AW139,Bristow,34736c3e-eb35-4a0c-89d5-1e441c0ac802
2026-10-04,509583469,12:20,12:29,Transferido,Jacarepaguá,NS33,PR-CGO AW139,Omni,9ab80e88-e381-4957-a85f-721089ea46a1
2026-10-04,509584008,12:20,12:26,Pouso,Cabo Frio,SKVI,PS-GBN AW139,CHC,a4cb8066-5a31-464e-b89d-0a99022b8cb6
2026-10-04,509583540,12:30,14:52,Pouso,Jacarepaguá,NS45,PR-OTU AW139,Omni,8185236e-ab5e-437c-992b-d5fc12ed0fb5
2026-10-04,509583991,12:30,12:58,Pouso,Macaé,UMPC,PR-CGD S-92A,CHC,e9f3db33-8071-4ed9-a810-df63c30aa895
2026-10-04,509584083,12:30,12:41,Pouso,São Tomé,NS51 / P-25,PR-OOQ H175,Omni,0f9908c9-1c1b-4319-99c2-6cfe331e908f
2026-10-04,509583489,12:35,12:42,Pouso,Jacarepaguá,P-71,PR-OHR AW139,Omni,315ccadc-2009-4f6f-b1a3-dd187f6f85ff
2026-10-04,509583950,12:35,12:49,Pouso,São Tomé,P-54 / P-31,PR-OTP H175,Omni,d9cdfcd4-df16-4eb0-b80a-1d098c742519
2026-10-04,509583955,12:35,12:41,Pouso,Macaé,FPCG,PR-CGS AW139,CHC,adab8283-86a3-45f5-84d1-14057edd081a
2026-10-04,509583357,12:40,15:23,Pouso,Vitória,NS52,PS-BTA AW139,Bristow,4afefd30-64e6-4ba9-9b80-300d99092972
2026-10-04,509583476,12:40,13:52,Pouso,Jacarepaguá,NS55,PR-OHF S-92A,Omni,2fa6a98e-8360-40cc-8838-14b5c9e7110b
2026-10-04,509583738,12:40,12:37,Pouso,São Tomé,P-51,PR-WSG AW139,Bristow,50c70838-0efb-44b0-b3a6-5e2bca02d702
2026-10-04,509583952,12:40,12:45,Pouso,Macaé,P-09,PS-LSC AW139,CHC,3ac17b6c-2d42-44dd-9987-b640ae8340c9
2026-10-04,509583951,12:45,12:59,Pouso,São Tomé,P-47,PR-JHE AW139,Líder,0691542a-dd5e-461a-a594-09465e5b6c4c
2026-10-04,509583457,12:50,13:28,Pouso,Vitória,P-58,PS-BTL AW139,Bristow,00479b28-6135-424a-a016-b5a35c657a39
2026-10-04,509583672,12:50,13:59,Pouso,Macaé,SKNT,PS-CDT AW139,CHC,cd5de809-8296-4aab-a129-e93042b4c7d0
2026-10-04,509583948,12:50,12:35,Pouso,São Tomé,P-62,PR-CPV S-92A,CHC,d008e010-5796-4c05-b35c-b99c2ac763b8
2026-10-04,509583669,12:55,13:02,Pouso,São Tomé,UMLI,PR-JBP S-92A,Líder,2f81dfca-f66c-4cb7-9e86-3f032fc60ae8
2026-10-04,509583956,13:05,13:01,Pouso,São Tomé,P-54,PR-CCG S-92A,CHC,f5047976-f109-46f4-a21f-339aade4e94c
2026-10-04,509583995,13:05,,Transferido,Macaé,SKNT,PS-BTO AW139,CHC,5824dc74-4f9b-4b80-ade8-51f62c96179b
2026-10-04,509583734,13:10,13:08,Pouso,Macaé,SKOL,PS-BTP AW139,Bristow,62346f0b-3fbf-4c6f-9273-7b902acd69d2
2026-10-04,509583737,13:10,13:56,Pouso,São Tomé,P-56,PR-OTS H175,Omni,1e5b565b-851b-425e-b0c0-1e4cae291f4e
2026-10-04,509583776,13:15,13:14,Pouso,São Tomé,NS31,PR-JHI AW139,Líder,453bfadd-44c8-43fa-bf70-4c4d5437ef68
2026-10-04,509583957,13:25,13:32,Pouso,São Tomé,NS44,PR-OFH H175,Omni,9c11b310-cd32-4fba-aa2b-a877f98c3a9b
2026-10-04,509583424,13:30,13:42,Pouso,Maricá,UMAC / UMTJ,PR-BGB S-92A,Omni,df9517ab-697e-4d01-9ad1-09940b371b5e
2026-10-04,509583574,13:30,,Transferido,Cabo Frio,P-67,PR-BGU S-92A,CHC,0d7e30bc-7cf9-4a0c-8ce7-012ad2617468
2026-10-04,509584358,13:30,,Transferido,Maricá,UMTJ,PR-BGB S-92A,Omni,3ad9e691-3482-4441-b039-538deecd0d31
2026-10-04,509584040,13:35,,Transferido,Maricá,NS59 / NS40,PR-CGE S-92A,CHC,7bfeb259-03dc-4b80-97a7-d20ee4c1d62a
2026-10-04,509582987,13:40,14:26,Pouso,Maricá,NS59,PR-CGE S-92A,CHC,1843f3c8-d5a9-465a-a770-3d914462a9b6
2026-10-04,509583530,13:40,14:44,Pouso,Jacarepaguá,PMLZ1,PR-OOA AW139,Omni,a2602fde-d710-4dfb-8362-4f28cf38e838
2026-10-04,509583590,13:40,13:50,Pouso,Cabo Frio,FPGU,PR-CGU AW139,CHC,c3d3290e-d00b-4a2d-a548-9d8e9e9e0644
2026-10-04,509583572,13:45,14:08,Pouso,Maricá,UMPT / P-76,PR-CHT S-92A,Omni,b92bb658-08da-4826-bf7e-1b1862308304
2026-10-04,509584075,13:45,14:11,Transferido,Cabo Frio,SATO,PR-CGT AW139,CHC,4ddf9250-5dbf-4f7a-9de0-51921c6245d5
2026-10-04,509583474,13:50,14:48,Pouso,Jacarepaguá,FPAR,PR-JBO S-92A,Líder,e75e897d-30ce-452d-8a93-565e806a8d6c
2026-10-04,509584033,13:50,13:58,Pouso,Maricá,NS62,PR-OHK S-92A,Omni,fb9dbf2a-7115-4140-8026-b31327ca612b
2026-10-04,509584051,13:50,13:55,Pouso,Cabo Frio,FPDC,PR-OHA AW139,Omni,6eefac7c-3dbf-402a-8658-967e9038f598
2026-10-04,509583581,13:55,,Transferido,Cabo Frio,P-67,PR-CGF S-92A,CHC,7661661a-216b-4737-8f96-3ba4a03aa1b9
2026-10-04,509584026,13:55,14:39,Pouso,Maricá,UMTJ,PR-CGN AW139,Omni,4b3e2cb9-77dc-470d-90c9-ce73af333f9b
2026-10-04,509583577,14:00,,Transferido,Jacarepaguá,SADI,PR-JHC AW139,Omni,370218b8-4a42-4799-99aa-c5e3c6594cba
2026-10-04,509584006,14:00,14:07,Pouso,Maricá,P-75 / P-77,PR-OHN AW139,Omni,b2fd42ab-76e6-46dc-86ff-de291d402db9
2026-10-04,509584038,14:00,,Transferido,Cabo Frio,FPAD,PS-CDR AW139,Omni,e1983e2b-847a-4033-b79b-e612cef38bb3
2026-10-04,509584032,14:05,13:50,Pouso,Maricá,FPAT,PR-CGK AW139,CHC,a09af2f9-abe4-4100-a0c8-b417c771be43
2026-10-04,509584073,14:05,,Transferido,Jacarepaguá,SKAU,PR-OOS AW139,Omni,4e81bb50-f431-4b5a-bf3d-08f1fccc0272
2026-10-04,509583594,14:10,14:20,Pouso,Jacarepaguá,P-67,PR-OTY AW189,Omni,a3702545-7a8c-4c5d-92ed-cd782b00a72e
2026-10-04,509583736,14:10,14:17,Pouso,Cabo Frio,FPGU,PR-OOT AW139,Omni,90d478ce-a0db-4906-9122-620229dbf8ea
2026-10-04,509584004,14:10,14:32,Pouso,Maricá,NS40,PR-OHV AW139,Omni,ba1713cf-e5d9-4c01-b776-f0855f839cb5
2026-10-04,509583958,14:15,15:15,Pouso,Jacarepaguá,P-71,PR-JHC AW139,Líder,d111b4f3-4113-4acb-933e-f4bfdf8ba4b9
2026-10-04,509584034,14:15,14:29,Pouso,Maricá,NS43,PR-OOL S-92A,Omni,b736c1e8-7ad8-444d-91a2-2df43a6219cf
2026-10-04,509583532,14:20,15:04,Pouso,Jacarepaguá,NS56,PR-OON AW189,Omni,1ac890be-d7c2-484b-bdb3-fb3d49e071f5
2026-10-04,509584014,14:20,,Transferido,Maricá,UMAC,PR-OOC AW139,Omni,bb5e4c4e-b5da-479c-bf72-2ed59f844b0c
2026-10-04,509584060,14:20,,Transferido,Cabo Frio,SESU,PR-CGT AW139,CHC,7f29fd03-b443-4b83-83d3-5fd68b71501b
2026-10-04,509583942,14:25,15:29,Pouso,São Tomé,P-43,PR-OTP H175,Omni,91657950-6bb7-47c6-b00b-a2be89f0b9a9
2026-10-04,509583598,14:30,,Transferido,Jacarepaguá,P-66,PR-OHG S-92A,Líder,7c70723e-e89b-46f6-9375-9785359fb7f6
2026-10-04,509584063,14:40,,Transferido,Jacarepaguá,FPAR,PR-CGO AW139,Omni,36066110-a46f-4ec5-b9d7-9917f5110b23
2026-10-04,509583599,14:45,15:03,Pouso,Jacarepaguá,P-69,PR-JBQ S-92A,Líder,e8481a97-c3c4-49e7-b03a-d8f3bffc3298
2026-10-04,509583946,15:00,,Transferido,Vitória,UMGR,PR-OHB AW139,Omni,65f83ffd-a6c6-4eba-b198-61e48b6bd860
2026-10-04,509583959,15:05,,Transferido,Jacarepaguá,FPIT,PR-EPV S-92A,Omni,c4da2a47-0b6a-49d1-8a14-422d205ae359
2026-10-04,509584054,15:05,15:02,Pouso,São Tomé,UMPC,PR-JHE AW139,Líder,c5792c6d-547a-4a9c-9f88-6d57ad0259f0
2026-10-04,509583547,15:10,15:21,Pouso,Jacarepaguá,P-68,PR-JBE S-92A,Líder,f901b6d3-1dd4-4a68-9b60-d7d833217ace
2026-10-04,509583829,15:10,15:13,Pouso,Macaé,PGP1,PR-CGD S-92A,CHC,ffa0a143-5814-47af-83d7-a68e963da0f3
2026-10-04,509583994,15:10,14:45,Pouso,Vitória,MOP1,PS-BTK AW139,Bristow,72c5e769-35ab-4bee-bf7a-e64d8149afdc
2026-10-04,509583528,15:20,,Transferido,Jacarepaguá,NS61,PR-OTU AW139,Omni,b09f687e-d543-4669-bc74-83fb0e491291
2026-10-04,509583778,15:20,15:19,Pouso,Macaé,SS83,PR-CGS AW139,CHC,d449c1b5-6ffb-421c-bfb8-69805188da5a
2026-10-04,509583960,15:20,15:12,Pouso,São Tomé,P-51,PR-WSG AW139,Bristow,41360bde-2828-4cb3-9598-caa646b8db66
2026-10-04,509583993,15:20,,Transferido,Vitória,P-58,PS-BTA AW139,Bristow,7484012d-8ef1-4192-8296-458bd1aa36f3
2026-10-04,509583828,15:25,15:14,Pouso,São Tomé,UMMA,PR-JBI S-92A,Líder,fb7a89be-6af5-41dc-9feb-b65512706572
2026-10-04,509583996,15:25,15:29,Pouso,Macaé,SAON,PS-LSC AW139,CHC,577d744e-6f2b-419a-946d-58b6d293159f
2026-10-04,509583964,15:30,15:30,Pouso,Vitória,P-57,PS-BTL AW139,Bristow,20db9469-9a0b-492a-a341-15ea74ca1fe6
2026-10-04,509583534,15:35,,Previsto,Jacarepaguá,NS54,PR-OHF S-92A,Omni,fd4ccd3e-86aa-4af8-8fc0-717c7ec43a63
2026-10-04,509583961,15:35,15:33,Pouso,São Tomé,UMLI,PR-JBP S-92A,Líder,04257400-08b1-405b-a333-2188bb4438a1
2026-10-04,509583962,15:40,15:32,Pouso,São Tomé,P-18,PR-OOQ H175,Omni,6c1e68d3-2980-4435-b641-db5d12d4c512
2026-10-04,509583997,15:45,15:09,Pouso,São Tomé,P-52,PR-CPV S-92A,CHC,5ee7fcda-c840-4044-ba95-b924d3968e10
2026-10-04,509584084,16:00,15:50,Pouso,São Tomé,UMPC,PR-JHI AW139,Líder,ac118c72-06da-431e-86af-b946689b8f01
2026-10-05,509584245,06:20,06:30,Pouso,Vitória,MOP1,PR-OHB AW139,Omni,a660cafa-deaa-42bb-b01b-c763b60be228
2026-10-05,509582940,06:30,06:32,Pouso,Cabo Frio,UMPA,PR-CGF S-92A,CHC,3c01c678-0593-4bc2-a440-cfcc55d86f51
2026-10-05,509583104,06:30,06:54,Pouso,Jacarepaguá,P-66,PR-JAR S-92A,Líder,b0a5a005-5ae5-4a92-86b0-060f87296b63
2026-10-05,509583544,06:30,06:46,Pouso,Maricá,UMTJ,PR-BGB S-92A,Omni,f1ce3d56-bc23-42bd-931c-67f5d0acf8d7
2026-10-05,509583945,06:30,06:47,Pouso,Vitória,CDAN,PR-OTX AW139,Omni,271651c3-4eb9-49c9-801c-46fefd9257e8
2026-10-05,509584230,06:30,06:56,Pouso,São Tomé,UMPC,PR-JBP S-92A,Líder,b6e46d16-15f7-4a38-a07e-b84dec434729
2026-10-05,509583959,06:35,06:47,Pouso,Jacarepaguá,FPIT,PR-OTY AW189,Omni,e13ee9b5-3517-4a7e-9289-3d0cc7752a0a
2026-10-05,509584012,06:35,06:34,Pouso,Maricá,NS28,PR-BGT S-92A,CHC,ac6b3c3c-5e78-482a-8bcf-d8e7a90b937b
2026-10-05,509584079,06:35,06:39,Pouso,Macaé,P-09,PS-LSC AW139,CHC,9a486c31-4666-4c86-9625-8de1fc14d008
2026-10-05,509584268,06:35,06:50,Pouso,São Tomé,FPAN,PR-OTP H175,Omni,fe7e7bac-7110-4a46-a9ac-288310711a75
2026-10-05,509583944,06:40,06:45,Pouso,Vitória,P-58,PS-BTK AW139,Bristow,72eae7bf-08a0-4565-bc79-efb0cca1704f
2026-10-05,509584005,06:40,06:49,Pouso,Maricá,P-77 / P-76,PR-CGN AW139,Omni,471a9515-be30-48d0-9bed-262e6b26eba4
2026-10-05,509584011,06:40,06:59,Pouso,Jacarepaguá,NS33,PR-EPV S-92A,Líder,0f6c8588-bb3c-4e9c-a6df-4105bdd1a38d
2026-10-05,509584060,06:40,06:34,Pouso,Cabo Frio,SESU,PR-CGT AW139,CHC,79ebf0e7-e19f-4c7f-aab0-e4678c9802ec
2026-10-05,509584257,06:40,06:29,Pouso,São Tomé,UMVT,PR-CPV S-92A,CHC,bd5187b5-b008-4273-a1b3-5744acfcb246
2026-10-05,509583577,06:45,07:04,Pouso,Jacarepaguá,SADI,PR-OOS AW139,Omni,986dea4f-df4b-4e25-ae9d-63812dc1e3ae
2026-10-05,509583739,06:45,06:51,Pouso,Macaé,SS73,PS-BTP AW139,Bristow,70c4ebad-5afe-424e-a5db-77cba01d0b28
2026-10-05,509584028,06:45,06:58,Pouso,Maricá,P-79,PR-CGK AW139,CHC,6fb38e1a-30d9-4793-a7b2-06a3dc51e4e3
2026-10-05,509584156,06:45,07:01,Pouso,São Tomé,FSME / PRA-1,PR-JHI AW139,Líder,633ce519-f609-4d79-96f0-3d509970c6ed
2026-10-05,509583992,06:50,06:49,Pouso,Vitória,UMGR,PS-BTA AW139,Bristow,9ff951fc-53ab-470d-b46f-e1c7f823d337
2026-10-05,509584018,06:50,07:08,Pouso,Jacarepaguá,UMAR,PR-JKJ S-92A,Líder,f35f6148-c4f6-452f-9dc0-aeeef0353630
2026-10-05,509584035,06:50,07:10,Pouso,Maricá,P-75 / UMPT,PR-CHT S-92A,Omni,98602437-5fc4-40c9-b6de-50c7e6ebfd0c
2026-10-05,509584068,06:50,06:52,Pouso,São Tomé,UMMA,PR-OOQ H175,Omni,1b64d879-f37a-46ba-aaff-7eed3c584d53
2026-10-05,509584220,06:50,06:55,Pouso,Macaé,NS60,PS-CDT AW139,CHC,f11a669b-d0c1-48e2-978f-857ef4c51b3c
2026-10-05,509583949,06:55,07:13,Pouso,Jacarepaguá,FPPA,PR-OON AW189,Omni,d372c5be-d76e-492d-9021-59eb0f0e78ab
2026-10-05,509584027,06:55,07:08,Pouso,Maricá,P-78,PR-CGE S-92A,CHC,afbe4b99-d05d-4eba-8879-794ec4544da4
2026-10-05,509584222,06:55,07:05,Pouso,São Tomé,P-47 / P-38,PR-WSG AW139,Bristow,07716ba0-2e2e-4cf1-af43-c95da112e3be
2026-10-05,509583534,06:57,07:06,Pouso,Jacarepaguá,NS54,PR-OHF S-92A,Omni,16c0b587-3b7a-4e3d-bf10-3e91eba3d00b
2026-10-05,509583575,07:00,06:53,Pouso,Cabo Frio,SEOC,PR-CGU AW139,CHC,36f857f6-5ca0-4d7b-9814-cb34245ec4e1
2026-10-05,509583648,07:00,06:56,Pouso,Maricá,UMAC,PR-OHK S-92A,Omni,bd01cb34-fb2e-4f44-8a99-e25264347cbb
2026-10-05,509583995,07:00,07:04,Pouso,Macaé,SKNT,PR-CGS AW139,CHC,45029798-2e82-4cb0-9148-8ef3a3b8069a
2026-10-05,509584010,07:00,07:41,Pouso,Jacarepaguá,FPCR,PR-JBE S-92A,Líder,754ae8b5-9bff-4c25-9412-f1672d0c5c58
2026-10-05,509584231,07:00,06:59,Pouso,São Tomé,UMVV,PR-OTN H175,Omni,8c2bb48b-473a-4a1e-bf79-52222a7158cb
2026-10-05,509584301,07:00,07:00,Pouso,Aracaju,PA39,PR-AIE H145,Líder,be61daa4-d740-4af5-8916-c9bd5bd21e30
2026-10-05,509583998,07:05,10:26,Pouso,Jacarepaguá,FPCS,PR-OOA AW139,Omni,9847c7cf-eabb-403d-8781-01d743ad7de5
2026-10-05,509584013,07:05,,Transferido,Maricá,UMTJ,PR-OHV AW139,Omni,ebe106bb-034a-4421-88e8-62308757cb6c
2026-10-05,509584039,07:05,06:59,Pouso,Cabo Frio,FPGU,PR-OHA AW139,Omni,9431de8b-0009-442e-ae08-e14d0ac5984f
2026-10-05,509584048,07:05,07:17,Pouso,São Tomé,UMLI,PR-JBI S-92A,Líder,40d30b33-e033-4ea3-8539-4b54862a1d16
2026-10-05,509583649,07:10,07:14,Pouso,Maricá,NS40,PR-OHV AW139,Omni,2e240cb1-6257-418b-b472-fa93c3e0d2f2
2026-10-05,509583965,07:10,07:26,Pouso,Vitória,NS52,PS-BTL AW139,Bristow,86da0f04-7ed7-4769-abd4-d4872cb99e47
2026-10-05,509584016,07:10,07:04,Pouso,Cabo Frio,FPDC,PS-CDR AW139,CHC,c6c12f07-9cb0-4ccb-a86f-3ad675028d3d
2026-10-05,509584064,07:10,07:27,Pouso,Jacarepaguá,P-67,PR-OOR AW189,Omni,1edfa210-4fba-46d7-90b9-824c58167d13
2026-10-05,509584069,07:10,07:08,Pouso,São Tomé,P-56,PR-JHE AW139,Líder,be1250e7-7009-4098-ae56-b294ff19d6f7
2026-10-05,509583528,07:12,07:34,Pouso,Jacarepaguá,NS61,PR-OTU AW139,Omni,51796801-e868-40f2-9df9-70653dc26e41
2026-10-05,509584000,07:15,07:24,Pouso,Jacarepaguá,PMXL,PR-OOA AW139,Omni,cd6bf7a0-a84e-42ec-9de6-7ceb8cac128e
2026-10-05,509584029,07:15,07:34,Pouso,Maricá,UMTJ,PR-OOL S-92A,Omni,154c24d1-0dc1-4ba8-a663-6de57d6d2910
2026-10-05,509584307,07:15,07:11,Pouso,São Tomé,P-25 / NS63,PR-OTS H175,Omni,1163d3b6-259d-47e8-a5f6-b3df764e6a42
2026-10-05,509583578,07:20,07:35,Pouso,Cabo Frio,SATO,PR-BGZ AW139,CHC,f2b12fd9-933b-422f-a17d-aa1684a80ec0
2026-10-05,509584014,07:20,07:27,Pouso,Maricá,UMAC,PR-OOC AW139,Omni,830bd89e-e7ed-4939-831a-c2e5bf6710a7
2026-10-05,509584070,07:20,07:28,Pouso,Cabo Frio,FPGU,PR-OOT AW139,Omni,f0f6fb8b-b1ed-41b0-9919-311a53876fc9
2026-10-05,509584087,07:20,07:29,Pouso,Jacarepaguá,FPMA,PR-JBQ S-92A,Líder,ebcedd60-ec43-4ad7-9951-d6956c6e4edb
2026-10-05,509584081,07:25,07:31,Pouso,Jacarepaguá,SADI,PR-OHR AW139,Omni,6b529400-5789-419b-8609-867a1b180dff
2026-10-05,509584273,07:25,07:31,Pouso,Maricá,P-79,PR-CGW AW139,CHC,9dad1dcb-d84b-4139-9c34-1b9648502702
2026-10-05,509583210,07:30,07:33,Pouso,Jacarepaguá,FPSP,PR-OHG S-92A,Omni,f69fb85c-b300-442d-afe9-b433d0f20462
2026-10-05,509583598,07:35,07:47,Pouso,Jacarepaguá,P-66,PR-JBO S-92A,Líder,182b7196-d24f-4863-87ec-b0ee562ba6c8
2026-10-05,509583469,07:40,07:45,Pouso,Jacarepaguá,NS33,PR-CGO AW139,Omni,8f094bb1-ac2f-491e-b81e-f4c3766255cb
2026-10-05,509583999,07:45,07:48,Pouso,Jacarepaguá,P-71,PR-OHJ AW139,Omni,174cde6e-122b-44a3-8e1f-c647a32ebacb
2026-10-05,509584085,07:50,07:49,Pouso,Jacarepaguá,P-69,PR-OHL AW139,Omni,38472afa-645e-43d8-8289-d77d4b4140c7
2026-10-05,509584365,08:00,09:01,Pouso,Salvador,PMNT1,PR-OFE H145,Omni,0f5e0bda-7184-4964-b578-6f9a390207bd
2026-10-05,509584263,08:20,08:19,Pouso,Aracaju,PA38,PR-AIE H145,Líder,422ffa24-a76c-4112-ba10-dbb1da76f211
2026-10-05,509583646,08:40,08:37,Pouso,Vitória,UMGR,PR-OHB AW139,Omni,c4748da2-814e-4bb0-8246-8221315ab4ab
2026-10-05,509584422,08:40,08:56,Pouso,Jacarepaguá,UMAR,PR-JKJ S-92A,Líder,fa6016d9-e9ad-4c16-9fc5-d4ceb4d67dd7
2026-10-05,509584240,08:55,08:56,Pouso,São Tomé,P-20,PR-JBP S-92A,Líder,474b160e-b7f3-405a-8a53-c725039f71f3
2026-10-05,509583946,09:10,09:11,Pouso,Vitória,UMGR,PR-OTX AW139,Omni,0f2eb45c-1240-4f1a-ba85-9bd385747045
2026-10-05,509584356,09:10,09:26,Pouso,São Tomé,P-48 / P-56,PR-OTP H175,Omni,703ca9dd-e42f-42e9-b00f-30e8c0d814a5
2026-10-05,509584304,09:15,09:16,Pouso,São Tomé,FPAG,PS-BTF AW139,Bristow,ae8e5726-c8e6-4a5f-a203-0a2a2fbd9c7c
2026-10-05,509583993,09:20,09:27,Pouso,Vitória,P-58,PS-BTK AW139,Bristow,20715201-0450-4ae0-b180-b33df09fe9e4
2026-10-05,509584258,09:25,09:59,Pouso,São Tomé,UMVV,PR-CPV S-92A,CHC,a4ec7943-c0d1-4117-bd3b-c91b4c3994ae
2026-10-05,509584325,09:25,09:30,Pouso,Macaé,PGP1,PR-CGD S-92A,CHC,6c14d6e8-eef4-4e90-8f02-6b28fb4c7537
2026-10-05,509583966,09:30,09:05,Pouso,Vitória,SARU,PS-BTA AW139,Bristow,e31f1e94-c0c9-43d5-a9cd-d2af69b0c45e
2026-10-05,509584047,09:30,09:26,Pouso,Macaé,SS83,PS-LSC AW139,CHC,761657cf-4ee5-447c-9651-9251bd61b4ca
2026-10-05,509584157,09:30,09:40,Pouso,São Tomé,P-18 / P-53,PR-JBI S-92A,Líder,41210554-4d89-4dd3-919b-17c400c363ab
2026-10-05,509583954,09:40,09:43,Pouso,Vitória,SS81 / P-57,PS-BTL AW139,Bristow,8d442035-10b4-4e56-ac17-9ab5ad1fd927
2026-10-05,509584050,09:40,09:55,Pouso,Maricá,UMAC,PR-BGB S-92A,Omni,f2a042ff-bd72-4423-ade0-1829e5071ec0
2026-10-05,509584423,09:40,09:55,Pouso,Macaé,SKBU,PS-BTO AW139,Bristow,7292fdb0-c488-42d4-93fc-2f89296b773e
2026-10-05,509584007,09:45,10:02,Pouso,Maricá,NS38 / P-75,PR-BGT S-92A,CHC,30c69614-4f19-4f0c-bf05-3d9f9a68b8c2
2026-10-05,509584221,09:45,09:51,Pouso,Macaé,FPCG,PS-CDT AW139,CHC,a5332b49-aa2e-48ed-863c-ab4688dabc8d
2026-10-05,509584270,09:45,09:37,Pouso,São Tomé,UMVT,PR-OTN H175,Omni,10944587-192b-4c51-a4bb-942c7490c32e
2026-10-05,509584300,09:50,09:46,Pouso,Aracaju,PA38,PR-AIE H145,Líder,36551d0e-1dc4-431c-bd22-1f978f7ace97
2026-10-05,509584312,09:50,09:58,Transferido,Maricá,UMAC,PR-CGN AW139,Omni,2d12716b-5cbc-4cea-b224-18beb1bc6007
2026-10-05,509584073,09:55,,Transferido,Jacarepaguá,SKAU,PR-OHR AW139,Omni,3f469f34-c703-4171-abf2-86418d659664
2026-10-05,509584103,09:55,10:01,Pouso,Macaé,NS58,PR-CGS AW139,CHC,a77dad42-d958-470f-a807-974d133a1ceb
2026-10-05,509584306,09:55,10:02,Pouso,São Tomé,NS31,PR-JHI AW139,Líder,9f983cd9-c5aa-47bf-abd0-502e2d46b54c
2026-10-05,509584341,09:55,10:00,Transferido,Maricá,NS59,PR-CGK AW139,Omni,e41a3094-71c2-4dc2-83b6-e2c73db4c07c
2026-10-05,509584025,10:00,10:53,Pouso,Jacarepaguá,NS55,PR-OHF S-92A,Omni,90243563-5651-4c06-b080-aff5d34b59c2
2026-10-05,509584106,10:00,10:04,Pouso,São Tomé,P-47,PR-JHE AW139,Líder,da1fb371-323e-49cb-89c7-8dcf94444201
2026-10-05,509583581,10:05,10:21,Pouso,Cabo Frio,P-67,PR-CGF S-92A,CHC,537ab4c4-bc3d-4812-824d-b128f65eab5f
2026-10-05,509584020,10:05,10:03,Pouso,Jacarepaguá,NS56,PR-EPV S-92A,Líder,69beadad-2b35-4046-872a-096e7d7e0dc1
2026-10-05,509584040,10:05,13:04,Pouso,Maricá,NS59 / NS40,PR-CGE S-92A,CHC,ecdea4b5-e937-4f0f-a50b-c8a0031e9f5d
2026-10-05,509584001,10:10,10:35,Pouso,Jacarepaguá,P-70,PR-OTY AW189,Omni,c4a8091f-c948-427b-99ce-e4babcec1e97
2026-10-05,509584061,10:10,10:05,Pouso,Cabo Frio,FPPL,PR-CGU AW139,CHC,d9d76a3f-40d6-447a-ac2d-0523b4d8f414
2026-10-05,509584280,10:10,12:34,Pouso,São Tomé,UMVT,PR-CCG S-92A,CHC,158f0a55-e1a1-4299-a9e5-0562a452a4da
2026-10-05,509584340,10:10,,Transferido,Maricá,P-78,PR-OHN AW139,CHC,e2b80a88-55c8-4be6-8b12-760c8ca1345d
2026-10-05,509584361,10:10,10:40,Pouso,Oiapoque,NS42,PR-OOX AW189,Omni,56ceda9b-0497-45c7-9e5b-e62818dace56
2026-10-05,509584358,10:12,13:28,Pouso,Maricá,UMTJ,PR-CHT S-92A,Omni,6ad66aeb-60db-4012-9531-28af7e78aaf8
2026-10-05,509583475,10:15,11:08,Pouso,Jacarepaguá,NS45,PR-OTU AW139,Omni,6ef69355-91f5-4a33-9456-a81355f71961
2026-10-05,509584080,10:15,09:59,Pouso,Cabo Frio,FPGU,PR-OHA AW139,Omni,cade73c3-d8a5-4927-bf88-df69e502f0eb
2026-10-05,509584223,10:15,10:13,Pouso,São Tomé,UMMA,PR-OOQ H175,Omni,444940d5-7fb8-4267-ae74-5dcd0db3a0ff
2026-10-05,509584352,10:15,10:37,Pouso,Cabo Frio,SESU,PR-BGZ AW139,CHC,328f3db6-aa36-45fb-946c-202796352618
2026-10-05,509584357,10:15,,Transferido,Maricá,P-74,PR-OHK S-92A,Omni,ed2b49b9-22dc-4297-b2f1-cd656bfb3398
2026-10-05,509584071,10:20,10:19,Pouso,Cabo Frio,FPSE,PS-CDR AW139,CHC,c542e643-fc89-494c-9bff-648a742a973e
2026-10-05,509584286,10:20,,Transferido,Maricá,NS40,PR-OHV AW139,Omni,52633ada-f493-4428-85b6-86141f9cf9be
2026-10-05,509584038,10:25,10:31,Pouso,Cabo Frio,FPAD,PR-OOT AW139,Omni,f22f0ed8-8dc6-4cb0-8177-57e94e4abd1a
2026-10-05,509584041,10:25,13:54,Pouso,Maricá,UMPT,PR-OOL S-92A,Omni,fe18d484-b49d-4d18-851d-568f6c361e33
2026-10-05,509584344,10:25,11:05,Pouso,Jacarepaguá,PMXL,PR-OOS AW139,Omni,42ad2986-c41a-4113-874a-4bc3f1a62d6e
2026-10-05,509584002,10:30,15:28,Pouso,Jacarepaguá,FPSP,PR-OHL AW139,Omni,2b289b81-940f-410e-8947-63187e0ddb8f
2026-10-05,509584125,10:30,,Transferido,Maricá,P-78,PR-OOC AW139,Omni,bcc98507-a8ae-4065-bc15-db19ff2856f0
2026-10-05,509584313,10:30,14:22,Decolagem,Oiapoque,NS42,PR-OOX AW189,Omni,58bd6406-5a39-487f-817f-c0ff3cf67ab3
2026-10-05,509584021,10:35,10:37,Pouso,Jacarepaguá,UMAR,PR-JKJ S-92A,Líder,75d190bb-c47f-4c4f-b8f0-125a4921c6df
2026-10-05,509584285,10:35,,Transferido,Maricá,FPAB,PR-CGW AW139,Omni,349420c5-d9e7-4754-9cf5-cd58aefd56f4
2026-10-05,509584360,10:35,,Transferido,Cabo Frio,SATO,PR-BGZ AW139,CHC,8c2af83c-bd91-4652-b8c8-ef3f67c1d758
2026-10-05,509584063,10:40,11:22,Pouso,Jacarepaguá,FPAR,PR-OON AW189,Omni,2dd9f87c-08c3-45fc-9647-ce1b185bde35
2026-10-05,509584266,10:45,11:50,Pouso,Jacarepaguá,FPMR,PR-JBE S-92A,Líder,d5bb7019-a4ba-4305-a7f6-f73e00458eed
2026-10-05,509584003,10:55,10:56,Pouso,Jacarepaguá,NS47,PR-JBQ S-92A,Líder,90f8d4d5-ef79-4c1a-96a3-1df4abadd147
2026-10-05,509584362,11:00,11:19,Pouso,Jacarepaguá,UMAR,PR-OOR AW189,Omni,7004251d-ec41-4426-ac4f-2c34bbf5c203
2026-10-05,509583947,11:10,11:04,Pouso,Vitória,UMGR,PR-OHB AW139,Omni,3d3ca681-caef-4e9d-b5fc-3c225e45e282
2026-10-05,509584107,11:20,11:11,Pouso,São Tomé,UMPC,PR-JBP S-92A,Líder,c95c3a3f-99fa-47ec-8749-c2b1fdb89187
2026-10-05,509584308,11:30,11:32,Pouso,Jacarepaguá,NS33,PR-JBO S-92A,Líder,4d9b0427-4473-4818-9312-b0660b16558e
2026-10-05,509584017,12:10,12:38,Transferido,Jacarepaguá,SAES,PR-OHJ AW139,Omni,30077dea-5989-45a6-9232-b291bd516047
2026-10-05,509584109,12:10,12:13,Pouso,Vitória,P-58,PR-OTX AW139,Omni,a2542fee-d6bc-4f33-ba83-955b646cf4b0
2026-10-05,509584328,12:10,12:25,Pouso,Jacarepaguá,UMAR,PR-JKJ S-92A,Líder,b16ed311-afc9-409c-be9b-2ae3bbbaa5b0
2026-10-05,509584229,12:20,12:37,Pouso,Vitória,FPMQ,PS-BTK AW139,Bristow,bfa479e7-e2f5-45d2-9150-89571356c29a
2026-10-05,509584086,12:30,12:45,Pouso,Jacarepaguá,FPIB,PR-CGO AW139,Omni,6ee5c5a7-e5fa-48ba-b7eb-7f4da44c2f59
2026-10-05,509584254,12:30,12:38,Pouso,Vitória,UMGR,PS-BTA AW139,Bristow,f7baa70e-e634-402e-97e0-60f81d6b7319
2026-10-05,509584241,12:35,12:31,Pouso,São Tomé,P-43,PR-JHE AW139,Líder,29c51f42-04cf-41c5-9d82-23379cf6d689
2026-10-05,509584122,12:40,12:56,Pouso,Macaé,SS92,PS-BTP AW139,Bristow,5f38be98-7342-4705-af4b-b6823fe85ace
2026-10-05,509584158,12:40,12:58,Pouso,São Tomé,NS32,PR-JKM S-92A,Líder,73316686-c357-4c46-9bd2-5fcdd5184537
2026-10-05,509584249,12:45,12:47,Pouso,São Tomé,P-52,PR-CPV S-92A,CHC,55a0f632-4c7d-4551-a896-31ac92824cce
2026-10-05,509584224,12:50,12:55,Pouso,São Tomé,SS75,PR-WSG AW139,Bristow,7c4db7a4-2ae9-4752-a14e-35e8c094112c
2026-10-05,509584104,12:55,12:48,Pouso,Macaé,PNA2,PS-LSC AW139,CHC,2a6b6e88-8042-4de4-8863-4309eea09f0d
2026-10-05,509584225,12:55,13:07,Pouso,São Tomé,P-51,PR-JBI S-92A,Líder,746e6fd4-d6b7-40e4-917f-e997144112c8
2026-10-05,509583518,13:00,12:52,Pouso,São Tomé,P-54,PR-OTN H175,Omni,c25d7d92-c2c3-49d8-aadb-1f8300763e36
2026-10-05,509584252,13:00,12:51,Pouso,Macaé,SKOL,PS-CDT AW139,CHC,44ea2257-9fcf-478a-8399-0f3f3e896cb2
2026-10-05,509584260,13:00,12:59,Pouso,Vitória,P-57,PS-BTL AW139,Bristow,f06db018-9f29-4b0b-8ec6-6876c7cefe48
2026-10-05,509583574,13:20,14:29,Pouso,Cabo Frio,P-67,PR-CGF S-92A,CHC,4271aa67-4bb2-44bf-b448-f0252fc180f2
2026-10-05,509584108,13:20,13:20,Pouso,Macaé,SAON,PR-CGS AW139,CHC,cbae5b3c-9587-48ab-9e53-446ace2a3f6a
2026-10-05,509584159,13:20,13:13,Pouso,São Tomé,NS31 / PRA-1,PR-JHI AW139,Líder,4e92455f-a8b8-4397-927e-37fcae5f7e94
2026-10-05,509584242,13:20,13:50,Transferido,Jacarepaguá,SAES,PR-OOA AW139,Omni,c9ccd903-a792-4b33-b141-3d7579b5d266
2026-10-05,509584023,13:25,14:45,Pouso,Jacarepaguá,NS61,PR-OHF S-92A,Omni,ef93c785-606c-4151-975c-6d002e07cc08
2026-10-05,509584123,13:25,13:28,Pouso,São Tomé,P-56,PR-OOQ H175,Omni,fd21e719-f3ce-4cf6-b821-e36771436c2f
2026-10-05,509583535,13:30,14:56,Pouso,Jacarepaguá,NS55,PR-OTU AW139,Omni,28f5a63a-584b-4baa-a0aa-7a17006d94d0
2026-10-05,509584281,13:30,14:44,Pouso,São Tomé,P-55 / P-62,PR-CCG S-92A,CHC,440492ac-556f-49a5-b43a-d236a5cb1d67
2026-10-05,509584233,13:40,,Transferido,Maricá,UMTJ,PR-OOL S-92A,Omni,3e7ea47d-e1c2-450b-a576-03de390f3aec
2026-10-05,509584247,13:40,14:04,Pouso,Vitória,UMGR,PR-OHB AW139,Omni,04c77abe-4fb1-4d3e-aa43-eb3cb18c090c
2026-10-05,509584267,13:40,13:37,Pouso,Cabo Frio,FPGU,PR-CGU AW139,CHC,07f3963f-ade5-4efe-aea3-0021e6821d4f
2026-10-05,509584363,13:40,15:25,Pouso,Jacarepaguá,UMAR,PR-OHG S-92A,Omni,71c58b11-dc8a-476a-ac2f-a1f0ee080fb1
2026-10-05,509584272,13:45,13:42,Pouso,Cabo Frio,FPSE,PR-OHA AW139,Omni,3182ec01-31e6-41f2-97f5-290251f9fa85
2026-10-05,509584227,13:50,13:47,Pouso,Jacarepaguá,PMLZ1,PR-OHR AW139,Omni,4cb63c09-667e-4628-ae28-44e1423a5dd1
2026-10-05,509584303,13:50,13:48,Pouso,Cabo Frio,FPDC,PS-CDR AW139,CHC,c2a73b25-b184-4c76-a45d-07d224757940
2026-10-05,509584354,13:50,,Transferido,Oiapoque,NS42,PR-OOY AW189,Omni,45bc9e07-d4be-4c48-9141-91875c2b9dc0
2026-10-05,509584284,13:55,14:06,Pouso,Maricá,P-76,PR-BGB S-92A,Omni,d9d985da-e000-4d21-a8f7-d4fc9b448910
2026-10-05,509584310,13:55,14:01,Pouso,Cabo Frio,FPAD,PR-OOT AW139,Omni,330cdf92-b1c1-4693-b06b-5ff2d179b50d
2026-10-05,509584287,14:00,14:29,Pouso,Maricá,NS43,PR-OHV AW139,Omni,043a7d0d-2200-4b9d-87a4-3c5ee259813f
2026-10-05,509584226,14:05,14:53,Pouso,Jacarepaguá,P-71,PR-OOS AW139,Omni,881c0235-600a-47da-92b6-81142c1c4d05
2026-10-05,509584296,14:05,14:19,Pouso,Maricá,P-75,PR-OOC AW139,Omni,7ecf5a7d-7c58-458f-921d-93403317be2b
2026-10-05,509584037,14:10,14:10,Transferido,Cabo Frio,UMPA,PR-BGU S-92A,CHC,6aba4b6a-462c-49f4-bfeb-469803e32e84
2026-10-05,509584305,14:10,14:18,Pouso,Jacarepaguá,P-69,PR-EPV S-92A,Líder,f4c33039-1975-47e4-b518-e735a4503531
2026-10-05,509584342,14:10,,Transferido,Maricá,NS40,PR-CGW AW139,Omni,ce899c87-a7dc-4f8e-8a7c-a89e9e4901d6
2026-10-05,509584282,14:15,14:43,Pouso,Jacarepaguá,NS56,PR-OTY AW189,Omni,5de4e413-7825-48a9-b3bd-a72a746ee735
2026-10-05,509584288,14:15,14:46,Pouso,Maricá,P-77,PR-BGT S-92A,CHC,98b79fcd-e478-48cb-868b-37731693a436
2026-10-05,509584347,14:18,14:28,Pouso,Maricá,P-74 / P-77,PR-CGN AW139,Omni,7b8535b3-cfbb-4615-bcd1-ed18bef21323
2026-10-05,509584274,14:20,15:04,Pouso,Maricá,FPAT,PR-OHK S-92A,Omni,1b1af80a-ed76-491b-b8c6-9b0f0b3f0bd5
2026-10-05,509584292,14:20,14:38,Pouso,Jacarepaguá,UMAR,PR-JKJ S-92A,Líder,597714ef-686d-44fb-93d4-63be7f827841
2026-10-05,509584353,14:20,14:26,Pouso,Cabo Frio,WAVE,PR-BGZ AW139,CHC,94bdbea4-72ff-45a9-a6ee-626cc8d6f158
2026-10-05,509584243,14:25,14:50,Pouso,São Tomé,UMLI,PR-OTP H175,Omni,d05f00eb-917e-4728-9d13-e310259636a7
2026-10-05,509584297,14:25,,Transferido,Maricá,UMAC,PR-CGE S-92A,Omni,95297e6a-c2ce-41a6-9a94-fe6a790821d0
2026-10-05,509584320,14:25,14:37,Pouso,Jacarepaguá,P-68,PR-OOR AW189,Omni,acfd75bf-3713-4a3b-be51-570e47ba3273
2026-10-05,509584075,14:30,14:35,Pouso,Cabo Frio,SATO,PR-CGT AW139,CHC,83b5bd39-e7af-4085-9a4f-8a05f5e49ab1
2026-10-05,509584289,14:30,14:43,Pouso,Maricá,NS62,PR-OHN AW139,Omni,fd80179f-da72-46ab-8061-ecf0e8a210b9
2026-10-05,509584291,14:30,14:33,Pouso,Jacarepaguá,FPPA,PR-JAR S-92A,Líder,ace268ba-1f11-45ac-904a-4bc21f861890
2026-10-05,509584269,14:35,15:30,Pouso,Jacarepaguá,NS47,PR-JBE S-92A,Líder,ba57c824-2e16-4d0a-b630-1e4c5fd93b03
2026-10-05,509584350,14:35,,Transferido,Maricá,NS28,PR-CHT S-92A,Omni,98a596e5-dbcd-4173-9af3-10f9fc651f8e
2026-10-05,509584326,14:40,14:54,Pouso,Jacarepaguá,P-66,PR-JBQ S-92A,Líder,92f51f2c-463d-43f3-a2f7-4c8b1aab4704
2026-10-05,509584351,14:40,14:27,Pouso,Maricá,NS38,PR-CGK AW139,CHC,393ea87b-fd45-4d09-b6ec-4fc51d320e7b
2026-10-05,509584265,14:45,,Transferido,Jacarepaguá,P-70,PR-OHL AW139,Líder,79af05cd-3f2f-45fd-a1c6-fc8850d8f968
2026-10-05,509584283,14:50,14:57,Pouso,Jacarepaguá,FPSA,PR-JBO S-92A,Líder,a2e42931-b9d1-4bc5-a0a1-97b7c8e17e25
2026-10-05,509584250,14:55,,Transferido,Jacarepaguá,FPCS,PR-JHC AW139,Omni,8b2ed577-d9b6-459c-bf40-a601c48f2536
2026-10-05,509584349,15:00,15:07,Pouso,Salvador,PMNT1,PR-OFE H145,Omni,34ee289c-287f-4770-96cb-28daee80fc8e
2026-10-05,509584295,15:05,15:05,Pouso,São Tomé,PRA-1,PS-BTF AW139,Bristow,ba80b5cb-0aee-4672-98cb-a3572c378e7f
2026-10-05,509583517,15:10,15:11,Pouso,Vitória,MOP1,PR-OTX AW139,Omni,b3354f69-045e-4bfc-bf9f-fa36e6305540
2026-10-05,509584251,15:10,15:47,Pouso,São Tomé,P-48,PR-JHI AW139,Líder,0992a251-e441-4880-a7d3-96de0d2a9839
2026-10-05,509584105,15:20,,Transferido,Macaé,NS41,PS-BTP AW139,Bristow,b229e89a-0a61-4f9d-9953-f18c00c1fcaf
2026-10-05,509584248,15:20,15:15,Pouso,Vitória,UMGR,PS-BTK AW139,Bristow,d2632d84-b8dd-4f72-9f88-2eea0e043a8b
2026-10-05,509584228,15:25,15:08,Pouso,São Tomé,UMLI,PR-JBP S-92A,Líder,ae68a3ee-1984-44ac-a6fd-783491df73b0
2026-10-05,509582870,15:30,,Previsto,Eduardo Gomes (Manaus),SBEG / SBUY,PR-AKE ATR-72-600,Azul,e15c8925-7e51-4c3a-8d4e-2fcbb1d20a46
2026-10-05,509583519,15:30,14:58,Pouso,São Tomé,UMVV,PR-CPV S-92A,CHC,a151cf29-0ef0-40f6-8132-72456d863254
2026-10-05,509584261,15:30,15:08,Pouso,Vitória,SS81,PS-BTA AW139,Bristow,1c9a7acf-8648-4e8b-81c2-c9f8afc2fb1c
2026-10-05,509584348,15:30,15:28,Pouso,Jacarepaguá,UMAR,PR-OON AW189,Omni,ef77acfe-2245-464a-bbf2-48930bce7aeb
2026-10-05,509584244,15:35,15:34,Pouso,São Tomé,UMMA,PR-JBI S-92A,Líder,ba30dd24-89c5-4eed-8ffe-8b2eb14afa2f
2026-10-05,509584259,15:40,15:44,Pouso,São Tomé,NS44 / P-55,PR-OTN H175,Omni,7179e666-b62b-4337-8368-f01badb25056
2026-10-05,509584346,15:40,15:29,Pouso,Macaé,NS41,PS-LSC AW139,CHC,061a704f-a20c-42bc-ab82-b9b2bfdbeb13
2026-10-05,509584253,15:45,15:34,Pouso,São Tomé,NS51,PR-WSG AW139,Bristow,57f72e9b-2f6f-432e-ae23-1712ce5b644f
2026-10-05,509584262,15:50,15:42,Pouso,Vitória,SARU,PS-BTL AW139,Bristow,7820ae3a-67e3-402f-9517-6223d9de8ad1
2026-10-05,509584364,15:50,15:45,Pouso,Jacarepaguá,UMAR,PR-OHG S-92A,Omni,8c172df7-472f-42dc-9255-822416fd9a81
2026-10-05,509584155,16:00,15:44,Pouso,Macaé,UMPC,PS-CDT AW139,CHC,a1f39694-ccc5-479e-a715-abe73edaeb55
2026-10-05,509584255,16:10,,Transferido,Vitória,UMGR,PR-OHB AW139,Omni,46285a69-20b6-4ac9-a1d8-52cae6d2808b
2026-10-05,509584404,17:30,,Previsto,Macapá,SBOI / SBMQ,PR-AKF ATR-72-600,Azul,25d173cb-9976-432b-9283-31673162421d
2026-10-05,509583002,18:00,,Previsto,Eduardo Gomes (Manaus),SBUY / SBEG,PR-AKE ATR-72-600,Azul,14bea4d9-8da8-4c5f-876f-f163bfeec23a
2026-10-06,509584511,06:20,06:39,Pouso,Vitória,MOP1,PR-OHB AW139,Omni,e918cdcf-6190-4e77-9a09-83316cc68a7c
2026-10-06,509584015,06:30,07:26,Pouso,Cabo Frio,UMPA,PR-CGF S-92A,CHC,4198cbed-369c-4e3a-828b-e72e5ca1e802
2026-10-06,509584290,06:30,06:39,Pouso,Vitória,SKRE,PS-BTK AW139,Bristow,27c01d2d-8fd6-455c-b2c0-98d58bc8cacd
2026-10-06,509584293,06:30,06:58,Pouso,Jacarepaguá,UMPA,PR-CGO AW139,Omni,5e6cf138-529c-4aa8-b797-1b14bb90ff34
2026-10-06,509584321,06:30,06:43,Pouso,Maricá,UMPT,PR-OOL S-92A,Omni,86331498-6f21-4fd9-b124-20eaf6f4cf32
2026-10-06,509584532,06:30,06:37,Pouso,São Tomé,P-43,PR-JBI S-92A,Líder,e9633e91-d8a2-4cb0-a055-fb84ded7fc38
2026-10-06,509584635,06:30,06:36,Pouso,Macaé,SAON,PS-LSC AW139,CHC,2fb3181f-9573-4ce5-a61a-8fec89e6d456
2026-10-06,509584343,06:33,06:54,Pouso,Jacarepaguá,NS55,PR-OOP H175,Omni,5f743de6-7630-45c4-91d1-96a27b0f6c42
2026-10-06,509584125,06:35,06:55,Pouso,Maricá,P-78,PR-CGN AW139,Omni,433590c2-52d4-4e6a-b268-f2921a0adda5
2026-10-06,509584265,06:35,06:32,Pouso,Jacarepaguá,P-70,PR-JBO S-92A,Líder,8212b1ad-6392-4f90-816f-3da3abaa5317
2026-10-06,509584294,06:35,06:33,Pouso,Cabo Frio,SEOC,PR-OHA AW139,Omni,e7dcaedf-6fed-4a08-886e-81d5a44e3a24
2026-10-06,509584533,06:35,06:46,Pouso,São Tomé,P-31,PR-JHI AW139,Líder,44c5bbb7-d340-44df-a23a-89d024ba8b52
2026-10-06,509584105,06:40,06:42,Pouso,Macaé,NS41,PS-BTP AW139,Bristow,c45ee6b8-ed32-485c-b1a8-ea9d3e396e4f
2026-10-06,509584246,06:40,06:51,Pouso,Vitória,CDAN,PS-BTL AW139,Bristow,28013bda-14f5-4922-ac2a-0a9455bec78b
2026-10-06,509584322,06:40,07:22,Pouso,Maricá,UMTJ / P-74,PR-CGE S-92A,CHC,3cf6eef8-dd06-450c-bbaf-bf63ac78e007
2026-10-06,509584530,06:40,06:44,Pouso,São Tomé,P-55 / P-62,PR-CCG S-92A,CHC,47049549-8744-4fa4-8802-6b7f3122d01d
2026-10-06,509584562,06:40,06:51,Pouso,Jacarepaguá,P-67,PR-EPV S-92A,Líder,1f890ad3-f5fa-4d5b-9028-eeab1bfca423
2026-10-06,509584642,06:40,07:34,Pouso,Cabo Frio,SESU,PR-BGZ AW139,CHC,d9e26267-fa2a-4353-a011-d8e0415cf73a
2026-10-06,509584124,06:45,,Transferido,Cabo Frio,UMPA,PR-CGF S-92A,CHC,c050b95c-55b9-4e0d-a1db-a9615b63ef0c
2026-10-06,509584357,06:45,06:50,Pouso,Maricá,P-74 / FPAT,PR-BGB S-92A,Omni,eba8c4e9-8313-4a22-ad11-996f78ea1dc5
2026-10-06,509584549,06:45,07:03,Pouso,Jacarepaguá,FPIT,PR-JKJ S-92A,Líder,1c0a6830-f3ac-41f0-abaa-d84c556aacef
2026-10-06,509584716,06:45,06:49,Pouso,São Tomé,UMVV,PR-OTN H175,Omni,5eab9d57-73fd-4611-ba25-04fc820986fc
2026-10-06,509584256,06:50,06:58,Pouso,Vitória,NS52,PS-BTA AW139,Bristow,f5eec4bf-1b10-42e5-98b3-dc71ee401078
2026-10-06,509584286,06:50,07:20,Pouso,Maricá,NS40,PR-OHN AW139,Omni,15dbdc3b-d991-4fc2-9f44-cdf3ace7002d
2026-10-06,509584329,06:50,06:57,Pouso,Macaé,SS92,PS-CDT AW139,CHC,67d64f9f-c329-4ff1-ba43-15db6adcff4d
2026-10-06,509584524,06:50,07:01,Pouso,São Tomé,UMLI,PR-JKM S-92A,Líder,b00bb1cd-a7d9-4e01-9370-67ff7c9e59a6
2026-10-06,509584568,06:50,07:10,Pouso,Cabo Frio,FPAD,PR-CGU AW139,CHC,d38a6faa-4a59-4595-aabb-ddcf86834d9e
2026-10-06,509584583,06:50,07:28,Pouso,Jacarepaguá,P-70,PR-OOR AW189,Omni,8d4a39f3-7342-4781-8cee-07219ab0f46a
2026-10-06,509584024,06:55,07:09,Pouso,Jacarepaguá,NS54,PR-OHF S-92A,Omni,f9918cde-e855-4e58-93bc-7eb598a5c42e
2026-10-06,509584340,06:55,06:55,Pouso,Maricá,P-78,PR-CGK AW139,CHC,463a91cf-6922-4d1b-89c0-c6ee5e463eb0
2026-10-06,509584517,06:55,07:16,Pouso,São Tomé,P-25 / PRA-1,PR-OTP H175,Omni,8dd1a49c-8076-49e5-9a91-ea36254fb64f
2026-10-06,509584255,07:00,07:21,Pouso,Vitória,UMGR,PR-OTX AW139,Omni,79420bfe-abbc-48c6-aece-3e24566b7d3f
2026-10-06,509584312,07:00,06:59,Pouso,Maricá,UMAC,PR-OOC AW139,Omni,09fe4a81-1901-4ca5-b3fe-9b02a3cc3ad5
2026-10-06,509584354,07:00,07:31,Pouso,Oiapoque,NS42,PR-OOX AW189,Omni,43a1765f-5934-47f6-a0f2-54c83e6260e2
2026-10-06,509584366,07:00,07:13,Pouso,Macaé,UMPC,PS-BTO AW139,Bristow,30fc6812-bf2f-46af-a20c-a92e935efe27
2026-10-06,509584485,07:00,07:00,Pouso,Aracaju,PA38,PR-AIE H145,Líder,eea05363-155f-4525-b464-7149564ea981
2026-10-06,509584584,07:00,07:43,Pouso,Jacarepaguá,P-69,PR-OHG S-92A,Omni,e36e6a57-42e6-4c5e-82cf-e1074b4697da
2026-10-06,509584631,07:00,09:08,Pouso,Cabo Frio,FPPL,PS-GBN AW139,CHC,5f7fcffa-4062-47fe-853e-4a3df049fe77
2026-10-06,509584632,07:00,07:02,Pouso,São Tomé,P-54,PR-OFH H175,Omni,f3116d3b-f2c5-41ba-a72b-4c3bc77a1e96
2026-10-06,509584049,07:05,07:25,Pouso,Jacarepaguá,SADI,PR-OOA AW139,Omni,05b1632c-a4e2-429c-8c26-a185a7fae430
2026-10-06,509584341,07:05,07:13,Pouso,Maricá,NS59,PR-OHV AW139,Omni,5af96470-8353-455b-9ab0-6e7d2cdf2252
2026-10-06,509584534,07:05,06:50,Pouso,São Tomé,UMLI,PR-JBP S-92A,Líder,a8bb597a-a2f3-421a-af27-e386c47d320c
2026-10-06,509584073,07:10,07:30,Pouso,Jacarepaguá,SKAU,PR-OOS AW139,Omni,73595f35-98ec-4cae-96dd-bc4948f79c90
2026-10-06,509584031,07:15,07:45,Pouso,Jacarepaguá,NS54,PR-OTU AW139,Omni,6ba0c347-4919-4229-b7cb-b57507c07045
2026-10-06,509584233,07:15,07:30,Pouso,Maricá,UMTJ,PR-CHT S-92A,Omni,c4c5ada1-7cd8-4fcc-842b-f631ba530792
2026-10-06,509584525,07:15,07:11,Pouso,São Tomé,NS51,PR-WSG AW139,Bristow,399a2141-195d-41ba-aa08-83e9fae5c903
2026-10-06,509584017,07:20,08:04,Pouso,Jacarepaguá,SAES,PR-OHJ AW139,Omni,9f423b55-a3f8-41ba-9e9c-21d7a5d77cd0
2026-10-06,509584297,07:20,11:07,Pouso,Maricá,UMAC,PR-OHK S-92A,Omni,77172d27-9281-49fe-9161-4d9b168c7c37
2026-10-06,509584360,07:20,07:59,Pouso,Cabo Frio,SATO,PR-CGT AW139,CHC,20919132-3552-4c97-915a-530bdaad0557
2026-10-06,509584514,07:20,07:14,Pouso,São Tomé,UMVT,PR-CPV S-92A,CHC,950960d9-e979-49b0-8c06-f6cd4b76a820
2026-10-06,509584832,07:20,07:29,Pouso,São Tomé,UMMA,PR-JAA S-92A,Líder,eceebbca-901f-4050-b5ce-a0bc4bedf4d8
2026-10-06,509584302,07:25,07:40,Pouso,Jacarepaguá,FPAR,PR-JBE S-92A,Líder,16c4048c-e2fe-4c0a-b65a-fee770e28f99
2026-10-06,509584526,07:25,07:28,Pouso,São Tomé,NS32,PS-BTF AW139,Bristow,fa922c4a-a979-47f8-afe8-b1ae652a5aaf
2026-10-06,509584250,07:30,07:37,Pouso,Jacarepaguá,FPCS,PR-OHR AW139,Omni,afb335f3-14c5-4a83-91d8-c6b9d0975bad
2026-10-06,509584555,07:30,08:34,Pouso,Maricá,NS59,PR-CGW AW139,CHC,79ab7a6a-ab65-4116-a936-8849eb0fe7c4
2026-10-06,509584264,07:35,07:47,Pouso,Jacarepaguá,FPCR,PR-OON AW189,Omni,7e50cf19-78ef-47f6-882f-47cecd867038
2026-10-06,509584072,07:40,07:58,Pouso,Jacarepaguá,UMAR,PR-JAR S-92A,Líder,d971a4b5-7a4a-4388-b7eb-94f1f28f42a6
2026-10-06,509584864,07:40,07:59,Pouso,Maricá,P-79,PR-OHK S-92A,Omni,82aa859c-a9ca-4ffe-b0fd-a686092adf74
2026-10-06,509584309,07:45,07:46,Pouso,Jacarepaguá,FPMA,PR-JBQ S-92A,Líder,14d8bf3e-6d62-403d-ae00-e990da132eb8
2026-10-06,509584600,07:50,08:05,Pouso,Jacarepaguá,UMCP,PR-OHL AW139,Omni,067f848b-8d5b-4cfe-bd01-9e91cf1f3ac1
2026-10-06,509584311,07:55,08:01,Pouso,Jacarepaguá,FPSP,PR-OTY AW189,Omni,aee9773f-6590-479c-8189-c0ce501605e2
2026-10-06,509583790,08:00,09:17,Pouso,Macaé,UMLI,PR-CGS AW139,CHC,2dcb97df-6aa8-4017-bd44-9c5b5d51d89a
2026-10-06,509584733,08:00,08:05,Pouso,Fortaleza,PAT-03,PR-AEV H145,Líder,5d3bdb93-bf3e-476d-8909-c48c977e1fea
2026-10-06,509584428,08:20,08:16,Pouso,Aracaju,PA39,PR-AIE H145,Líder,42904f46-7875-4b9f-9f6c-8dc8f520afd1
2026-10-06,509584128,08:40,08:42,Pouso,Vitória,SS81,PR-OHB AW139,Omni,2bf8f91c-348c-490d-8e7f-1677db751f5d
2026-10-06,509584518,08:55,08:59,Pouso,São Tomé,P-20,PR-JBI S-92A,Líder,210c93bf-507e-4dca-8143-f4dd09a43cbb
2026-10-06,509584542,09:00,08:59,Pouso,São Tomé,P-38 / P-53,PR-OOQ H175,Omni,8d68a47a-fe3b-4f93-b953-2e7d5020db4c
2026-10-06,509584702,09:10,09:09,Pouso,Vitória,P-58,PS-BTK AW139,Bristow,c4de4207-4433-4879-aadd-e18a0790ff67
2026-10-06,509584369,09:20,,Transferido,Vitória,NS52,PS-BTL AW139,Omni,c2287677-d547-4ca5-9535-254fe78a1280
2026-10-06,509584519,09:20,09:23,Pouso,São Tomé,NS31,PR-JHE AW139,Líder,a5de6077-ce5d-4883-afca-97298f26088e
2026-10-06,509584425,09:25,09:25,Pouso,Macaé,NS41,PR-CGD S-92A,CHC,e0e46a81-8ad6-4bc5-a52d-1c23e80e5c12
2026-10-06,509584662,09:25,09:24,Pouso,São Tomé,P-62,PR-CCG S-92A,CHC,2e177f66-c0d8-404c-ab58-121f6a02e421
2026-10-06,509584013,09:30,09:57,Pouso,Maricá,UMTJ,PR-CGN AW139,Omni,ea2b8a4b-17c5-4f7e-a88e-f88adbd84c2b
2026-10-06,509584324,09:30,,Transferido,Jacarepaguá,NS54,PR-OOP H175,Omni,d3bf56d8-6562-48fe-ae2a-d210edc9655f
2026-10-06,509584574,09:30,09:26,Pouso,São Tomé,P-48,PR-JKM S-92A,Líder,9616f46a-5ea2-4a0e-9848-81bab6722814
2026-10-06,509584705,09:30,09:46,Pouso,Vitória,P-57,PR-OTX AW139,Omni,55d1662d-ff75-4b60-bf4d-2026b291c562
2026-10-06,509584350,09:35,09:40,Pouso,Maricá,NS28,PR-OOL S-92A,Omni,f3e5c5b2-8a58-4027-b3e2-3388c7bf8eed
2026-10-06,509584640,09:35,09:29,Pouso,São Tomé,P-56,PR-JHI AW139,Líder,0487080e-bbab-4043-b05d-5fd5e45482e7
2026-10-06,509584424,09:40,09:48,Pouso,Macaé,SS83,PS-BTP AW139,Bristow,ff493f59-ea61-4f42-b82e-bc2aeef70fdc
2026-10-06,509584651,09:40,09:35,Pouso,São Tomé,P-52,PR-OFH H175,Omni,bd48998e-b00b-4e0e-aceb-c5ce161336ad
2026-10-06,509584285,09:45,10:16,Pouso,Maricá,FPAB,PR-OHN AW139,Omni,08649ae8-b09f-4cf8-81b3-e56d5d40c08a
2026-10-06,509584426,09:45,10:03,Pouso,Macaé,P-09,PS-BTO AW139,Bristow,77a0a647-06e9-4bc7-919b-e67f2408c8c1
2026-10-06,509584523,09:45,09:41,Pouso,São Tomé,P-53,PR-JBP S-92A,Líder,8c7bcd08-7abf-434a-8263-18a7d642eb5f
2026-10-06,509584548,09:45,12:41,Pouso,Jacarepaguá,FPAR,PR-OHL AW139,Omni,77bbd995-c03d-4d4e-af74-1269b1aea3f4
2026-10-06,509584232,09:48,10:40,Pouso,Maricá,UMPT,PR-CGE S-92A,CHC,1f6ef286-f429-44e1-873b-8be5fcc5f9e0
2026-10-06,509584473,09:50,09:51,Pouso,Aracaju,PA39,PR-AIE H145,Líder,70a3fbc6-1fc3-4794-8f6e-492b4602d140
2026-10-06,509584527,09:50,09:56,Pouso,São Tomé,P-31,PS-BTF AW139,Bristow,29fa5d4e-fa6e-4b99-b01f-744510f4e24d
2026-10-06,509584563,09:50,11:30,Pouso,Jacarepaguá,UMAR,PR-JAR S-92A,Líder,a02f5624-166c-4e78-a617-24ca989a0b88
2026-10-06,509584636,09:50,09:38,Pouso,Macaé,SKOL / NS58,PS-CDT AW139,CHC,24cac168-f5b7-481e-bf13-9a818d06a2ed
2026-10-06,509584711,09:50,09:50,Pouso,Vitória,P-58,PS-BTA AW139,Bristow,1a64636c-a467-46d2-80fd-e8539b9a5af1
2026-10-06,509584342,09:51,09:55,Pouso,Maricá,NS40,PR-OOC AW139,Omni,698a4798-768c-4ffb-93b1-d882e95f52af
2026-10-06,509584535,09:55,10:34,Pouso,São Tomé,SS75,PR-OTS H175,Omni,3046064f-f954-4177-ac9b-8b409499ba8b
2026-10-06,509584630,09:55,10:22,Pouso,Cabo Frio,FPSE,PR-CGU AW139,CHC,fe1831e0-3da9-4fe2-89ee-6e19a8f81d2d
2026-10-06,509584271,10:00,,Transferido,Cabo Frio,P-67,PR-BGU S-92A,CHC,e88e8f01-5ca7-4e51-a440-8ea02ba8ff9c
2026-10-06,509584559,10:00,10:57,Pouso,Maricá,P-76,PR-CGK AW139,CHC,bc71462c-ae7a-4174-9de1-d7f67436d255
2026-10-06,509584639,10:00,10:27,Pouso,Jacarepaguá,P-68,PR-JBO S-92A,Líder,2301c4bb-fa06-4ea2-8093-6a89dde05ac5
2026-10-06,509584298,10:10,10:23,Pouso,Jacarepaguá,NS45,PR-OHF S-92A,Omni,01143ed2-d44b-4e2d-9ec4-1d1ffa14cdda
2026-10-06,509584634,10:10,10:47,Pouso,Cabo Frio,SKVI,PR-BGZ AW139,CHC,9fea60c0-5741-465c-b0d9-598256e13c32
2026-10-06,509584731,10:10,10:29,Pouso,São Tomé,UMMA,PR-OTP H175,Omni,876c3ecb-d038-4348-8301-986139d9e1e1
2026-10-06,509584522,10:15,10:20,Pouso,São Tomé,UMVV,PR-CPV S-92A,CHC,4241ef68-57f9-494f-af47-29b4b6ba6bf3
2026-10-06,509584565,10:15,11:02,Pouso,Jacarepaguá,FPCR,PR-JBQ S-92A,Líder,e6213be1-339c-4b39-8746-6e5d93abc24b
2026-10-06,509584589,10:15,10:10,Pouso,Cabo Frio,FPDC,PR-OHA AW139,Omni,fbfbc3e3-41e3-4f03-8506-226aece6ecea
2026-10-06,509584661,10:15,10:10,Pouso,Maricá,P-77,PR-BGB S-92A,Omni,98ba4eeb-dea6-4f78-b8ef-69b2a2019e5c
2026-10-06,509584547,10:20,,Transferido,Maricá,UMAC,PR-OHK S-92A,Omni,74361c87-d9cb-4bef-bef4-efe2f53117c2
2026-10-06,509584606,10:20,10:19,Pouso,Jacarepaguá,P-71,PR-OHR AW139,Omni,72e425aa-83cc-495d-ba3e-3bff5b5ce3ab
2026-10-06,509584710,10:20,,Transferido,Cabo Frio,UMCP,PR-CGF S-92A,CHC,c7fdae43-14ba-4997-bce0-ed6c812ac1c1
2026-10-06,509584580,10:25,10:30,Pouso,Maricá,NS62,PR-CHT S-92A,Omni,26e2c56f-f1f0-4f7e-babc-a6582be8c910
2026-10-06,509584604,10:25,10:50,Pouso,Jacarepaguá,FPMA,PR-CGO AW139,Omni,b34ea513-7e17-4e9a-a8ff-13df068193da
2026-10-06,509584601,10:30,11:14,Pouso,Jacarepaguá,NS33,PR-OOR AW189,Omni,4e1abbfa-d51a-4ae9-a51f-ef6712f10ba4
2026-10-06,509584654,10:30,,Transferido,Maricá,UMTJ / P-74,PR-BGT S-92A,Omni,49692521-37ac-454c-8d21-8eae8a397a80
2026-10-06,509584659,10:30,10:48,Pouso,Oiapoque,NS42,PR-OOX AW189,Omni,8443369a-bec7-4e79-8da1-88b926b14f15
2026-10-06,509584714,10:30,10:37,Pouso,Fortaleza,PAT-03,PR-AEV H145,Líder,91f90dc3-a987-4622-afe2-e381a0552bc0
2026-10-06,509584715,10:30,,Cancelado,Cabo Frio,SATO,PR-CGT AW139,CHC,5d34676b-4389-4ccf-933d-2667c39d5762
2026-10-06,509584030,10:35,11:07,Pouso,Jacarepaguá,NS45,PR-OTU AW139,Omni,21534244-40fd-41d5-86ac-999ab5ff018b
2026-10-06,509584529,10:35,10:13,Pouso,Maricá,NS40,PR-OHV AW139,Omni,cf68fca5-4c8e-4755-ae20-17385b920d91
2026-10-06,509584556,10:40,12:52,Pouso,Maricá,NS38,PR-CGW AW139,CHC,cf325772-2299-422b-a12f-bf09bb371220
2026-10-06,509584585,10:40,11:16,Pouso,Jacarepaguá,NS47,PR-JBE S-92A,Líder,5028e9fb-a909-43df-9cfe-c93bd1229b5a
2026-10-06,509584605,10:45,11:25,Pouso,Jacarepaguá,PMXL,PR-OOA AW139,Omni,7a8593eb-c9f5-4641-9fff-62c53d898e61
2026-10-06,509584588,11:00,11:41,Pouso,Jacarepaguá,FPCS,PR-OOS AW139,Omni,e8cfe64c-7c8b-4195-9b9d-da2219f25f63
2026-10-06,509584607,11:05,12:41,Pouso,Jacarepaguá,P-71,PR-OHJ AW139,Omni,7cb37843-8af9-44f7-9c83-8df1d90ad46c
2026-10-06,509584316,11:10,08:42,Pouso,Vitória,FPMQ,PR-OHB AW139,Omni,f6065b72-db09-4c3d-a48d-31941038d967
2026-10-06,509584429,11:20,11:20,Pouso,Aracaju,PA38,PR-AIE H145,Líder,f9d5380d-cded-4c9f-9e6c-7452bef34df9
2026-10-06,509584536,11:20,11:26,Pouso,São Tomé,UMPC,PR-JBI S-92A,Líder,076254ab-9a48-4c43-a0ec-ab777b8383b4
2026-10-06,509584656,12:00,12:20,Pouso,Vitória,SARU,PS-BTK AW139,Bristow,458e5ba6-432a-46e0-a390-c2428f3f43a3
2026-10-06,509584763,12:15,13:29,Pouso,Cabo Frio,SEOC,PR-CGU AW139,CHC,bc2fd64d-3eb6-48dc-b8e4-a030682306d2
2026-10-06,509584641,12:30,12:23,Pouso,São Tomé,P-56,PR-JHE AW139,Líder,2e06f35d-1cf1-4dbf-8522-30ca2cd343f1
2026-10-06,509584550,12:35,12:29,Pouso,São Tomé,FPAN,PR-JHI AW139,Líder,24b4950b-8e79-4674-bb33-49c10b8dd12c
2026-10-06,509584551,12:40,12:47,Pouso,São Tomé,P-51,PR-JKM S-92A,Líder,dd2094a6-9dac-4f0d-be4d-850e9efb5f8c
2026-10-06,509584367,12:45,13:01,Pouso,Macaé,SS73,PS-BTO AW139,Bristow,a56f7c7b-5e67-47bc-ba55-c7a9287623aa
2026-10-06,509584515,12:45,12:32,Pouso,São Tomé,NS63,PR-CCG S-92A,CHC,ce8193fe-fd88-437f-b17e-21e8c6741422
2026-10-06,509584368,12:50,13:05,Pouso,Macaé,NS58,PS-CDT AW139,CHC,141bd248-ee46-4453-a576-3bb16252280f
2026-10-06,509584445,12:50,13:01,Pouso,Vitória,UMGR,PR-OTX AW139,Omni,2c8c5f47-5b02-4290-90a3-2737896e7113
2026-10-06,509584543,12:50,12:46,Pouso,São Tomé,FPAG,PR-OOQ H175,Omni,f8c517a5-4374-45e5-a0e9-ed9aed5af1d4
2026-10-06,509584582,12:50,13:00,Pouso,Macaé,FPCG,PS-LSC AW139,CHC,ea442148-2e67-4bae-ba08-f21ab936503f
2026-10-06,509584540,12:55,12:52,Pouso,São Tomé,NS44,PR-OFH H175,Omni,a08bd38f-c049-4c2b-bdfe-666421938c49
2026-10-06,509584544,13:00,13:05,Pouso,São Tomé,P-53,PR-JBP S-92A,Líder,6861caf1-9547-4d07-b199-bec693951300
2026-10-06,509584586,13:00,13:11,Pouso,Jacarepaguá,UMAR,PR-EPV S-92A,Líder,922a8dca-cbcc-46fd-9da1-6f95e1c06d7c
2026-10-06,509584655,13:00,14:13,Pouso,Maricá,P-75,PR-OHN AW139,Omni,1280098a-7658-4ddc-94f1-1c885bc9aa91
2026-10-06,509584537,13:05,13:11,Pouso,São Tomé,P-19,PS-BTF AW139,Bristow,8e3e9b3a-5570-483a-ace1-5248dcef2966
2026-10-06,509584521,13:10,13:22,Pouso,Vitória,CDAN,PS-BTL AW139,Bristow,6e502007-9f5c-4a67-b46d-772bfc5c4b8c
2026-10-06,509585133,13:10,15:38,Pouso,Macaé,NS58,PR-CGS AW139,CHC,3a17e2a1-fe52-4fa7-a085-fb73d4058f61
2026-10-06,509584427,13:15,13:15,Pouso,Macaé,PNA2,PS-BTP AW139,Bristow,e0b19ac5-6149-4e34-a63d-40f857ca3621
2026-10-06,509584037,13:20,13:23,Pouso,Cabo Frio,P-67,PR-CGF S-92A,CHC,2d742080-d059-4991-9e33-5941a3e65021
2026-10-06,509584275,13:20,13:28,Pouso,Maricá,UMTJ,PR-CGE S-92A,CHC,0c8aa3bc-304b-4180-8c17-5bbd37e588d9
2026-10-06,509584664,13:20,13:28,Pouso,Jacarepaguá,P-69,PR-OON AW189,Omni,92d6675d-d3d9-4e2b-88bc-dd71f1e7b1b8
2026-10-06,509584541,13:25,14:44,Pouso,São Tomé,UMVV,PR-CCG S-92A,CHC,b7b8ce9c-2b1c-49c6-b3da-bf3f4b9b6421
2026-10-06,509584558,13:25,14:25,Pouso,Maricá,NS28,PR-OHK S-92A,Omni,1a732e3b-3589-45bf-a7d4-d72d1dc4ce11
2026-10-06,509584564,13:25,13:33,Pouso,Jacarepaguá,FPSP,PR-OHG S-92A,Omni,920735f7-274d-4f2b-ae38-669035b7b5c7
2026-10-06,509584566,13:30,13:26,Pouso,Jacarepaguá,FPSA,PR-JBO S-92A,Líder,c3f46ac0-585f-4b50-b0ca-ae474285b659
2026-10-06,509584652,13:30,13:58,Pouso,Maricá,P-75,PR-CGK AW139,CHC,42fbb633-f24d-4ad2-9ed2-7ba3ad8ab19c
2026-10-06,509584663,13:30,13:28,Pouso,São Tomé,UMMA,PR-OTP H175,Omni,262cfe27-03b2-4454-a2a0-d8af6fadbc22
2026-10-06,509584446,13:35,13:52,Pouso,Maricá,FPAT,PR-BGB S-92A,Omni,e5358da9-120e-49ae-aace-9f2b4e5cbaa0
2026-10-06,509584570,13:40,14:05,Pouso,Maricá,UMAC,PR-OOC AW139,Omni,4841f193-b0b6-4ac0-85cf-0fdba5315b0d
2026-10-06,509584767,13:40,13:31,Pouso,Maricá,P-79,PR-OOL S-92A,Omni,28b0e119-cf05-4744-99bb-fdb0ca1a295a
2026-10-06,509584658,13:45,,Transferido,Cabo Frio,FPGU,PR-OOT AW139,Omni,b7771def-8fca-4055-8c05-e57ad6f80c22
2026-10-06,509584608,13:50,13:43,Pouso,Cabo Frio,FPSE,PS-GBN AW139,CHC,d3d92975-ca3a-4886-8fbf-bb07f79f5b2f
2026-10-06,509584730,13:50,14:22,Pouso,Oiapoque,NS42,PR-OOX AW189,Omni,e9c0bcfe-b13e-472b-b672-618aa57cc202
2026-10-06,509584546,13:55,,Transferido,Maricá,UMPT,PR-BGT S-92A,CHC,2eb56599-2ee7-41f0-a9e6-7085c69757a3
2026-10-06,509584609,13:55,,Transferido,Cabo Frio,P-67,PR-BGU S-92A,CHC,552764d1-34c0-4767-adbd-a4705547b5d7
2026-10-06,509584554,14:00,13:58,Pouso,Maricá,NS38,PR-CGN AW139,Omni,ae4b80c5-2c92-4f04-af7f-650fa020705f
2026-10-06,509584734,14:00,14:42,Pouso,Jacarepaguá,NS47 / FPPA,PR-OOR AW189,Omni,00c325ff-a199-412d-bba9-1ca1a6c1c76a
2026-10-06,509584761,14:00,,Cancelado,Cabo Frio,SKVI,PR-CGT AW139,CHC,917f6f8a-8327-4ff6-91f0-d4103c6af746
2026-10-06,509584022,14:05,14:18,Pouso,Jacarepaguá,NS61,PR-OHF S-92A,Omni,6dcab38d-5fcd-4616-8576-21109e0542e2
2026-10-06,509584557,14:05,,Transferido,Maricá,FPAB,PR-CGW AW139,Omni,8dc62883-104d-406a-a3ba-8d07d0bc2e19
2026-10-06,509584567,14:05,14:11,Pouso,Cabo Frio,FPDC,PR-OHA AW139,Omni,be6a60c1-0fc5-4a34-97d2-e59bee1849fb
2026-10-06,509584512,14:10,14:17,Transferido,Vitória,UMGR,PR-OHB AW139,Omni,bfcb940d-ab09-4ef8-9220-62765216e04e
2026-10-06,509584561,14:10,14:10,Pouso,Maricá,P-76,PR-OHV AW139,Omni,a58f0761-5a5e-434d-bf3a-f2b737631039
2026-10-06,509584638,14:10,,Transferido,Jacarepaguá,SKAU,PR-OOA AW139,Omni,963766ac-93eb-4c68-9f5b-2e20b537db59
2026-10-06,509584242,14:15,14:34,Pouso,Jacarepaguá,SAES,PR-OOS AW139,Omni,3b1a23fa-d8d8-4819-84c4-f0c069deb252
2026-10-06,509584299,14:18,14:29,Pouso,Jacarepaguá,NS55,PR-OTU AW139,Omni,5398333e-03ab-4a93-805d-6ff1c4cae9da
2026-10-06,509584643,14:20,14:13,Pouso,Cabo Frio,WAVE,PR-BGZ AW139,CHC,af66e818-ed0e-4363-b734-eddb7856f49a
2026-10-06,509584647,14:20,15:05,Pouso,Jacarepaguá,P-66,PR-CGO AW139,Omni,12bee583-f21f-4649-a9c8-ee11751b7efb
2026-10-06,509584552,14:25,14:23,Pouso,São Tomé,P-47,PR-JBI S-92A,Líder,0ddfb69f-5b7f-45c4-8061-10c5cfa94508
2026-10-06,509584587,14:25,14:41,Pouso,Jacarepaguá,FPIB,PR-JAR S-92A,Líder,b80e185a-28c5-47d8-9464-6b4e3d324d1f
2026-10-06,509584602,14:30,14:44,Pouso,Jacarepaguá,FPAR,PR-JBE S-92A,Líder,b6baedf5-be4e-47cf-84d2-64ffebbbab7f
2026-10-06,509584603,14:35,,Transferido,Jacarepaguá,NS56,PR-JKJ S-92A,Líder,edab57ca-d82d-47ef-bf5a-68c2ea12a1c6
2026-10-06,509584653,14:40,14:30,Pouso,Maricá,UMAC,PR-CHT S-92A,Omni,a22a34c9-453e-429c-ae1e-1d70d4a9b7de
2026-10-06,509584657,14:40,,Transferido,Jacarepaguá,SAES,PR-JHC AW139,Omni,197093f6-aa4c-4831-89b5-7c47e1be83a8
2026-10-06,509584572,14:45,16:03,Pouso,Jacarepaguá,FPCS,PR-OHJ AW139,Omni,580e50f2-802e-4042-8067-5f256d05344c
2026-10-06,509584633,14:50,14:36,Pouso,Jacarepaguá,NS55,PR-OOP H175,Omni,56b26303-7bfe-45ea-94a6-79d9417197fe
2026-10-06,509584513,15:10,15:05,Pouso,Vitória,MOP1,PS-BTK AW139,Bristow,f83637f1-f665-47b3-a7f4-09ac7ff2fa91
2026-10-06,509584528,15:15,15:20,Pouso,São Tomé,UMPC / P-53,PR-OOQ H175,Omni,762905b6-5e6b-4abf-990c-9b9b47eae592
2026-10-06,509584538,15:20,15:11,Pouso,São Tomé,P-25,PR-JHE AW139,Líder,c7246d20-ebea-4b07-8eb0-5aeb3a9e852d
2026-10-06,509584545,15:20,14:59,Pouso,São Tomé,UMLI,PR-JHI AW139,Líder,c0ebba86-4630-478b-bb34-f41888785aa3
2026-10-06,509584704,15:25,15:25,Pouso,Vitória,SKRE / P-57,PR-OTX AW139,Omni,aeb1eae2-8914-43e1-849e-22bf643efaab
2026-10-06,509584520,15:30,,Transferido,Macaé,NS60 / SS83,PS-LSC AW139,CHC,314a7dc8-2581-48cc-b53d-3bf739a251e0
2026-10-06,509584531,15:35,15:31,Pouso,São Tomé,UMVV,PR-OTN H175,Omni,fc2cc640-c4f9-4814-9d88-b42344624961
2026-10-06,509584516,15:40,15:32,Pouso,São Tomé,UMVT,PR-OFH H175,Omni,fbf09e89-b919-4039-bf4d-6ed0c5ae0fd9
2026-10-06,509584444,15:45,15:35,Pouso,Vitória,UMGR,PS-BTL AW139,Bristow,c1a2118e-2318-46cf-abd9-d3d33907e273
2026-10-06,509584732,15:45,15:35,Pouso,São Tomé,UMMA,PR-JBP S-92A,Líder,5fe63b82-71e5-42bd-a892-0599d2e9c4fa
2026-10-06,509584510,15:50,15:43,Pouso,Macaé,PGP1,PS-BTP AW139,Bristow,1d87f1f5-bf9c-4614-ad92-a42fa1882ecb
2026-10-06,509584553,15:50,15:32,Pouso,São Tomé,UMLI,PS-BTF AW139,Bristow,21b8c472-81e1-4695-a115-d76a190b019a
2026-10-06,509585068,15:50,,Transferido,Macaé,NS60,PS-BTO AW139,Bristow,a23e3b9a-9221-487f-8130-a9fa74cb9907
2026-10-07,509585061,06:20,06:27,Pouso,Vitória,MOP1,PS-BTK AW139,Bristow,b09c54c3-3d56-41b5-b8ee-9257dcb21427
2026-10-07,509584124,06:30,07:08,Pouso,Cabo Frio,UMPA,PR-CGF S-92A,CHC,72699165-053b-4d1c-b696-355641caf540
2026-10-07,509584369,06:30,06:44,Pouso,Vitória,NS52,PR-OTX AW139,Omni,8d6ede8b-586d-4a88-8e30-00deb60e5237
2026-10-07,509584560,06:30,07:16,Pouso,Maricá,P-78 / P-77,PR-OOL S-92A,Omni,ce99fdf5-581c-4501-ba9e-25135ebaabf0
2026-10-07,509584603,06:30,06:51,Pouso,Jacarepaguá,NS56,PR-JBE S-92A,Líder,a373c896-50ea-4f28-81a3-71ef9d4907de
2026-10-07,509584972,06:30,06:44,Pouso,São Tomé,P-43,PR-JBI S-92A,Líder,70e787bf-6a00-4eb6-b52a-ee5710548e2f
2026-10-07,509585068,06:30,06:41,Pouso,Macaé,NS60,PS-BTP AW139,Bristow,0ff52a75-1b6b-44b8-9566-0e69c346d9e7
2026-10-07,509584712,06:35,06:54,Pouso,Maricá,UMPT,PR-CHT S-92A,Omni,c1936d42-e2bf-4d6f-ac38-d9ff32305346
2026-10-07,509584973,06:35,07:38,Pouso,São Tomé,FPAG,PR-JHE AW139,Líder,825ed266-6b1b-4a0b-a9d0-1e008050387e
2026-10-07,509585037,06:35,07:39,Pouso,Jacarepaguá,P-67,PR-EPV S-92A,Líder,d5a7555b-4679-441e-ac4a-e09e33562a4a
2026-10-07,509584276,06:40,09:53,Pouso,Maricá,UMTJ,PR-CHT S-92A,Omni,27fd7b09-729a-415e-8da9-252eb8710eb7
2026-10-07,509584512,06:40,09:10,Pouso,Vitória,UMGR,PR-OTX AW139,Omni,4b57b2ad-f5b0-4f19-9602-33224dc24d4b
2026-10-07,509584764,06:40,06:47,Pouso,Macaé,NS58,PR-JKM S-92A,Líder,f98ddfe0-7482-4b01-b7f8-a0926ee307d5
2026-10-07,509585031,06:40,09:32,Pouso,Jacarepaguá,P-69,PR-JBO S-92A,Líder,d177cce3-369e-43a4-bb29-0d9883b3fd85
2026-10-07,509585066,06:40,06:34,Pouso,São Tomé,P-62,PR-CPV S-92A,CHC,d772b356-0999-4ee1-8561-973fcfc99a0a
2026-10-07,509584539,06:45,07:04,Pouso,Maricá,P-79,PR-OHK S-92A,Omni,f8ac1dd5-347d-4c88-a97a-39795eeb4191
2026-10-07,509584710,06:45,,Transferido,Cabo Frio,UMCP,PR-BGU S-92A,CHC,625251f2-eb9e-4ec9-96d2-267ce8f107e9
2026-10-07,509584765,06:45,06:52,Pouso,Macaé,P-09,PS-BTO AW139,Bristow,b00a5215-dfc9-461a-8870-977e45903e49
2026-10-07,509584964,06:45,06:52,Pouso,São Tomé,P-19,PR-JHI AW139,Líder,9482d12f-23a3-4b7a-8e63-ffd57d744567
2026-10-07,509585032,06:45,07:06,Pouso,Jacarepaguá,P-66,PR-JBQ S-92A,Líder,292d89f1-e017-44a1-bcac-4bbeca0d043b
2026-10-07,509584520,06:50,06:57,Pouso,Macaé,NS60 / SS83,PS-CDT AW139,CHC,a2f2f29f-ac91-465b-a6e5-18ad5a7c1113
2026-10-07,509584547,06:50,09:55,Pouso,Maricá,UMAC,PR-BGB S-92A,Omni,65f346e3-e48e-4a2f-ba84-adb4aa38d6e6
2026-10-07,509584658,06:50,06:58,Pouso,Cabo Frio,FPGU,PR-OOT AW139,Omni,83d04ed4-336e-4bb5-9df5-2309c2ade8f8
2026-10-07,509584965,06:50,07:01,Pouso,São Tomé,UMLI,PR-JBP S-92A,Líder,3f906954-12ee-411c-a183-03c03f2a6aaf
2026-10-07,509585073,06:50,07:17,Pouso,Jacarepaguá,P-68,PR-JKJ S-92A,Líder,a837ec7b-9502-444a-8779-c2a4d5a94389
2026-10-07,509584324,06:55,07:05,Pouso,Jacarepaguá,NS54,PR-OOP H175,Omni,28a64baf-e898-4414-9afa-14b33a8dadc5
2026-10-07,509584581,06:55,09:31,Pouso,Maricá,NS40,PR-CGW AW139,CHC,596e326f-fa82-415e-9925-7e695a4bd0b2
2026-10-07,509584980,06:55,07:01,Pouso,São Tomé,P-25,PR-OTP H175,Omni,2f580a98-db3e-49af-b225-89b7465f2059
2026-10-07,509585067,06:57,07:04,Pouso,São Tomé,P-54,PR-CCG S-92A,CHC,7cdfafb2-ba8e-4878-b89f-f776768a2142
2026-10-07,509584571,07:00,09:05,Pouso,Maricá,NS43,PR-OOC AW139,Omni,50288762-7324-402d-81b7-5fa32ac8537c
2026-10-07,509584650,07:00,07:57,Pouso,Jacarepaguá,NS45,PR-OHF S-92A,Omni,efca3638-09ee-422a-8c8f-ca803a75b7ac
2026-10-07,509584718,07:00,07:01,Pouso,Macaé,PNA2,PS-LSC AW139,CHC,e332328c-338b-404b-8613-c163cc882384
2026-10-07,509585062,07:00,07:07,Pouso,Vitória,NS52,PS-BTL AW139,Bristow,4439ebb8-0853-42bf-aebc-8e47eae20230
2026-10-07,509585139,07:00,07:14,Pouso,São Tomé,P-52,PR-OTN H175,Omni,e313e94f-1a5a-4699-9548-f51005b494b9
2026-10-07,509582421,07:05,07:43,Pouso,Jacarepaguá,NS47,PR-CGO AW139,Omni,3b712415-2348-4b1f-ab24-e61234d1e847
2026-10-07,509584278,07:05,07:08,Pouso,Cabo Frio,FPGU,PS-CDR AW139,CHC,5c7b368c-4ef1-45b2-b1e5-90e68e4bca94
2026-10-07,509584546,07:05,09:34,Pouso,Maricá,UMPT,PR-BGT S-92A,CHC,dd0dc3ec-9030-428a-89ce-b28f2754fc27
2026-10-07,509584954,07:05,07:17,Pouso,São Tomé,FPAN,PR-JAA S-92A,Líder,67b6815d-da0e-41c7-b462-fa2be418c65e
2026-10-07,509584557,07:10,09:04,Pouso,Maricá,FPAB,PR-OHN AW139,Omni,c23d9a73-d276-4cdd-badd-c35c6716db42
2026-10-07,509584638,07:10,07:28,Pouso,Jacarepaguá,SKAU,PR-OOS AW139,Omni,dd9167b0-afe7-4381-9d36-080c2b3cc70b
2026-10-07,509584981,07:10,07:08,Pouso,São Tomé,UMLI,PS-BTF AW139,Bristow,f7cf1c1a-0902-4faa-803e-fe3bcba92c47
2026-10-07,509585135,07:10,07:11,Pouso,Cabo Frio,FPSE,PR-OHA AW139,Omni,e89ee2d5-f135-4f63-8e66-1cb5d353692e
2026-10-07,509584657,07:15,08:21,Pouso,Jacarepaguá,SAES,PR-OHR AW139,Omni,babc2841-df54-4011-8e61-1d1b3c67a83a
2026-10-07,509584735,07:15,07:15,Pouso,Macaé,P-09 / NS58,PR-CGS AW139,CHC,3f49a225-5d89-4511-a127-e028a169c775
2026-10-07,509584966,07:15,07:25,Pouso,São Tomé,P-31,PS-BTC AW139,Bristow,de6ceffb-afed-418e-a329-6a5ea56358d5
2026-10-07,509585030,07:15,09:41,Pouso,Maricá,P-78,PR-CGN AW139,Omni,1fc4caa7-3ae7-427e-92f6-cf8804a6b102
2026-10-07,509584578,07:20,07:59,Pouso,Jacarepaguá,NS61,PR-OTU AW139,Omni,17621b1d-7320-4c06-835d-41549366646b
2026-10-07,509584837,07:20,07:28,Pouso,São Tomé,PRA-1,PR-OOQ H175,Omni,2cb0fffe-03d8-434a-b0e9-7a1bdf5ddc2c
2026-10-07,509585038,07:20,,Transferido,Vitória,UMGR,PR-OHB AW139,Bristow,f558f5eb-a1ef-423a-8fca-973b4be27609
2026-10-07,509584993,07:25,07:36,Transferido,Jacarepaguá,PMLZ1,PR-OHJ AW139,Omni,d15d87d4-a646-499c-a07c-ea55ef00f7c1
2026-10-07,509585134,07:25,07:31,Pouso,São Tomé,P-52,PR-OFH H175,Omni,8177100a-1371-45b5-b58d-b6fc306067b9
2026-10-07,509585290,07:25,09:42,Pouso,Maricá,NS43,PR-CGK AW139,CHC,87f9f140-3991-4f0b-a06a-0d623b23bf72
2026-10-07,509583211,07:30,07:56,Pouso,Jacarepaguá,UMPA,PR-OOR AW189,Omni,87a35166-1453-4c73-a0a5-28cffc0a31cf
2026-10-07,509584976,07:30,,Transferido,Maricá,UMPT,PR-OHV AW139,Omni,19c353af-45ee-4a03-8251-ed6411287c48
2026-10-07,509585101,07:30,07:28,Pouso,Aracaju,PA38,PR-AIE H145,Líder,7b1882c7-8475-444f-bdab-33ce17f67ce1
2026-10-07,509585140,07:30,07:59,Pouso,Cabo Frio,SKVI,PR-BGZ AW139,CHC,438554e4-a834-4db6-ab8e-914574885cf4
2026-10-07,509582323,07:40,07:45,Pouso,Jacarepaguá,UMAR,PR-JAR S-92A,Líder,0b0df854-e429-4926-8302-840860f93abd
2026-10-07,509585310,07:45,08:54,Pouso,Jacarepaguá,P-68 / FPAR,PR-OON AW189,Omni,d6fb7b89-4b67-4cec-a4e0-0039b2bc655e
2026-10-07,509582423,07:50,08:23,Pouso,Jacarepaguá,NS56,PR-OTY AW189,Omni,97b213a3-7b97-4818-928f-95cfc17abdcd
2026-10-07,509585060,08:00,08:07,Pouso,Fortaleza,PXA-01,PR-AEV H145,Líder,67994e9d-d187-42d7-a663-f9b25b66fa37
2026-10-07,509585296,08:00,,Cancelado,Cabo Frio,WAVE,PR-BGZ AW139,CHC,f29a70a5-84b9-4a2f-8742-c33f73c69694
2026-10-07,509584609,08:20,09:46,Pouso,Cabo Frio,UMPA,PR-OHG S-92A,Omni,a4a8232f-02ea-40f9-b48f-875d1a910656
2026-10-07,509585011,08:30,09:31,Pouso,Cabo Frio,UMCP,PR-OHL AW139,Omni,ae0c52d0-3ecd-45de-8135-4d724e0db965
2026-10-07,509585039,08:40,08:38,Pouso,Vitória,SS81 / SARU,PS-BTK AW139,Bristow,7a1ce2e7-8cc6-4332-9f05-93e0fc57a876
2026-10-07,509584768,08:55,08:52,Pouso,São Tomé,NS31,PR-JBI S-92A,Líder,676a4513-a66b-4d5e-9e09-aef98e4efac3
2026-10-07,509585102,09:05,,Transferido,Aracaju,PA39,PR-AIE H145,Líder,33804859-c705-4c9c-a09d-05d0b12e61f9
2026-10-07,509584769,09:10,09:20,Pouso,São Tomé,NS51,PR-WSG AW139,Bristow,94d964f7-800c-4355-936c-4e0b52dd4ae4
2026-10-07,509585071,09:10,12:20,Pouso,Vitória,P-57 / CDAN,PS-BTK AW139,Bristow,189d9e3b-d871-413d-8dba-e5b8e7ae8bb9
2026-10-07,509584766,09:20,09:42,Pouso,Macaé,NS41,PS-BTO AW139,Bristow,3160556c-7fb6-4d47-8056-e64ee2c69493
2026-10-07,509584869,09:25,09:16,Pouso,São Tomé,P-51,PR-JBP S-92A,Líder,38920c74-9d8f-45c8-9d10-477aff052f56
2026-10-07,509584449,09:30,09:26,Pouso,Vitória,SKRE,PS-BTL AW139,Bristow,bb2e7e4f-c688-41ae-a75d-b544aa579ac0
2026-10-07,509584654,09:30,10:23,Pouso,Maricá,UMTJ / P-74,PR-OOL S-92A,Omni,388c1168-e753-4668-8da2-29763e8ab1ce
2026-10-07,509584982,09:30,09:08,Pouso,São Tomé,P-55,PR-CPV S-92A,CHC,a27279aa-3bbf-4d09-85e5-268417b406a9
2026-10-07,509584838,09:35,09:32,Pouso,São Tomé,P-47,PR-JHI AW139,Líder,2c9d7f18-4c34-4b8a-a338-de54066a6641
2026-10-07,509584860,09:40,09:52,Pouso,Macaé,PGP1,PS-LSC AW139,CHC,4ef68908-7e71-4672-9d6c-9c27e2b3f087
2026-10-07,509584950,09:40,10:34,Pouso,São Tomé,FSME,PR-OTP H175,Omni,65075bb6-610d-4870-b27b-f34a3ca897a5
2026-10-07,509584999,09:40,,Transferido,Maricá,P-78,PR-CHT S-92A,Omni,ff674ca1-ca63-4854-822a-26acdf72b5e7
2026-10-07,509584861,09:45,09:48,Pouso,Macaé,FPCG,PS-BTP AW139,Bristow,32273bc0-0ebf-4e7d-8e51-2f2f7806cc90
2026-10-07,509584957,09:45,,Transferido,Maricá,P-79,PR-CGE S-92A,Omni,2176bab2-a4b8-4268-b1af-3ceaa9f1841a
2026-10-07,509584974,09:45,09:23,Pouso,São Tomé,NS44,PR-CCG S-92A,CHC,d24c42a0-0dad-4128-8be9-4bfb2db3f016
2026-10-07,509584833,09:50,09:54,Pouso,Macaé,SS73,PR-JKM S-92A,Líder,28157186-aecb-4b81-b688-daf8b12e2186
2026-10-07,509584958,09:50,,Transferido,Maricá,UMTJ,PR-OOC AW139,Omni,0a568328-cf95-465f-953b-628b3925fb03
2026-10-07,509585094,09:50,09:53,Pouso,São Tomé,P-56,PR-JAA S-92A,Líder,59650e15-71f4-4930-a702-7a5c5e72904e
2026-10-07,509584738,09:55,10:31,Pouso,São Tomé,UMMA,PR-OTS H175,Omni,c1019a61-451f-41dd-bc70-8ba6b7ed043e
2026-10-07,509584834,09:55,09:59,Pouso,Macaé,SS83,PS-CDT AW139,CHC,ccec96c4-6a92-4149-9622-37be40d08b56
2026-10-07,509585003,09:55,13:07,Pouso,Maricá,P-79,PR-CGW AW139,CHC,394086d0-4b76-470b-9119-8bcbe0f1eb17
2026-10-07,509585092,09:55,12:47,Pouso,Vitória,P-58,PR-OTX AW139,Omni,246ee271-1c2f-4736-81d3-b815ff60899b
2026-10-07,509584271,10:00,14:01,Pouso,Cabo Frio,UMPA,PR-OHG S-92A,Omni,f27846d1-79ca-42ea-8f61-1e8113f20f69
2026-10-07,509584969,10:00,13:13,Pouso,Maricá,FPAB,PR-OHN AW139,Omni,0c090b88-ca7d-49f4-88fc-c575fad17d54
2026-10-07,509585343,10:00,09:59,Pouso,São Tomé,SS75 / P-31,PR-JHE AW139,Líder,83ef6f7c-7189-4108-a7ed-aa2f38229f39
2026-10-07,509584277,10:05,10:55,Pouso,Maricá,NS59,PR-OHV AW139,Omni,9e7690da-ee0b-4bdb-9c69-d960aaf8d292
2026-10-07,509584577,10:05,13:14,Pouso,Jacarepaguá,NS54,PR-OHF S-92A,Omni,21f64364-c9b2-4b73-bb5a-cf1b4fb4a411
2026-10-07,509584569,10:10,,Transferido,Cabo Frio,UMPA,PR-BGU S-92A,Omni,9745086c-6d89-4736-912a-e49de8df1b9a
2026-10-07,509584968,10:10,,Transferido,Maricá,P-74,PR-BGB S-92A,Omni,c24e7887-cdf5-4020-9451-25149b449aec
2026-10-07,509584983,10:10,10:22,Pouso,São Tomé,NS63,PR-OFH H175,Omni,22905780-24d2-4d14-b3c7-f1506e4b1186
2026-10-07,509584986,10:10,10:40,Pouso,Oiapoque,NS42,PR-OOX AW189,Omni,0d7cb47f-41dd-43e2-a223-7a8caf0eb10c
2026-10-07,509582416,10:15,11:18,Pouso,Jacarepaguá,FPSP,PR-EPV S-92A,Líder,550ca828-72c6-4637-ae30-7d80628da3f3
2026-10-07,509584839,10:15,10:11,Pouso,São Tomé,SS75,PR-OOQ H175,Omni,9b8714bd-c53c-448b-86f3-0e29c6279f70
2026-10-07,509585099,10:15,10:25,Pouso,Cabo Frio,FPPL,PR-OOT AW139,Omni,f8b54ae4-7a16-4325-a3e8-eadf187a7d35
2026-10-07,509582376,10:20,10:54,Pouso,Jacarepaguá,FPAR,PR-JKJ S-92A,Líder,7567ebbf-7256-4883-9fba-aab15e95d549
2026-10-07,509584719,10:20,10:07,Pouso,Macaé,SS92,PR-CGS AW139,CHC,498d2996-6483-47b2-af75-dda136e0a4da
2026-10-07,509585211,10:20,10:43,Pouso,Cabo Frio,FPAD,PR-CGU AW139,CHC,de31b5d9-450e-4de0-ad0b-adb80a3f3487
2026-10-07,509584987,10:25,,Transferido,Jacarepaguá,NS54,PR-OOP H175,Omni,385b15b0-41bf-4544-9946-20e12a309deb
2026-10-07,509584978,10:30,13:16,Pouso,Maricá,P-77,PR-OHK S-92A,Omni,98d92e7c-838c-46b9-b209-d67ab6427a34
2026-10-07,509585010,10:30,11:11,Pouso,Oiapoque,NS42,PR-OOY AW189,Omni,91d23dd8-36b6-46c7-bbe0-eb8748e32131
2026-10-07,509585013,10:30,11:03,Transferido,Jacarepaguá,FPIB,PR-JBE S-92A,Líder,88aab35a-1c3b-404b-80e2-7cb6076e82c2
2026-10-07,509585070,10:30,10:37,Pouso,Fortaleza,PXA-01,PR-AEV H145,Líder,7fde993a-16e7-4089-be67-ea1830e86032
2026-10-07,509584985,10:35,13:24,Pouso,Maricá,NS43,PR-CGK AW139,CHC,3ae8cd62-a5f0-4b8b-abdc-2993375d8989
2026-10-07,509585015,10:35,10:14,Transferido,Jacarepaguá,FPMA,PR-CGO AW139,Omni,0907fb09-3103-488d-a9e2-831bb5e99c8a
2026-10-07,509584990,10:40,,Transferido,Maricá,NS38,PR-OHV AW139,CHC,42ee3be2-a9b3-4125-81b5-5aee7732509e
2026-10-07,509585005,10:40,11:42,Pouso,Jacarepaguá,NS33,PR-JAR S-92A,Líder,2fda6779-14d0-42d4-a3fa-7c855b0e458e
2026-10-07,509584977,10:45,,Transferido,Maricá,UMTJ,PR-BGT S-92A,CHC,3ebe3a8b-9e83-423c-89a8-c13206ccc527
2026-10-07,509585006,10:45,11:09,Pouso,Jacarepaguá,P-70,PR-JBQ S-92A,Líder,772fc216-1f99-4f2f-b031-88572f7b23b3
2026-10-07,509585034,10:50,11:17,Pouso,Jacarepaguá,NS55,PR-OTU AW139,Omni,cc59d6b9-5fdf-47a7-81b5-a7a6c366cbf7
2026-10-07,509584994,10:55,,Transferido,Jacarepaguá,PMXL,PR-JHC AW139,Omni,961f2cae-85ab-4676-8e14-271f8acde6cc
2026-10-07,509584996,11:00,11:59,Pouso,Jacarepaguá,P-71,PR-OHR AW139,Omni,91fc2792-3dcf-4cc4-b1f1-4883640cf9c3
2026-10-07,509584997,11:15,11:50,Pouso,Jacarepaguá,FPCS,PR-JHC AW139,Líder,16e8c2a1-94ae-4cae-8aee-60070b7da669
2026-10-07,509584951,11:20,11:13,Pouso,São Tomé,UMLI,PR-JBI S-92A,Líder,65c944b0-1015-40e1-a765-13d8b67f5de6
2026-10-07,509584995,11:25,12:15,Pouso,Jacarepaguá,P-71,PR-OHJ AW139,Omni,2c1c9097-14d2-4078-adf7-e168ce084b94
2026-10-07,509585063,12:00,12:36,Pouso,Vitória,P-57,PS-BTL AW139,Bristow,286c86f6-294d-4128-a9bf-86ab889c9f79
2026-10-07,509585311,12:20,13:47,Transferido,Cabo Frio,UMCP,PR-OHL AW139,Omni,06840f81-a759-4b88-8109-82d73923d7c6
2026-10-07,509584960,12:30,12:40,Pouso,São Tomé,P-31,PR-WSG AW139,Bristow,b595b51b-7059-4ee7-b634-986afe0d1a20
2026-10-07,509585065,12:30,15:07,Pouso,Vitória,CDAN,PS-BTK AW139,Bristow,e875c887-7acb-4168-b92d-dcfb690b5a43
2026-10-07,509584970,12:35,12:32,Pouso,São Tomé,P-38,PR-JHI AW139,Líder,b7ae56b5-d7c7-4097-ae9c-b14db638203a
2026-10-07,509585136,12:40,12:50,Pouso,São Tomé,P-48,PR-JBP S-92A,Líder,812f03fa-e42c-460a-8079-a76b9f1065d5
2026-10-07,509585214,12:40,12:53,Pouso,Jacarepaguá,UMAR,PR-OTY AW189,Omni,986542a2-1e3f-4adb-a4c2-c0ad95d3feff
2026-10-07,509584961,12:45,12:43,Pouso,São Tomé,UMPC,PS-BTC AW139,Bristow,96d4d870-cdd6-43ff-9919-ade54c356e45
2026-10-07,509584955,12:48,12:25,Pouso,São Tomé,UMVV,PR-CPV S-92A,CHC,a77c00fc-ba05-4913-a1f8-384406f318a0
2026-10-07,509584975,12:50,12:47,Pouso,São Tomé,P-62 / UMVT,PR-CCG S-92A,CHC,72815b4d-c6f6-4b0e-aa28-0e93e5984ddd
2026-10-07,509585012,12:50,,Transferido,Cabo Frio,UMCP,PR-OHG S-92A,Omni,c7637b95-cc5c-4437-a1f8-e94c1af63773
2026-10-07,509585091,12:50,,Transferido,Vitória,FPMQ,PS-BTA AW139,Bristow,96988aff-3eed-4391-9837-9c3883786a7d
2026-10-07,509585131,12:50,12:56,Pouso,Macaé,RESA,PS-BTP AW139,Bristow,fea9c3c8-d61e-4b1b-92be-52d37a6d93d2
2026-10-07,509584736,13:00,13:22,Pouso,Macaé,PNA2,PS-BTO AW139,Bristow,9373848a-0cd6-4090-9b8c-8c72e18a0d3a
2026-10-07,509585014,13:00,,Transferido,Jacarepaguá,UMAR,PR-JAR S-92A,Líder,bf3ac51c-3323-4c2d-b951-5aa9266cf54a
2026-10-07,509584863,13:05,13:04,Pouso,Macaé,NS60,PS-LSC AW139,CHC,9ce004dd-453c-4ee7-a4fa-30e88b19223c
2026-10-07,509585095,13:05,14:23,Pouso,São Tomé,P-56,PR-OTP H175,Omni,9759cf6c-41c1-49ee-a546-64134a5524cd
2026-10-07,509585216,13:05,13:34,Pouso,Maricá,NS59 / UMPT,PR-OOC AW139,Omni,491cbb01-5836-4fdf-a584-b6e8cf5d1446
2026-10-07,509584952,13:10,13:08,Pouso,São Tomé,P-18,PR-JAA S-92A,Líder,2be84628-5605-483a-83b2-ae1b3d63314d
2026-10-07,509582377,13:15,13:29,Transferido,Jacarepaguá,UMCP,PR-OON AW189,Omni,f161a716-86e0-453d-afe0-c34c31d23302
2026-10-07,509584984,13:15,,Transferido,Maricá,P-75,PR-CGE S-92A,Omni,bedcc6b7-6e72-4c66-be1d-8e12ccd933c7
2026-10-07,509584962,13:20,13:11,Pouso,São Tomé,NS32,PR-JHE AW139,Líder,382fc4f3-2ca5-4663-bb4b-75fe2630c388
2026-10-07,509584998,13:20,13:51,Pouso,Maricá,P-76,PR-CHT S-92A,Omni,085cd46b-1756-47e0-ace2-8396d5318384
2026-10-07,509584956,13:25,13:35,Pouso,São Tomé,UMVV,PR-OFH H175,Omni,08f0b720-f05a-481c-8667-975623190b93
2026-10-07,509584862,13:30,13:25,Pouso,Macaé,PGP1,PR-JKM S-92A,Líder,ef9ffb42-32a5-4bc1-b3d0-74826fb36449
2026-10-07,509584959,13:30,13:58,Pouso,Maricá,FPAT / UMPT,PR-OOL S-92A,Omni,516a263f-4d7f-4f11-a9b5-a5866751e7c8
2026-10-07,509585096,13:30,13:28,Pouso,São Tomé,UMMA,PR-OOQ H175,Omni,66b95e18-d83f-4e1a-89fa-a8473f22d219
2026-10-07,509585064,13:45,12:36,Pouso,Vitória,UMGR,PS-BTL AW139,Bristow,eaab34ad-e704-4371-9383-9e94e63505e9
2026-10-07,509585210,13:45,14:25,Pouso,Cabo Frio,FPSE,PR-OOT AW139,Omni,a405e224-7269-4853-923e-d32ba55ad3c5
2026-10-07,509584992,13:50,15:10,Pouso,Oiapoque,NS42,PR-OOY AW189,Omni,870fd8b5-533f-4e93-b7bb-c6f3d9926532
2026-10-07,509585212,13:50,14:02,Pouso,Cabo Frio,FPDC,PR-OHA AW139,Omni,53297e38-90c5-4d92-b076-66d16b3e469b
2026-10-07,509585001,14:00,,Transferido,Cabo Frio,UMPA,PR-CGF S-92A,CHC,17f8ec3a-b58f-45d9-9b09-99a0cc2e1882
2026-10-07,509585018,14:00,,Transferido,Jacarepaguá,NS45,PR-OOP H175,Omni,b4837be7-709c-4acd-9e1e-73114a37ba45
2026-10-07,509585002,14:05,,Transferido,Maricá,NS28,PR-OHN AW139,CHC,76fab685-f0f4-4fdd-8656-45662fc4b61c
2026-10-07,509584979,14:10,,Transferido,Maricá,UMTJ,PR-CGW AW139,Omni,2c146a29-6ee1-4af4-bf78-9c58ecb9d491
2026-10-07,509585019,14:15,,Transferido,Jacarepaguá,NS61,PR-OHF S-92A,Omni,952483b5-760e-4acf-b435-20a19b8f51f6
2026-10-07,509585069,14:20,,Transferido,Jacarepaguá,SADI,PR-OHR AW139,Omni,24666fae-bf5d-4775-8b5b-1a5d19611f75
2026-10-07,509585093,14:20,,Transferido,Cabo Frio,SESU,PR-BGZ AW139,CHC,56a4de2d-5e0c-4c92-a26d-1cd2f8dc92d4
2026-10-07,509582431,14:25,,Transferido,Jacarepaguá,FPCR,PR-EPV S-92A,Líder,22889ba2-f985-4a09-8a5e-a490e11fb4e3
2026-10-07,509584739,14:25,14:25,Pouso,São Tomé,UMPC,PR-JBI S-92A,Líder,1ac4de24-b883-4dc0-b3e8-7ec71d29b912
2026-10-07,509585016,14:25,,Transferido,Maricá,UMPT,PR-BGB S-92A,Omni,2b86f508-3e56-4fa1-bcf1-acb604f72e0b
2026-10-07,509585142,14:25,,Transferido,Cabo Frio,UMPA,PR-BGU S-92A,Omni,ebcfd266-814d-4b46-bc0c-676aa73a8bb0
2026-10-07,509585033,14:30,,Transferido,Jacarepaguá,FPSA,PR-JBO S-92A,Líder,43fe27dd-2632-4fcb-97f2-50ab321ea12d
2026-10-07,509585264,14:30,,Transferido,Maricá,P-79,PR-CGK AW139,Omni,c510f6d9-e942-4622-ae32-cb62e8858da3
2026-10-07,509584991,14:35,,Transferido,Maricá,P-76 / NS40,PR-OHK S-92A,Omni,1801c027-e86e-4741-8960-d35e1ab31f5e
2026-10-07,509585007,14:35,,Transferido,Jacarepaguá,FPPA,PR-JBQ S-92A,Líder,cee44684-8078-4e77-b0c9-8463f84937bf
2026-10-07,509582432,14:40,,Transferido,Jacarepaguá,FPMR,PR-JKJ S-92A,Líder,63ff15c8-1d30-41a9-9ac1-4a51ec93a790
2026-10-07,509585000,14:40,14:22,Pouso,Maricá,NS62,PR-CGN AW139,Omni,fa4f9995-b37b-402e-a6f5-5a2d6ecdc730
2026-10-07,509582433,14:45,,Transferido,Jacarepaguá,FPIT,PR-JBE S-92A,Líder,0c43cb69-27be-43d8-b79c-7b6ef63ce83d
2026-10-07,509585017,14:45,,Transferido,Maricá,UMAC,PR-BGT S-92A,Omni,b9bf0c3e-91f6-4119-a7aa-614c456002d9
2026-10-07,509582434,14:50,,Transferido,Jacarepaguá,NS56,PR-OOR AW189,Omni,b9ddec57-2cc7-4219-99f8-5faa5810a5b3
2026-10-07,509585138,14:50,14:54,Pouso,Maricá,UMPT / P-79,PR-OHV AW139,Omni,1e126680-e8ae-49f8-961c-aa9195f68c93
2026-10-07,509585008,14:55,,Transferido,Jacarepaguá,NS45,PR-OTU AW139,Omni,564b3ab7-796f-4c8e-a703-4b669ac72072
2026-10-07,509584717,15:00,14:28,Pouso,Macaé,P-09,PR-CGS AW139,CHC,b5980ee1-d0fe-4cff-99bd-9970c2c37eb1
2026-10-07,509585150,15:00,,Transferido,Jacarepaguá,SKAU,PR-OHJ AW139,Líder,d387da0e-41b7-4fa7-bc5d-de09d7334e10
2026-10-07,509584963,15:10,15:04,Pouso,São Tomé,UMLI,PR-WSG AW139,Bristow,f4d5ceea-846d-45ee-a418-66fa8b40495e
2026-10-07,509585090,15:10,15:12,Pouso,Vitória,MOP1,PR-OTX AW139,Omni,c70e819f-1831-4e6a-be10-12521f58080f
2026-10-07,509584953,15:20,15:22,Pouso,São Tomé,P-20,PR-JBP S-92A,Líder,98078d26-77c1-45d9-9e77-3454b41984a0
2026-10-07,509584971,15:25,15:29,Pouso,São Tomé,UMPC / P-43,PS-BTC AW139,Bristow,20180bbf-7a79-4496-b460-380557cb35f4
2026-10-07,509585072,15:30,,Transferido,Vitória,UMGR,PS-BTA AW139,Bristow,21fe9d27-4ecc-4935-8200-a7d32816862d
2026-10-07,509585137,15:30,15:15,Pouso,São Tomé,UMVV,PR-CPV S-92A,CHC,89345cee-c73c-48c6-a238-bf9c59b33e1f
2026-10-07,509584967,15:35,15:07,Pouso,São Tomé,UMVT,PR-CCG S-92A,CHC,2f15ca65-d23d-4d86-9886-650865c217da
2026-10-07,509585157,15:45,15:46,Pouso,São Tomé,UMPC / P-56,PR-OOQ H175,Omni,367c122e-14a8-4d8e-9eea-2be8a2902926
2026-10-07,509585196,17:30,,Previsto,Macapá,SBOI / SBMQ,PR-YXT ATR-72-600,Azul,ace17f45-c71e-4863-b87c-233be655a108
2026-10-08,509584710,06:30,06:37,Pouso,Cabo Frio,UMCP,PR-CGF S-92A,CHC,1315da64-12b1-4a99-b1d4-f33dd3b938da
2026-10-08,509585004,06:30,08:17,Pouso,Maricá,P-79,PR-OOC AW139,Omni,c7547b77-e55b-4801-8ae3-d06dbe1c9df3
2026-10-08,509585015,06:30,08:38,Pouso,Jacarepaguá,FPMA,PR-CGO AW139,Omni,3b3cebc7-4953-4b91-8b81-4d3cff513abd
2026-10-08,509585102,06:30,06:31,Pouso,Aracaju,PA39,PR-AIE H145,Líder,066bccc4-5a73-440a-bb88-ec1903fa5a77
2026-10-08,509585501,06:30,06:41,Pouso,Vitória,P-57,PR-OTX AW139,Omni,2b23a561-3427-4267-a125-200d2c0993f8
2026-10-08,509585519,06:30,06:40,Pouso,Macaé,SS92,PR-JKM S-92A,Líder,10cb95ea-d7bc-499d-a4ae-d9c37442cdfb
2026-10-08,509585563,06:30,06:37,Pouso,São Tomé,P-48,PR-JBI S-92A,Líder,02b3881e-8411-4104-9db0-b98f898563df
2026-10-08,509582433,06:35,08:49,Pouso,Jacarepaguá,FPIT,PR-EPV S-92A,Líder,c07a567b-f814-4924-9058-c77102f49cc3
2026-10-08,509584569,06:35,07:18,Pouso,Cabo Frio,UMPA,PR-OHG S-92A,CHC,09348775-0f02-4627-bc23-d1936105190d
2026-10-08,509584957,06:35,06:45,Pouso,Maricá,P-79,PR-BGB S-92A,Omni,06d2d343-b366-48dd-b498-196240fbfb2f
2026-10-08,509585452,06:35,06:44,Pouso,São Tomé,UMLI,PS-BTF AW139,Bristow,a62afdb8-2379-4010-abb5-c84fc27f08da
2026-10-08,509585562,06:35,06:37,Pouso,Macaé,NS60,PR-CGS AW139,CHC,0d0810f3-d704-462d-b018-4b848c81e402
2026-10-08,509582431,06:40,06:51,Pouso,Jacarepaguá,FPCR,PR-JBQ S-92A,Líder,e1abc8e5-990d-4b80-b448-beae8d3d22bf
2026-10-08,509584976,06:40,06:59,Pouso,Maricá,UMPT,PR-OHN AW139,Omni,b7b2a936-35fe-4219-bb06-6e8d48d491f6
2026-10-08,509585038,06:40,06:49,Pouso,Vitória,UMGR,PS-BTL AW139,Bristow,cefc4416-5a5e-4c33-8be0-de9fc566104b
2026-10-08,509585509,06:40,06:46,Pouso,São Tomé,P-54,PR-CCG S-92A,CHC,81411582-b922-428c-8308-476297b68aaa
2026-10-08,509585660,06:40,07:19,Pouso,Macaé,BGDR / SAON,PS-CDT AW139,CHC,2df4c350-c8da-4649-9bd3-cc1acd7cf87d
2026-10-08,509585762,06:40,06:43,Transferido,Cabo Frio,WAVE,PR-BGZ AW139,Omni,9e4b7dab-f231-4030-a453-c47822c0ee13
2026-10-08,509584990,06:45,07:29,Pouso,Maricá,NS38,PR-CGK AW139,CHC,48a0df98-5998-4ced-a1a2-812765c88991
2026-10-08,509585007,06:45,06:53,Pouso,Jacarepaguá,FPPA,PR-JKJ S-92A,Líder,5d95ac23-39a9-4486-9e74-cb6e2d358ca0
2026-10-08,509585311,06:45,07:10,Pouso,Cabo Frio,UMCP,PR-OHL AW139,Omni,f6b2153b-0110-4212-bb09-c4a2ece155fc
2026-10-08,509585431,06:45,06:42,Pouso,São Tomé,FSME / NS51,PR-JHI AW139,Líder,e1a48ae3-012e-4c48-997a-d0aea9353e75
2026-10-08,509585570,06:45,,Transferido,Macaé,NS58,PS-BTP AW139,Líder,104ae39b-f800-4e2c-b8cd-5c0585d40e85
2026-10-08,509584999,06:50,08:07,Pouso,Maricá,P-78,PR-CGE S-92A,CHC,6d4535b1-a215-4315-b9d9-d634cfbd5ec3
2026-10-08,509585014,06:50,08:23,Transferido,Jacarepaguá,UMAR,PR-JBE S-92A,Líder,e49f342e-b36a-4d1e-944f-9699080a5c6e
2026-10-08,509585091,06:50,07:00,Pouso,Vitória,FPMQ,PS-BTK AW139,Bristow,321f8340-74e1-4545-8c08-32cbefdf6490
2026-10-08,509585313,06:50,06:58,Pouso,São Tomé,P-25,PR-JAA S-92A,Líder,8a37a0bc-d4be-4d78-87dd-508303c81c59
2026-10-08,509585013,06:55,06:58,Pouso,Jacarepaguá,FPIB,PR-JBO S-92A,Líder,997f05ad-2107-4a7b-85e1-bc4887033a57
2026-10-08,509585264,06:55,10:17,Pouso,Maricá,P-79,PR-CGW AW139,CHC,ac291d87-bfc0-4128-b465-22c6495e54c8
2026-10-08,509585591,06:55,06:56,Pouso,São Tomé,P-31,PR-WSG AW139,Bristow,56458aaf-d7eb-463f-8d84-89de29c718a5
2026-10-08,509584968,07:00,07:20,Pouso,Maricá,P-74,PR-CHT S-92A,Omni,647df4e2-8816-4ed1-ba6f-497038ca9dd8
2026-10-08,509585443,07:00,06:52,Pouso,São Tomé,UMVV,PR-OTN H175,Omni,773222b1-2e4c-48d0-9617-e2783ef020d4
2026-10-08,509585497,07:00,07:17,Pouso,Jacarepaguá,FPIT,PR-OOR AW189,Omni,46737077-5bfd-47a3-9a80-b63960f4622c
2026-10-08,509585545,07:00,09:26,Pouso,Macaé,FPCG,PR-CGS AW139,CHC,ef769840-d854-494c-b70d-6f4a2f2ace07
2026-10-08,509585736,07:00,07:07,Pouso,Cabo Frio,FPPL,PS-CDR AW139,CHC,13f7c2aa-60e4-4ed9-8ccf-02d16fd26b10
2026-10-08,509584984,07:05,07:40,Pouso,Maricá,P-75,PR-OHK S-92A,Omni,30360c00-1c56-42e0-8817-fc3870c72142
2026-10-08,509585218,07:05,07:11,Pouso,São Tomé,P-51 / UMMA,PR-JBP S-92A,Líder,960d9f73-b477-4711-80d6-b23193d6f269
2026-10-08,509584977,07:10,07:26,Pouso,Maricá,UMTJ,PR-BGT S-92A,CHC,1d55fadf-15aa-4623-8161-af269f4302e3
2026-10-08,509584993,07:10,07:48,Pouso,Jacarepaguá,PMLZ1,PR-OHJ AW139,Omni,225a408d-78bf-4572-88f5-df39bab4eed0
2026-10-08,509585573,07:10,07:21,Pouso,Vitória,P-57,PS-BTA AW139,Bristow,680f4aa5-01fb-47f8-b8ef-6fc27f2e8d64
2026-10-08,509582377,07:15,07:24,Pouso,Jacarepaguá,UMCP,PR-OON AW189,Omni,6fe2371d-aa9e-42cf-bf02-ae9525a19a51
2026-10-08,509585002,07:15,07:25,Pouso,Maricá,NS28,PR-CGW AW139,CHC,89f65879-15a2-4ee3-af7b-bb811e70dee7
2026-10-08,509585453,07:15,07:20,Pouso,São Tomé,NS31,PS-BTC AW139,Bristow,1cb3b2dd-7d7b-43d5-93a5-39bcdbfc9ea8
2026-10-08,509585069,07:20,07:30,Transferido,Jacarepaguá,SADI,PR-JHC AW139,Omni,b360d2c7-a888-4ed1-ad93-333c437305ad
2026-10-08,509585219,07:20,07:25,Pouso,São Tomé,UMPC,PR-OTP H175,Omni,4e427ea8-7347-4fb4-a593-b5774f8abe23
2026-10-08,509585444,07:25,07:07,Pouso,São Tomé,NS63,PR-CPV S-92A,CHC,534adad0-1590-4da3-a5e8-1926d98aa74a
2026-10-08,509584987,07:30,07:32,Pouso,Jacarepaguá,NS54,PR-OTU AW139,Omni,23701f21-138e-4e8b-be77-b44f8ef7cac6
2026-10-08,509585033,07:40,08:54,Pouso,Jacarepaguá,FPSA,PR-JAR S-92A,Líder,fd545592-eef5-4eb5-a185-011745724df5
2026-10-08,509584979,07:50,07:52,Pouso,Maricá,UMTJ,PR-OHV AW139,Omni,9864945d-0f47-4aa2-a2cf-07297d27850b
2026-10-08,509585555,07:50,07:47,Pouso,Aracaju,PA39,PR-AIE H145,Líder,f820c387-13c4-4bf9-8e2c-34bc07f59210
2026-10-08,509582434,08:00,08:47,Pouso,Jacarepaguá,NS56,PR-OTY AW189,Omni,f70cbcd8-aa0c-4fd4-957d-5f5b2bb8eac4
2026-10-08,509585583,08:00,08:02,Pouso,Fortaleza,PCR-01,PR-AEV H145,Líder,9158bee1-958f-48ab-8b19-22ae28ad9cbf
2026-10-08,509585018,08:05,08:16,Pouso,Jacarepaguá,NS45,PR-OOP H175,Omni,56f63793-c6dd-470a-a732-dbc6eee6151a
2026-10-08,509585150,08:10,,Transferido,Jacarepaguá,SKAU,PR-OHR AW139,Líder,f775724a-9241-41d9-aefb-7f207413caa9
2026-10-08,509585019,08:20,09:36,Pouso,Jacarepaguá,NS61,PR-OHF S-92A,Omni,79beda97-0d40-41fb-8bf6-af6a7be34bcf
2026-10-08,509585567,08:30,08:52,Pouso,Oiapoque,NS42,PR-OOX AW189,Omni,98a111e6-a766-4cfd-a8b9-30be5c46d587
2026-10-08,509585568,08:50,09:09,Pouso,Oiapoque,NS42,PR-OOY AW189,Omni,5627ae40-5021-4c31-999e-30d6342ad3e0
2026-10-08,509585412,08:55,08:52,Pouso,São Tomé,UMLI,PR-JBI S-92A,Líder,ea39863f-1ef0-42c8-b786-8b5fd7cf14e3
2026-10-08,509585072,09:00,09:19,Pouso,Vitória,UMGR,PS-BTO AW139,Bristow,08531587-95bc-44e3-b6fa-06832dcd0658
2026-10-08,509585556,09:10,09:07,Pouso,Aracaju,PA38,PR-AIE H145,Líder,c1b4530b-ce46-487b-b934-897b55514a35
2026-10-08,509585564,09:10,09:09,Pouso,São Tomé,P-53,PS-BTF AW139,Bristow,3d9312b1-c447-4e0f-bf19-4da07663ed97
2026-10-08,509585440,09:15,09:16,Pouso,São Tomé,P-19,PR-JHI AW139,Líder,2f69942d-6a32-48ac-a42d-9879514d6db9
2026-10-08,509585418,09:20,10:07,Pouso,Maricá,FPAB,PR-CGN AW139,Omni,86a24e07-a490-4983-83e3-686b3523dd2d
2026-10-08,509585513,09:20,09:16,Pouso,Vitória,UMGR,PR-OTX AW139,Omni,556749c7-173a-4df5-90aa-b6dc7e36fd92
2026-10-08,509585318,09:25,09:10,Pouso,São Tomé,P-55,PR-CCG S-92A,CHC,5c56b248-5932-4148-9c50-8dcdd595e51e
2026-10-08,509585560,09:25,09:25,Pouso,Macaé,PGP1,PR-JKM S-92A,Líder,4344ce20-cf96-4411-8ed8-a455e5f70ba1
2026-10-08,509585016,09:30,10:37,Pouso,Maricá,UMPT,PR-BGB S-92A,Omni,24ec3b84-9215-4642-90e4-0cb9cf757339
2026-10-08,509585450,09:30,09:30,Pouso,São Tomé,P-18,PR-JAA S-92A,Líder,4b18f6d3-b0ba-4eff-a568-de5000c4d0ef
2026-10-08,509585502,09:30,10:39,Transferido,Vitória,SS81,PR-OHB AW139,Bristow,24f67f83-7988-4f01-a583-5c508e7fe282
2026-10-08,509585592,09:35,10:58,Pouso,São Tomé,P-38 / UMLI,PR-OOQ H175,Omni,a02fa5ac-3f6a-452e-a2aa-c0d5ea312911
2026-10-08,509584958,09:40,10:25,Pouso,Maricá,P-74 / UMTJ,PR-OHN AW139,Omni,16c513bd-497b-4761-9615-fee9cbbcd0e1
2026-10-08,509585415,09:40,09:35,Pouso,São Tomé,NS44,PR-OTN H175,Omni,d9d66228-d30c-4a58-b207-3d01e7349a8c
2026-10-08,509585576,09:40,09:46,Pouso,Vitória,SKRE,PS-BTK AW139,Bristow,62a80c30-df57-45f4-a44f-b5acded0d4dc
2026-10-08,509585460,09:45,09:40,Pouso,São Tomé,P-43,PR-JBP S-92A,Líder,156fcc02-5344-4cce-a1ac-14e47ba09bdc
2026-10-08,509584991,09:50,10:10,Pouso,Maricá,P-76 / NS40,PR-OOL S-92A,Omni,11355d3f-9db6-40fc-959b-c5007abaf2ff
2026-10-08,509585314,09:50,09:50,Pouso,São Tomé,PRA-1 / P-53,PR-OTP H175,Omni,e9770627-e455-4f9b-b1af-dbb16deb4dd3
2026-10-08,509585649,09:50,09:31,Pouso,Macaé,SAJA,PS-LSC AW139,CHC,f432ca51-5d9a-4e89-995b-4b772c4ce401
2026-10-08,509585462,09:55,09:47,Pouso,Cabo Frio,FPGU,PR-OOT AW139,Omni,7f89728c-562e-4feb-b7f3-b3de18c198c3
2026-10-08,509585479,09:55,10:06,Pouso,Maricá,NS28,PR-CGK AW139,CHC,dd016549-4af0-425a-bc33-6091511f278e
2026-10-08,509585579,09:55,10:03,Pouso,São Tomé,P-56,PR-JHE AW139,Líder,33cc386e-b0f0-4738-a4d1-4e859f0c4fee
2026-10-08,509585001,10:00,10:11,Pouso,Cabo Frio,UMPA,PR-CGF S-92A,CHC,ba80e4c2-ce7f-48a8-864c-f8e137ec8085
2026-10-08,509585017,10:00,10:19,Pouso,Maricá,UMAC,PR-CHT S-92A,Omni,2b513ccb-b63f-498d-af42-22dafccd4078
2026-10-08,509585530,10:00,11:18,Pouso,Vitória,UMGR,PS-BTA AW139,Bristow,5f12a3a1-b3e5-4b55-8bfc-aeee35722e85
2026-10-08,509585544,10:00,10:04,Pouso,Macaé,UMPC,PS-CDT AW139,CHC,3c1478e8-6fe1-4d38-adc9-85aba09a39d5
2026-10-08,509585012,10:05,10:04,Pouso,Cabo Frio,UMCP,PR-BGU S-92A,Omni,33c0cbaf-6a8f-40cb-ab1c-c38f7fcbac72
2026-10-08,509585546,10:05,09:52,Pouso,São Tomé,P-62,PR-CPV S-92A,CHC,ac51bad6-4cd7-407e-922b-4897b9f10339
2026-10-08,509585578,10:05,,Transferido,Jacarepaguá,FPMA,PR-CGO AW139,Omni,7a72e412-e13b-4cf8-82db-da5b3acfa655
2026-10-08,509582432,10:10,11:59,Pouso,Jacarepaguá,FPMR,PR-EPV S-92A,Líder,afcf1bc4-bd2d-41e2-a419-54d6a72bc190
2026-10-08,509583348,10:10,10:31,Pouso,Vitória,P-57,PS-BTL AW139,Bristow,f659488e-07d9-4b08-b25b-73c5dc83c574
2026-10-08,509585593,10:10,09:56,Pouso,São Tomé,UMMA,PR-OTS H175,Omni,84b0d851-0dc3-4af2-ac8f-5a742649f30e
2026-10-08,509585782,10:10,10:53,Pouso,Maricá,UMTJ / P-74,PR-BGT S-92A,CHC,d39f1a04-61bb-4d38-b1cf-8c12f9d34c0c
2026-10-08,509585449,10:15,10:02,Pouso,Cabo Frio,FPDC,PR-OHA AW139,Omni,11ca90b9-eafa-4a27-83e7-57d1244db561
2026-10-08,509585480,10:15,11:08,Pouso,Maricá,UMPT,PR-OOC AW139,Omni,66c2d07d-2857-4486-b66d-f1bee31e46d4
2026-10-08,509584994,10:20,12:24,Pouso,Jacarepaguá,PMXL,PR-OOS AW139,Omni,74da84fa-5840-4a58-a718-3998d5281947
2026-10-08,509585447,10:20,10:28,Pouso,Cabo Frio,UMCP,PR-OHL AW139,Omni,54d9beb2-c48d-4908-b2a7-bab4ebc09488
2026-10-08,509585651,10:20,10:11,Pouso,Macaé,SESU,PS-BTP AW139,Bristow,88ed5638-e032-4155-914e-8d1fe4d1b31d
2026-10-08,509585565,10:25,10:42,Pouso,Jacarepaguá,P-67,PR-JBQ S-92A,Líder,d3de57cc-8178-4a52-9120-c717691f7f97
2026-10-08,509585481,10:30,10:35,Pouso,Maricá,UMAC,PR-OHK S-92A,Omni,46fc318f-a7fc-427d-97d1-c8d165b9537d
2026-10-08,509585504,10:30,,Transferido,Jacarepaguá,P-70,PR-JKJ S-92A,Líder,1020a318-e9c8-44aa-96a1-f348a6c15a9c
2026-10-08,509585557,10:30,10:29,Pouso,Aracaju,PA39,PR-AIE H145,Líder,18f0600f-f8e9-4e8f-b044-e86f55d8d8ba
2026-10-08,509585584,10:30,10:35,Pouso,Fortaleza,PCR-01,PR-AEV H145,Líder,175b708d-9535-4043-aecd-8f88999c00a2
2026-10-08,509585464,10:35,13:31,Pouso,Maricá,UMPT,PR-CGE S-92A,CHC,f7dca39e-5255-4b4e-b1b5-e3c9fda4d49d
2026-10-08,509585470,10:35,10:49,Pouso,Cabo Frio,FPGU,PR-CGU AW139,CHC,1f1cb726-9e50-4be0-9f5b-4f6dccda9f6c
2026-10-08,509585535,10:35,,Transferido,Jacarepaguá,UMAR,PR-OOR AW189,Omni,a520b50c-85ce-44bb-8d78-b6ad5e8453a0
2026-10-08,509585008,10:40,11:08,Pouso,Jacarepaguá,NS45,PR-OTU AW139,Omni,114365b7-df71-4231-a5e8-8d3371ff4665
2026-10-08,509585417,10:40,,Transferido,Cabo Frio,UMCP,PR-BGU S-92A,Omni,283aca8b-7988-48f1-a5c5-1dffd1d0df9d
2026-10-08,509585650,10:45,,Transferido,Jacarepaguá,P-66,PR-JBE S-92A,Líder,4d7aed1a-6a11-413f-a898-11f0f730952c
2026-10-08,509585577,10:50,10:41,Pouso,Jacarepaguá,P-68,PR-JBO S-92A,Líder,f8fc671d-74a2-46ec-9807-3cca4022b58a
2026-10-08,509585783,10:50,10:52,Pouso,Maricá,P-74 / UMTJ,PR-OHV AW139,Omni,834c48b4-d4f5-4832-8066-bd413452852d
2026-10-08,509585763,10:55,10:41,Pouso,Cabo Frio,SKVI,PR-CGT AW139,CHC,03c88dee-43d3-43cb-81b0-def51df31798
2026-10-08,509585507,11:00,11:42,Pouso,Jacarepaguá,NS55,PR-OOP H175,Omni,28242a9c-8bdf-4888-b2da-48cfbf46381e
2026-10-08,509585668,11:10,12:05,Pouso,Macapá,SBMQ / SBOI,PR-YXT ATR-72-600,Azul,7c44e8b7-0a21-47c0-a27c-eb72539a1c8d
2026-10-08,509585494,11:15,11:45,Pouso,Jacarepaguá,PMXL,PR-JHC AW139,Líder,26973825-3dca-4049-86c6-ca583cf7ee67
2026-10-08,509585441,11:20,11:17,Pouso,São Tomé,UMPC,PR-JBI S-92A,Líder,b17e1f6e-c699-443f-9a0b-d656d423e56f
2026-10-08,509585533,11:25,12:30,Pouso,Jacarepaguá,UMAR,PR-JAR S-92A,Líder,b36e231c-a2ee-466f-8c83-f1c0594dc79e
2026-10-08,509585487,12:10,13:57,Pouso,Jacarepaguá,FPCS,PR-OHJ AW139,Omni,5bd69b8b-f1d3-468a-a1bd-3202e2bd73cb
2026-10-08,509585558,12:20,12:19,Pouso,Aracaju,PA38,PR-AIE H145,Líder,487bf79b-834d-43ef-acc3-9e02ba3aba82
2026-10-08,509585506,12:30,13:37,Pouso,Jacarepaguá,NS54,PR-OHF S-92A,Omni,7aaf7b0e-a6ba-4f78-b170-faf01494a430
2026-10-08,509585590,12:30,12:38,Pouso,São Tomé,P-19,PS-BTF AW139,Bristow,30944f0e-944b-4983-b158-25fdce29dbc5
2026-10-08,509585315,12:35,12:45,Pouso,São Tomé,P-31 / PRA-1,PR-JHI AW139,Líder,87742584-8182-4865-a8e4-dd3f1e16356c
2026-10-08,509585413,12:40,12:42,Pouso,São Tomé,P-53,PR-JAA S-92A,Líder,e0fe21d0-6007-4f69-b053-fdf2e06dfef6
2026-10-08,509585549,12:40,12:53,Pouso,Vitória,SARU,PS-BTO AW139,Bristow,3e408ad4-6ceb-43d1-a134-eab9cbdd9169
2026-10-08,509585594,12:45,12:47,Pouso,São Tomé,FPAG,PR-OTS H175,Omni,be788fff-c66c-4073-b4c7-e61eb9938189
2026-10-08,509585445,12:50,12:33,Pouso,São Tomé,UMVV,PR-CCG S-92A,CHC,b968db99-b574-4954-bd9a-fb84b5cde002
2026-10-08,509585575,12:50,12:58,Pouso,Vitória,P-58,PS-BTK AW139,Bristow,f1029f61-2637-4ba1-9a63-226014b429f1
2026-10-08,509585760,12:55,13:01,Pouso,São Tomé,P-48,PS-BTC AW139,Bristow,ebcaacbe-29c8-44f1-aaa4-d63713ae92bb
2026-10-08,509585465,13:00,13:43,Pouso,Maricá,P-76,PR-CGN AW139,Omni,8dd3edad-92b9-48ec-a57c-77325c6e61d8
2026-10-08,509585489,13:00,,Transferido,Vitória,CDAN,PR-OTX AW139,Omni,bbad8bc2-437a-4b20-802f-2bb7956364c7
2026-10-08,509585495,13:00,,Transferido,Vitória,FPMQ,PR-OHB AW139,Bristow,254c57c4-bff2-4add-9e0c-6e1bb487bbff
2026-10-08,509585571,13:05,13:14,Pouso,Macaé,SS73,PR-CGS AW139,CHC,2aa2d918-c54e-44d4-9969-fa81f07057ca
2026-10-08,509585572,13:05,13:12,Pouso,São Tomé,P-52 / NS44,PR-OTN H175,Omni,3ab84a1e-2a94-4bfd-b894-c1110960e888
2026-10-08,509585414,13:10,13:17,Pouso,São Tomé,UMLI,PR-OTP H175,Omni,4a58d411-3621-4aa8-bfc7-ade46478f683
2026-10-08,509585585,13:10,13:17,Pouso,Fortaleza,PAT-03,PR-AEV H145,Líder,5c602dc6-0844-4d8d-94d6-c75c9c8668e6
2026-10-08,509585786,13:10,14:18,Pouso,Maricá,UMTJ,PR-BGB S-92A,Omni,7537ec71-bc0c-4b47-a1f6-56581da2ec92
2026-10-08,509585595,13:15,13:05,Pouso,São Tomé,SS75,PR-JHE AW139,Líder,dd633af7-230a-4832-9f30-dccb237c084d
2026-10-08,509585467,13:20,13:36,Pouso,Maricá,P-77,PR-CHT S-92A,Omni,f5f8f1d9-ec09-4209-95fd-ffe79d0c665e
2026-10-08,509585561,13:20,13:19,Pouso,Macaé,NS41,PR-CGD S-92A,CHC,a7f62358-2887-4521-bf26-584070f05bc9
2026-10-08,509585785,13:25,13:42,Pouso,Maricá,P-76 / NS43,PR-CGK AW139,CHC,02a8a518-5f31-4ddc-ac41-ff99190effb6
2026-10-08,509585416,13:30,13:22,Pouso,São Tomé,UMVT / P-62 / UMVV,PR-CPV S-92A,CHC,0b3cfd27-afd8-4ada-ad32-f9aa524d2ad6
2026-10-08,509585468,13:30,13:53,Pouso,Maricá,P-75,PR-OOL S-92A,Omni,55fec9d1-7608-4497-a879-db6083e5c526
2026-10-08,509585514,13:30,14:12,Pouso,Vitória,UMGR,PS-BTA AW139,Bristow,1ba44622-ab35-484c-9a5e-3e06597ed415
2026-10-08,509585830,13:30,12:05,Pouso,Macapá,SBOI / SBMQ,PR-YXT ATR-72-600,Azul,2918f904-a541-4457-a958-98cc0d6303f9
2026-10-08,509585442,13:35,13:44,Pouso,São Tomé,NS32,PR-OOQ H175,Omni,8f8e843c-4345-4e83-8716-d2ecc2374a57
2026-10-08,509585466,13:40,14:08,Pouso,Maricá,NS59,PR-OHN AW139,Omni,324e9e44-98b2-4508-bc14-f07ba8e1c5c6
2026-10-08,509585536,13:50,13:51,Pouso,Jacarepaguá,NS33 / P-70,PR-OON AW189,Omni,cccfa0bc-99ab-4222-8217-dc843caa28ea
2026-10-08,509585658,13:50,13:34,Pouso,Cabo Frio,FPSE,PS-CDR AW139,CHC,436d2bf5-0c9d-4ba3-86f7-0660fb87abaf
2026-10-08,509585534,13:55,,Transferido,Jacarepaguá,FPSP,PR-EPV S-92A,Líder,d0bd6d7a-a020-4b43-8e7b-ed3484669994
2026-10-08,509585142,14:00,15:27,Pouso,Cabo Frio,UMPA,PR-CGF S-92A,CHC,d8bb83fd-ee4d-4aa9-a03a-1a92c555dcee
2026-10-08,509585469,14:00,14:05,Pouso,Maricá,P-78,PR-OHK S-92A,Omni,d0af4715-1597-4bf0-b02e-afda1b62e417
2026-10-08,509585483,14:00,14:40,Pouso,Maricá,P-76,PR-OOC AW139,Omni,b7fdc2b6-c641-4732-a2bb-f3dc8fe74ebc
2026-10-08,509585484,14:05,,Transferido,Maricá,UMPT,PR-CGE S-92A,Omni,2e223aa7-6d93-4a53-bdd7-017523d7041a
2026-10-08,509585784,14:05,14:11,Pouso,Cabo Frio,UMCP,PR-OHL AW139,Omni,51c38af9-f17d-40d2-913f-7d0cb1be0365
2026-10-08,509586100 🆕,14:05,,Cancelado,Maricá,UMTJ,PR-OHV AW139,Omni,a4b09259-071f-4df6-92ed-1fd96e280c48
2026-10-08,509585498,14:06,14:05,Pouso,Jacarepaguá,FPAR,PR-JBQ S-92A,Líder,87a47f67-6ba4-4ed2-8681-33cc4a6504a5
2026-10-08,509585491,14:10,13:55,Pouso,Maricá,NS40,PR-CGW AW139,CHC,dfc93a28-0ff6-4345-aa70-83e6a3adb4cd
2026-10-08,509585511,14:10,14:12,Pouso,Jacarepaguá,PMLZ1,PR-OHR AW139,Omni,e38f54fc-68c1-404f-9ff9-75b8df769934
2026-10-08,509585500,14:15,14:55,Pouso,Maricá,NS43,PR-BGT S-92A,CHC,2f264453-2a8d-4b28-bc6b-03f9dd78dba4
2026-10-08,509585505,14:15,,Transferido,Jacarepaguá,FPIB,PR-JKJ S-92A,Omni,1568fd95-0199-4a64-b2db-8da1c0ae4411
2026-10-08,509585446,14:20,,Transferido,Cabo Frio,UMPA,PR-CGF S-92A,CHC,ce409ac9-63ee-48e4-84cb-9ad5969bdf0e
2026-10-08,509585515,14:20,14:19,Pouso,Jacarepaguá,UMPA,PR-CGO AW139,Omni,2a48f636-5896-436c-a0f2-2a631b6fe156
2026-10-08,509585316,14:25,14:17,Pouso,São Tomé,P-51 / UMLI,PR-JBI S-92A,Líder,872bcdb9-229c-48bf-b43f-3723d221689f
2026-10-08,509585655,14:25,14:33,Pouso,Jacarepaguá,SKBU,PR-JHC AW139,Líder,73686448-f5dc-4a6e-83b2-9221be711c42
2026-10-08,509585516,14:30,,Transferido,Jacarepaguá,FPMR,PR-JBO S-92A,Líder,34734fc6-16a6-4cf4-9cf7-d76bc1291943
2026-10-08,509585448,14:35,,Transferido,Cabo Frio,UMPA,PR-BGU S-92A,CHC,81ba2ecd-8175-4136-a3bc-376815f8d1b8
2026-10-08,509585566,14:35,15:01,Pouso,Jacarepaguá,P-69,PR-OTY AW189,Omni,0bfd4be5-87b1-4ff2-abd3-34c27e323308
2026-10-08,509585499,14:40,14:17,Transferido,Jacarepaguá,UMAR,PR-JBE S-92A,Líder,d8937ac7-d84a-4ea6-ac4e-1718132d5e4c
2026-10-08,509585800,14:40,14:46,Pouso,Cabo Frio,SATO,PR-CGT AW139,CHC,ce39fb2c-f2de-413a-8fc3-1ce07c3cfa41
2026-10-08,509585540,14:45,,Transferido,Jacarepaguá,NS47,PR-OOR AW189,Omni,c26196c3-7715-4fb2-8d7b-bcb8d6cb5917
2026-10-08,509585493,14:50,15:18,Pouso,Jacarepaguá,P-71,PR-OOS AW139,Omni,14767cf3-1bb5-4b05-9e2d-56d111ce02e5
2026-10-08,509585538,14:55,15:05,Pouso,Jacarepaguá,NS45,PR-OOP H175,Omni,0f84eeb6-e42a-4eae-b801-5d9777040f86
2026-10-08,509585518,15:05,15:14,Pouso,Jacarepaguá,NS61,PR-OTU AW139,Omni,93c52857-c43d-465a-ac26-68f5699489a1
2026-10-08,509585317,15:15,15:08,Pouso,São Tomé,NS51,PR-JHI AW139,Líder,40fb3583-4816-4dc8-b2ed-40a95b3ad5cb
2026-10-08,509585496,15:20,15:22,Pouso,Vitória,UMGR,PS-BTO AW139,Bristow,9e393443-2e35-490d-8a4c-071e091d2249
2026-10-08,509585877,15:20,15:08,Pouso,Macaé,SS83,PS-BTP AW139,Bristow,530a771a-b519-430a-a508-6c1df23fca51
2026-10-08,509585512,15:30,15:34,Pouso,Vitória,NS52,PS-BTK AW139,Bristow,f1819d70-def0-474a-afdc-4b449e232433
2026-10-08,509585537,15:30,,Transferido,Jacarepaguá,NS54,PR-OHF S-92A,Omni,fb754f07-fb38-454b-9a46-149182684fd7
2026-10-08,509585547,15:30,15:27,Pouso,São Tomé,UMMA / P-56,PR-OTS H175,Omni,fb43592c-14ba-4ab4-9679-b0485c4a4f12
2026-10-08,509585319,15:35,15:09,Pouso,São Tomé,UMVT,PR-CCG S-92A,CHC,7a320501-4fd6-43a3-b3f3-fbcf67877aa9
2026-10-08,509585508,15:40,15:25,Pouso,Macaé,SS83,PS-LSC AW139,CHC,3112898a-3dd1-4a95-ba33-aeda6824c7b1
2026-10-08,509585911 🆕,16:00,16:11,Pouso,Salvador,PMNT1,PR-OFE H145,Omni,1cd1faa7-73b7-4a7f-bcc1-0f8a77c5a5d1
2026-10-09,509586091,06:20,,Previsto,Vitória,MOP1,PS-BTA AW139,Bristow,61868d87-cd0e-407b-af8f-8751827d14aa
2026-10-09,509585014,06:30,,Previsto,Jacarepaguá,UMAR,PR-EPV S-92A,Líder,32b79699-3dd8-4166-9cff-d40c5212a937
2026-10-09,509585446,06:30,,Previsto,Cabo Frio,UMPA,PR-CGF S-92A,CHC,2b8ed83b-e4f3-4524-abe3-d08b9fc77afd
2026-10-09,509585495,06:30,,Previsto,Vitória,FPMQ,PS-BTO AW139,Bristow,f5113ad5-974b-4d79-aa19-f1df311226a8
2026-10-09,509585570,06:30,,Previsto,Macaé,NS58,PR-JKM S-92A,Líder,e998b2ab-b045-489a-888f-8f372d2598e9
2026-10-09,509585659,06:30,,Previsto,Maricá,P-79,PR-OOL S-92A,Omni,9d199739-034c-484c-abab-62f39675fc4f
2026-10-09,509586097,06:30,,Previsto,São Tomé,P-48,PR-JBP S-92A,Líder,0f19ec4e-5a47-4a30-84da-5ebaf2b8e5ce
2026-10-09,509585503,06:35,,Previsto,Jacarepaguá,FPMA,PR-OON AW189,Omni,59918b24-fe50-4e3b-a649-54c189e2afff
2026-10-09,509585596,06:35,,Previsto,Maricá,UMAC,PR-CHT S-92A,Omni,cf0d16dc-810e-4095-beb1-cad799b3ec0f
2026-10-09,509585762,06:35,,Previsto,Cabo Frio,WAVE,PR-OOT AW139,Omni,083a7e64-9655-4793-ae62-025823505e13
2026-10-09,509586038,06:35,,Previsto,Macaé,SS83 / SS92,PS-LSC AW139,CHC,356983fd-5b72-496b-aab2-3fe7e6108ea6
2026-10-09,509586127,06:35,,Previsto,São Tomé,PRA-1,PS-BTC AW139,Bristow,d9367376-1e35-4615-b7ef-e0b3475bdfcc
2026-10-09,509585542,06:38,,Previsto,Jacarepaguá,FPPA,PR-JAR S-92A,Líder,7ac32c13-f972-476a-96e6-cd545a099acf
2026-10-09,509585502,06:40,,Previsto,Vitória,SS81,PS-BTK AW139,Bristow,88ce981c-a4bf-4a77-8cfa-3f7c79e8a92c
2026-10-09,509585510,06:40,,Previsto,Maricá,NS62,PR-BGT S-92A,CHC,53445ca5-6e85-40c7-83d8-8179732ce548
2026-10-09,509585912,06:40,,Previsto,São Tomé,NS63,PR-CPV S-92A,CHC,71ab49d7-e852-4842-be76-e389570a8040
2026-10-09,509585534,06:42,,Previsto,Jacarepaguá,FPSP,PR-JKJ S-92A,Líder,b19478fe-4b97-4c99-bc0d-bddd939b70e7
2026-10-09,509585417,06:45,,Previsto,Cabo Frio,UMCP,PR-OHL AW139,Omni,a155d19c-8a08-461e-ba9f-4a947a6650e5
2026-10-09,509585419,06:45,,Previsto,Maricá,UMTJ,PR-OHK S-92A,Omni,cbf3716b-01cc-4974-a856-7918283922fd
2026-10-09,509585650,06:45,,Previsto,Jacarepaguá,P-66,PR-JBO S-92A,Líder,55845888-c641-422e-a26e-eec7730907d6
2026-10-09,509586043,06:45,,Previsto,Macaé,NS41 / BGDR,PR-CGS AW139,CHC,d080aea2-9807-460d-9092-6501f94031c3
2026-10-09,509586101,06:45,,Previsto,São Tomé,FPAG,PR-JHI AW139,Líder,0617386b-b19e-431a-86c0-3c74230778b1
2026-10-09,509586233,06:45,,Previsto,Salvador,PMNT1,PR-OFE H145,Omni,20d1e771-4d55-4293-a5b5-35a84fe1074f
2026-10-09,509585537,06:48,,Previsto,Jacarepaguá,NS54,PR-OTU AW139,Omni,f918b996-abc7-4d11-8472-0c99f615f107
2026-10-09,509585448,06:50,,Previsto,Cabo Frio,UMPA,PR-BGU S-92A,CHC,290ea315-aa01-4528-b973-50e2c2b6b9d5
2026-10-09,509585489,06:50,,Previsto,Vitória,CDAN,PR-OTX AW139,Omni,5f46a649-ab80-4174-ae6b-ff8784dec3d3
2026-10-09,509586098,06:50,,Previsto,São Tomé,P-51,PR-JBI S-92A,Líder,b8d302b3-1054-47b1-b88c-8410483a0170
2026-10-09,509585578,06:51,,Previsto,Jacarepaguá,FPMA,PR-CGO AW139,Omni,919d03da-9771-4f37-9822-b762467e4a99
2026-10-09,509585789,06:52,,Previsto,São Tomé,P-52,PR-CCG S-92A,CHC,bd451cd3-41e3-4f09-9c39-e3d437fc1b4b
2026-10-09,509585484,06:55,,Previsto,Maricá,UMPT,PR-OOC AW139,Omni,a5890f38-08ef-47fb-8c75-16e85b5463e5
2026-10-09,509585517,06:55,,Previsto,Jacarepaguá,NS56,PR-JBQ S-92A,Líder,b9b50ec1-ecea-4b5a-aed5-9cd0fdafc11c
2026-10-09,509586047,06:55,,Previsto,São Tomé,UMMA,PS-BTF AW139,Bristow,cd50502a-ce96-4dab-9624-a2d5a8f6b40a
2026-10-09,509585482,07:00,,Previsto,Maricá,FPAT,PR-BGB S-92A,Omni,9f1c04e7-08cc-4370-8387-f8a1add0167d
2026-10-09,509585505,07:00,,Previsto,Jacarepaguá,FPIB,PR-OHF S-92A,Omni,a8072159-e2e2-47f4-94d0-df0af2365bfb
2026-10-09,509586027,07:00,,Previsto,Cabo Frio,FPPL,PS-CDR AW139,CHC,7eaaff1c-6dd5-44ea-bc1c-802689df3b4a
2026-10-09,509586141,07:00,,Previsto,São Tomé,P-54,PR-OFH H175,Omni,9f7aed04-df82-4621-b375-c4da1872bb7f
2026-10-09,509586350,07:00,,Previsto,Aracaju,PCM-9,PR-AIE H145,Líder,a0181bbb-107a-4e62-8e03-78a74ee650b5
2026-10-09,509585150,07:05,,Previsto,Jacarepaguá,SKAU,PR-JHC AW139,Líder,27ccaf20-bad0-4791-9a87-5d17382ce4e8
2026-10-09,509586138,07:05,,Previsto,Cabo Frio,WAVE,PR-BGZ AW139,CHC,ef45313f-8736-4958-ba61-e5d9ad0e3a92
2026-10-09,509585492,07:10,,Previsto,Maricá,UMTJ,PR-OHN AW139,Omni,3737d2f9-7a11-46f8-a572-29b4956170ab
2026-10-09,509585970,07:10,,Previsto,Jacarepaguá,FPCS,PR-OHJ AW139,Omni,88d5f2d8-1e6c-4bdb-a67f-69842809e1e9
2026-10-09,509586028,07:10,,Previsto,Cabo Frio,FPDC,PR-OHA AW139,Omni,a9b0b2c0-8596-4431-9410-2d68de5babd4
2026-10-09,509586112,07:10,,Previsto,São Tomé,P-31,PR-JHE AW139,Líder,29563c4a-facf-4530-bacd-24f053b0c59b
2026-10-09,509585486,07:15,,Previsto,Maricá,NS28,PR-CGW AW139,CHC,bf74b60c-847d-473c-bfac-91630978f4ef
2026-10-09,509585980,07:15,,Previsto,Jacarepaguá,FPSA,PR-JBE S-92A,Líder,1799e135-71b5-4383-936d-c5e739b532c5
2026-10-09,509586237,07:15,,Previsto,São Tomé,UMMA / P-51,PR-OTP H175,Omni,3b9c9d81-e4eb-45b6-accb-ab0265a9e0c9
2026-10-09,509585069,07:20,,Previsto,Jacarepaguá,SADI,PR-OOS AW139,Omni,0962d167-24a2-417e-b872-05a042737532
2026-10-09,509585979,07:20,,Previsto,Maricá,NS62,PR-CGK AW139,CHC,2fefa521-8e0f-48a3-82a4-8c39331c6d71
2026-10-09,509585878,07:25,,Previsto,São Tomé,NS44,PR-OTN H175,Omni,f6d2d3d0-188f-48b2-8e88-8dfbc18013a0
2026-10-09,509586106,07:25,,Previsto,Maricá,P-74,PR-OHV AW139,Omni,ed371507-c97a-4ed4-9493-d7a08ea11af3
2026-10-09,509585490,07:30,,Previsto,Maricá,NS38,PR-CGE S-92A,CHC,702870fb-34db-4f5a-a229-48f74c7b8ba6
2026-10-09,509585974,07:30,,Previsto,Jacarepaguá,NS61,PR-OOP H175,Omni,30f47612-d41b-46f8-9c84-fd33fb613340
2026-10-09,509586039,07:30,,Previsto,Vitória,P-57,PR-OHB AW139,Omni,3b700026-ceec-4c4b-8f35-5cc94575a3c2
2026-10-09,509586099,07:30,,Previsto,São Tomé,P-56,PR-OOQ H175,Omni,d1c11dcc-f38d-49df-a1cb-6b119684eeb7
2026-10-09,509586234,07:30,,Previsto,Cabo Frio,SATO,PR-CGT AW139,CHC,8ad66005-9605-4804-a0b1-b771d94159ab
2026-10-09,509585949,07:35,,Previsto,Maricá,UMAC,PR-CGN AW139,Omni,1cbf65dd-abee-4a47-9152-2af9b3664d3f
2026-10-09,509586115,07:40,,Previsto,Vitória,UMGR,PS-BTL AW139,Bristow,5aace2d4-8b75-47b4-95ac-f26d755fc65b
2026-10-09,509586136,07:40,,Previsto,Jacarepaguá,SAES,PR-OHR AW139,Omni,57d15f49-6b02-4dc3-b478-7622e8a2f710
2026-10-09,509585540,07:45,,Previsto,Jacarepaguá,NS47,PR-OTY AW189,Omni,a79efb7c-64cc-4943-add5-bc74903a2a9c
2026-10-09,509586280,08:05,,Previsto,Macapá,SBMQ / SBOI,PR-YXT ATR-72-600,Azul,c6ae3c4b-f612-4239-9593-16b4902be880
2026-10-09,509586117,08:20,,Previsto,Aracaju,PA38 / PA39,PR-AIE H145,Líder,69057e47-2d74-4032-bec7-1224609b307d
2026-10-09,509586048,08:55,,Previsto,São Tomé,P-47,PR-JBP S-92A,Líder,d56259c2-b414-46f7-8e8a-e881c670bd05
2026-10-09,509585535,09:00,,Previsto,Jacarepaguá,UMAR,PR-OHG S-92A,Omni,0b8c5238-e763-4f9e-9180-f5762b0c64d9
2026-10-09,509586045,09:10,,Previsto,Vitória,CDAN,PS-BTA AW139,Bristow,b342ccda-8590-4823-a30a-444c3ddf8411
2026-10-09,509586133,09:10,,Previsto,São Tomé,P-38 / SS75,PS-BTC AW139,Bristow,ba434257-a9f5-41cf-ac9e-4eb02df425c4
2026-10-09,509586093,09:20,,Previsto,Vitória,FPMQ,PS-BTO AW139,Bristow,62663ebe-bae9-48c2-a204-84361ede5fa6
2026-10-09,509586120,09:20,,Previsto,São Tomé,P-19,PR-JHI AW139,Líder,088bdf34-7baf-4ec2-afb1-6a1f1d45abbf
2026-10-09,509585485,09:25,,Previsto,Maricá,FPAB,PR-OOL S-92A,Omni,ba7e4d4c-b72e-4341-af9c-e9293039111c
2026-10-09,509585838,09:25,,Previsto,São Tomé,P-62,PR-CPV S-92A,CHC,a8b453c7-4d49-455e-9f97-d2414db505eb
2026-10-09,509585978,09:30,,Previsto,Maricá,P-77,PR-CHT S-92A,Omni,dbafa468-8ec7-4a90-97f6-7bdeb132f08a
2026-10-09,509586110,09:30,,Previsto,Vitória,NS52,PS-BTK AW139,Bristow,e35a87ee-5cb0-44e2-8496-a32032865df6
2026-10-09,509586113,09:30,,Previsto,São Tomé,P-53,PR-JBI S-92A,Líder,c6e1ee54-512b-4c09-881c-b25f73498ad8
2026-10-09,509585913,09:33,,Previsto,São Tomé,UMVV,PR-CCG S-92A,CHC,da271c61-1904-423a-a55a-b8073ede5d47
2026-10-09,509586049,09:35,,Previsto,São Tomé,P-18,PS-BTJ AW139,Bristow,39d5a433-f3a5-462d-b123-878df921506c
2026-10-09,509586140,09:35,,Previsto,Macaé,UMPC,PR-CGD S-92A,CHC,013cb05a-5764-45d6-ab61-5bd075bf05d9
2026-10-09,509586044,09:40,,Previsto,Macaé,PNA2,PS-BTP AW139,Bristow,e9efce43-9b3f-4118-bc27-8e6a11161660
2026-10-09,509585436,09:45,,Previsto,Maricá,P-75,PR-BGT S-92A,CHC,82dd7456-a90d-444d-bd06-7e33ad5d7265
2026-10-09,509586018,09:45,,Previsto,Macaé,NS58,PS-LSC AW139,CHC,2037096e-db61-40cf-ba54-2c6988005466
2026-10-09,509585839,09:50,,Previsto,São Tomé,UMVV,PR-OFH H175,Omni,859f2253-4555-441a-aa62-3c8620fe3c64
2026-10-09,509585919,09:50,,Previsto,Maricá,P-76,PR-OHK S-92A,Omni,9119e1aa-29f7-4360-b53d-88f706445c14
2026-10-09,509586119,09:50,,Previsto,Aracaju,PA39,PR-AIE H145,Líder,cd3219bc-6032-4b25-8268-9881d12f1c40
2026-10-09,509586210,09:50,,Previsto,Vitória,SS81,PR-OTX AW139,Omni,a7322a65-6831-4069-8d07-7971109a96c0
2026-10-09,509586130,09:55,,Previsto,São Tomé,UMLI,PR-JAA S-92A,Líder,ef175323-f379-491e-b58e-36824b4a4a07
2026-10-09,509585948,10:00,,Previsto,Maricá,NS28,PR-OHN AW139,Omni,8dd70626-99a4-46e1-ad71-e1224cea392a
2026-10-09,509586025,10:00,,Previsto,Cabo Frio,UMPA,PR-CGF S-92A,CHC,17b6f536-91d5-49e6-bc15-43983addb6a7
2026-10-09,509586092,10:00,,Previsto,Vitória,P-58,PR-OHB AW139,Omni,a2a620e6-f39f-4416-97d9-2b42f0ad84bc
2026-10-09,509586107,10:00,,Previsto,Jacarepaguá,SKAU,PR-OHJ AW139,Omni,aa9925c1-60aa-40d4-92d7-3b89ff4c38bd
2026-10-09,509586121,10:00,,Previsto,São Tomé,NS51,PR-JHE AW139,Líder,c1b8614f-b89d-48f3-8394-a9ed8f27946d
2026-10-09,509585972,10:03,,Previsto,Jacarepaguá,FPMA,PR-OON AW189,Omni,2d9c0672-ae5f-4d2d-b8cd-142ffb32fd36
2026-10-09,509586040,10:05,,Previsto,Maricá,P-78,PR-BGB S-92A,Omni,63f227f5-2075-4682-8873-eddfe61fd117
2026-10-09,509586134,10:05,,Previsto,São Tomé,UMPC,PS-BTF AW139,Bristow,e869a0c2-92ce-4d64-88a8-e1205f49a8b4
2026-10-09,509586274,10:05,,Previsto,Cabo Frio,UMCP,PR-OHL AW139,Omni,3e0437a7-a9f7-451d-888a-b7f7b19bcb92
2026-10-09,509586281,10:05,,Previsto,Macapá,SBOI / SBMQ,PR-YXT ATR-72-600,Azul,fecd6802-fd5f-441a-9afc-3cd2cef20d4f
2026-10-09,509585788,10:10,,Previsto,São Tomé,UMVV,PR-OTN H175,Omni,9f53386f-8532-43ca-b129-1ee597c001e8
2026-10-09,509585989,10:10,,Previsto,Maricá,NS40,PR-OOC AW139,Omni,30549de6-3672-4a44-b6a3-2e793d12adb7
2026-10-09,509586042,10:10,,Previsto,Cabo Frio,FPSE,PS-CDR AW139,CHC,d517777f-b9f0-4bb1-8796-e432a8943229
2026-10-09,509586094,10:10,,Previsto,Vitória,UMGR,PS-BTL AW139,Bristow,101f1c09-f575-4bb4-87e4-ee0ce4bdbddc
2026-10-09,509586129,10:10,,Previsto,Oiapoque,NS42,PR-OOX AW189,Omni,53682cc2-bcc3-4b06-b234-c5390490fbee
2026-10-09,509585986,10:15,,Previsto,Jacarepaguá,NS55,PR-OTU AW139,Omni,b6cfdb78-0bd9-4383-8018-478f62683fcd
2026-10-09,509586016,10:15,,Previsto,Cabo Frio,FPGU,PR-CGU AW139,CHC,e1e050c1-457f-486c-8dfb-19b1646da48f
2026-10-09,509586020,10:15,,Previsto,Maricá,P-79,PR-OHV AW139,Omni,82313ccb-825f-47d3-b2e0-cbb2d97e391a
2026-10-09,509586102,10:15,,Previsto,São Tomé,NS32,PR-OOQ H175,Omni,029aeca1-6669-44a0-af28-7183f42c9fd9
2026-10-09,509585504,10:20,,Previsto,Jacarepaguá,P-70,PR-JAR S-92A,Líder,5bf33029-d902-410b-8fa9-075112431be2
2026-10-09,509586011,10:20,,Previsto,Maricá,UMTJ,PR-CGN AW139,Omni,b66cac86-93c2-452a-9681-57df903e88a1
2026-10-09,509585947,10:25,,Previsto,Maricá,FPAT,PR-CGE S-92A,CHC,953eae79-d008-4b52-a62a-5d5d0d38528d
2026-10-09,509586034,10:25,,Previsto,Cabo Frio,UMCP,PR-BGU S-92A,CHC,97ce351f-9815-4a88-beda-17741a43fdc8
2026-10-09,509586104,10:25,,Previsto,Jacarepaguá,P-68,PR-CGO AW139,Omni,980f043f-c53b-4e98-92a1-d8caef9aa49a
2026-10-09,509585516,10:30,,Previsto,Jacarepaguá,FPMR,PR-EPV S-92A,Líder,51b98196-f385-4fc0-b3e1-b6a5fb3dc684
2026-10-09,509586024,10:30,,Previsto,Maricá,FPAB,PR-CGK AW139,CHC,db9c9d78-2079-4f47-aa19-117c667af72a
2026-10-09,509586137,10:30,,Previsto,Oiapoque,NS42,PR-OOY AW189,Omni,ededefb3-7b34-4729-951d-d2b84364a1d3
